market,propertyName,city,country,contactRole,email,phone,website,sourceUrl,verificationStatus
UK,Carmelite Hotel,Aberdeen,United Kingdom,Property,info@carmelitehotels.com,01224 589101,https://www.carmelitehotels.com,https://www.carmelitehotels.com/contact,verified
UK,Leonardo Hotel Aberdeen,Aberdeen,United Kingdom,Property,aberdeen@leonardohotels.com,,https://www.leonardo-hotels.com,https://www.leonardo-hotels.com/aberdeen/leonardo-hotel-aberdeen/faq,verified
UK,Leonardo Hotel Aberdeen Airport,Aberdeen,United Kingdom,Property,aberdeenairport@leonardohotels.com,,https://www.leonardo-hotels.com,https://www.leonardo-hotels.com/aberdeen/leonardo-hotel-and-conference-venue-aberdeen-airport/faq,verified
UK,Leonardo Inn Aberdeen Airport,Aberdeen,United Kingdom,Property,aberdeenairportreservations@leonardohotels.co.uk,,https://www.leonardo-hotels.com,https://www.leonardo-hotels.com/aberdeen/leonardo-inn-hotel-aberdeen-airport/faq,verified
UK,Malmaison Aberdeen,Aberdeen,United Kingdom,Decision maker,groupsdesk@malmaison.com,+44 1224 507 097,https://www.malmaison.com,https://www.malmaison.com/contact-us/,verified
UK,Malmaison Aberdeen,Aberdeen,United Kingdom,Property,aberdeen@malmaison.com,+44 1224 507 097,https://www.malmaison.com,https://www.malmaison.com/contact-us/,verified
UK,The Chester Hotel,Aberdeen,United Kingdom,Property,enquiries@chester-hotel.com,,https://www.chester-hotel.com,https://www.chester-hotel.com/contact,verified
UK,Royal Berkshire,Ascot,United Kingdom,Property,royalberkshire@exclusive.co.uk,,https://www.exclusive.co.uk/royal-berkshire/,https://www.exclusive.co.uk/royal-berkshire/,verified
UK,Ashford International Hotel,Ashford,United Kingdom,Property,ashfordinternationalhotelspa@theqhotelscollection.co.uk,,https://www.ashfordhotel.co.uk,https://www.ashfordhotel.co.uk/,verified
UK,Ashford International Hotel,Ashford,United Kingdom,Sales,events@ashfordinternationalhotel.com,,https://www.ashfordhotel.co.uk,https://www.ashfordhotel.co.uk/,verified
UK,Gleneagles Hotel,Auchterarder,United Kingdom,Sales,playground.planners@gleneagles.com,,https://www.gleneagles.com,https://www.gleneagles.com/contact-us/,verified
UK,Pennyhill Park,Bagshot,United Kingdom,Property,pennyhillpark@exclusive.co.uk,,https://www.exclusive.co.uk/pennyhill-park/,https://www.exclusive.co.uk/pennyhill-park/,verified
UK,The Hampshire Court Hotel,Basingstoke,United Kingdom,Property,hampshirecourthotel@theqhotelscollection.co.uk,,https://www.thehampshirecourthotel.co.uk,https://www.thehampshirecourthotel.co.uk/,verified
UK,The Hampshire Court Hotel,Basingstoke,United Kingdom,Sales,events@thehampshirecourthotel.co.uk,,https://www.thehampshirecourthotel.co.uk,https://www.thehampshirecourthotel.co.uk/,verified
UK,Apex City of Bath Hotel,Bath,United Kingdom,Decision maker,apex.groups@apexhotels.co.uk,+44 1225 418 500,https://www.apexhotels.co.uk,https://www.apexhotels.co.uk/contact-us,verified
UK,Apex City of Bath Hotel,Bath,United Kingdom,Property,bath.reservations@apexhotels.co.uk,+44 1225 418 500,https://www.apexhotels.co.uk,https://www.apexhotels.co.uk/contact-us,verified
UK,No. 15 Bath by GuestHouse,Bath,United Kingdom,Decision maker,no15.reservations@guesthousehotels.co.uk,+44 1225 807015,https://guesthousehotels.co.uk/no-15-bath/,https://guesthousehotels.co.uk/no-15-bath/,verified
UK,No.15 by Guesthouse,Bath,United Kingdom,Property,no15.reception@guesthousehotels.co.uk,,https://www.guesthousehotels.co.uk,https://www.guesthousehotels.co.uk/contact/,verified
UK,THE PIG near Bath,Bath,United Kingdom,Property,reservations@thepighotel.com,0345 225 9494,https://www.thepighotel.com/near-bath/,https://www.thepighotel.com/contact-us/,verified
UK,The Gainsborough Bath Spa,Bath,United Kingdom,Decision maker,reservations@thegainsboroughbathspa.co.uk,+44 1225 358 888,https://www.thegainsboroughbathspa.co.uk,https://www.thegainsboroughbathspa.co.uk/,verified
UK,The Z Hotel Bath,Bath,United Kingdom,Property,bath@thezhotels.com,+44 (0) 1225 613160,https://www.thezhotels.com/hotels/bath/,https://www.thezhotels.com/hotels/bath/,verified
UK,Bullitt Hotel,Belfast,United Kingdom,Property,info@bullitthotel.com,028 9590 0600,https://bullitthotel.com,https://bullitthotel.com/contact,verified
UK,Leonardo Hotel Belfast,Belfast,United Kingdom,Property,belfast@leonardohotels.com,,https://www.leonardo-hotels.com,https://www.leonardo-hotels.com/belfast/leonardo-hotel-belfast/faq,verified
UK,Malmaison Belfast,Belfast,United Kingdom,Decision maker,groupsdesk@malmaison.com,+44 28 9600 1405,https://www.malmaison.com,https://www.malmaison.com/contact-us/,verified
UK,Malmaison Belfast,Belfast,United Kingdom,Property,belfast@malmaison.com,+44 28 9600 1405,https://www.malmaison.com,https://www.malmaison.com/contact-us/,verified
UK,Ten Square Hotel,Belfast,United Kingdom,Property,reservations@tensquare.co.uk,,https://www.tensquare.co.uk,https://www.tensquare.co.uk/contact,verified
UK,The Merchant Hotel,Belfast,United Kingdom,Property,info@themerchanthotel.com,028 9026 2710,https://www.themerchanthotel.com,https://www.themerchanthotel.com/contact-us,verified
UK,Titanic Hotel Belfast,Belfast,United Kingdom,Property,info@titanichotelbelfast.com,028 9508 2000,https://www.titanichotelbelfast.com,https://www.titanichotelbelfast.com/contact-us,verified
UK,Hillscourt Hotel,Birmingham,United Kingdom,Property,info@hillscourt.co.uk,0121 457 6100,https://www.hillscourt.co.uk,https://www.hillscourt.co.uk/contact,verified
UK,Hillscourt Hotel,Birmingham,United Kingdom,Reservations,accommodation@hillscourt.co.uk,0121 457 6100,https://www.hillscourt.co.uk,https://www.hillscourt.co.uk/contact,verified
UK,Hillscourt Hotel,Birmingham,United Kingdom,Sales,functions@hillscourt.co.uk,0121 457 6100,https://www.hillscourt.co.uk,https://www.hillscourt.co.uk/contact,verified
UK,Hotel Holloway,Birmingham,United Kingdom,Property,info@hotelholloway.co.uk,,https://hotelholloway.co.uk,https://hotelholloway.co.uk/contact,verified
UK,Hotel du Vin Birmingham,Birmingham,United Kingdom,Decision maker,groupsdesk@hotelduvin.com,+44 121 794 3005,https://www.hotelduvin.com,https://www.hotelduvin.com/contact-us/,verified
UK,Hotel du Vin Birmingham,Birmingham,United Kingdom,Property,info.birmingham@hotelduvin.com,+44 121 794 3005,https://www.hotelduvin.com,https://www.hotelduvin.com/contact-us/,verified
UK,Leonardo Royal Hotel Birmingham,Birmingham,United Kingdom,Property,birminghamroyal@leonardohotels.com,,https://www.leonardo-hotels.com,https://www.leonardo-hotels.com/birmingham/leonardo-royal-hotel-birmingham/faq,verified
UK,Malmaison Birmingham,Birmingham,United Kingdom,Decision maker,groupsdesk@malmaison.com,+44 121 794 3004,https://www.malmaison.com,https://www.malmaison.com/contact-us/,verified
UK,Malmaison Birmingham,Birmingham,United Kingdom,Property,birmingham@malmaison.com,+44 121 794 3004,https://www.malmaison.com,https://www.malmaison.com/contact-us/,verified
UK,Dalhousie Castle,Bonnyrigg,United Kingdom,Property,info@dalhousiecastle.co.uk,,https://www.dalhousiecastle.co.uk,https://www.dalhousiecastle.co.uk/about/faqs/,verified
UK,Leonardo Hotel Bradford,Bradford,United Kingdom,Property,jurysinnbradford@leonardohotels.co.uk,,https://www.leonardo-hotels.com,https://www.leonardo-hotels.com/bradford/leonardo-hotel-bradford/faq,verified
UK,Monkey Island Estate,Bray-on-Thames,United Kingdom,Decision maker,events@monkeyislandestate.co.uk,,https://www.monkeyislandestate.co.uk,https://www.monkeyislandestate.co.uk/,verified
UK,Monkey Island Estate,Bray-on-Thames,United Kingdom,Property,reservations@monkeyislandestate.co.uk,,https://www.monkeyislandestate.co.uk,https://www.monkeyislandestate.co.uk/,verified
UK,Artist Residence Brighton,Brighton,United Kingdom,Property,brighton@artistresidence.co.uk,,https://www.artistresidence.co.uk,https://www.artistresidence.co.uk/termsandconditions,verified
UK,Drakes Hotel Brighton,Brighton,United Kingdom,Decision maker,richard.hayes@drakeshotel.com,+44 1273 696934,https://drakeshotel.com,https://drakeshotel.com/contact/,verified
UK,Drakes Hotel Brighton,Brighton,United Kingdom,Property,stay@drakeshotel.com,+44 1273 696934,https://drakeshotel.com,https://drakeshotel.com/contact/,verified
UK,Drakes Hotel Brighton,Brighton,United Kingdom,Sales,sales@curioushotels.com,+44 1273 696934,https://drakeshotel.com,https://drakeshotel.com/contact/,verified
UK,Hotel du Vin Brighton,Brighton,United Kingdom,Decision maker,groupsdesk@hotelduvin.com,+44 1273 855 221,https://www.hotelduvin.com,https://www.hotelduvin.com/contact-us/,verified
UK,Hotel du Vin Brighton,Brighton,United Kingdom,Property,reception.brighton@hotelduvin.com,+44 1273 855 221,https://www.hotelduvin.com,https://www.hotelduvin.com/contact-us/,verified
UK,Leonardo Hotel Brighton,Brighton,United Kingdom,Property,brighton@leonardohotels.com,,https://www.leonardo-hotels.com,https://www.leonardo-hotels.com/brighton/leonardo-hotel-brighton/faq,verified
UK,Leonardo Royal Hotel Brighton Waterfront,Brighton,United Kingdom,Property,brightonroyal@leonardohotels.com,,https://www.leonardo-hotels.com,https://www.leonardo-hotels.com/brighton/leonardo-royal-hotel-brighton-waterfront/faq,verified
UK,Malmaison Brighton,Brighton,United Kingdom,Decision maker,groupsdesk@malmaison.com,+44 1273 041 482,https://www.malmaison.com,https://www.malmaison.com/contact-us/,verified
UK,Malmaison Brighton,Brighton,United Kingdom,Property,info@malmaison.com,+44 1273 041 482,https://www.malmaison.com,https://www.malmaison.com/contact-us/,verified
UK,No. 124 Brighton by GuestHouse,Brighton,United Kingdom,Decision maker,no124.events@guesthousehotels.co.uk,,https://guesthousehotels.co.uk,https://guesthousehotels.co.uk/no-124-brighton/,verified
UK,No. 124 Brighton by GuestHouse,Brighton,United Kingdom,Property,no124.reservations@guesthousehotels.co.uk,,https://guesthousehotels.co.uk,https://guesthousehotels.co.uk/no-124-brighton/,verified
UK,myhotel Brighton,Brighton,United Kingdom,Property,brighton@myhotels.com,,https://www.myhotels.com/brighton/,https://www.myhotels.com/contact/,verified
UK,Artist Residence Bristol,Bristol,United Kingdom,Property,bristol@artistresidence.co.uk,,https://www.artistresidence.co.uk,https://www.artistresidence.co.uk/termsandconditions,verified
UK,Hotel du Vin Bristol,Bristol,United Kingdom,Property,info.bristol@hotelduvin.com,,https://www.hotelduvin.com,https://www.hotelduvin.com/contact-us/,verified
UK,Hotel du Vin Bristol,Bristol,United Kingdom,Sales,groupsdesk@hotelduvin.com,,https://www.hotelduvin.com,https://www.hotelduvin.com/contact-us/,verified
UK,Hotel du Vin Bristol Avon Gorge,Bristol,United Kingdom,Decision maker,groupsdesk@hotelduvin.com,+44 117 403 0210,https://www.hotelduvin.com,https://www.hotelduvin.com/contact-us/,verified
UK,Hotel du Vin Bristol Avon Gorge,Bristol,United Kingdom,Property,theteam@hotelduvin.com,+44 117 403 0210,https://www.hotelduvin.com,https://www.hotelduvin.com/contact-us/,verified
UK,Hotel du Vin Bristol City Centre,Bristol,United Kingdom,Decision maker,groupsdesk@hotelduvin.com,+44 117 403 2979,https://www.hotelduvin.com,https://www.hotelduvin.com/contact-us/,verified
UK,Hotel du Vin Bristol City Centre,Bristol,United Kingdom,Property,info.bristol@hotelduvin.com,+44 117 403 2979,https://www.hotelduvin.com,https://www.hotelduvin.com/contact-us/,verified
UK,Leonardo Hotel Bristol City,Bristol,United Kingdom,Property,bristolenquiries@leonardohotels.co.uk,,https://www.leonardo-hotels.com,https://www.leonardo-hotels.com/bristol/leonardo-hotel-bristol-city/faq,verified
UK,Your Stay Bristol Beaufort House,Bristol,United Kingdom,Property,info@yourstaybristol.co.uk,+44 117 973 3046,https://www.yourstaybristol.co.uk,https://www.yourstaybristol.co.uk/contact,verified
UK,Your Stay Bristol Beaufort House,Bristol,United Kingdom,Reservations,reservations@yourstaybristol.co.uk,+44 117 973 3046,https://www.yourstaybristol.co.uk,https://www.yourstaybristol.co.uk/contact,verified
UK,Your Stay Bristol Hamilton Court,Bristol,United Kingdom,Property,reservations@yourstaybristol.co.uk,+44 117 973 3046,https://www.yourstaybristol.co.uk,https://www.yourstaybristol.co.uk/contact,verified
UK,Your Stay Bristol Orchard Gate,Bristol,United Kingdom,Property,reservations@yourstaybristol.co.uk,+44 117 973 3046,https://www.yourstaybristol.co.uk,https://www.yourstaybristol.co.uk/contact,verified
UK,The Lygon Arms,Broadway,United Kingdom,Property,spa.reservations@lygonarmshotel.co.uk,,https://www.iconichotelsresorts.com,https://www.lygonarmshotel.co.uk/contact/,verified
UK,The Lygon Arms,Broadway,United Kingdom,Reservations,reservations@lygonarmshotel.co.uk,,https://www.iconichotelsresorts.com,https://www.lygonarmshotel.co.uk/contact/,verified
UK,The Lygon Arms,Broadway,United Kingdom,Sales,events@lygonarmshotel.co.uk,,https://www.iconichotelsresorts.com,https://www.lygonarmshotel.co.uk/contact/,verified
UK,THE PIG in the New Forest,Brockenhurst,United Kingdom,Property,reservations@thepighotel.com,0345 225 9494,https://www.thepighotel.com/brockenhurst/,https://www.thepighotel.com/contact-us/,verified
UK,Forest Pines Hotel,Broughton,United Kingdom,Property,forestpineshotelspagolfresort@theqhotelscollection.co.uk,,https://www.forestpineshotel.co.uk,https://www.forestpineshotel.co.uk/,verified
UK,Forest Pines Hotel,Broughton,United Kingdom,Sales,events@forestpineshotel.co.uk,,https://www.forestpineshotel.co.uk,https://www.forestpineshotel.co.uk/,verified
UK,The Cambridge Belfry,Cambourne,United Kingdom,Property,cambridgebelfryhotelspa@theqhotelscollection.co.uk,,https://www.thecambridgebelfry.co.uk,https://www.thecambridgebelfry.co.uk/,verified
UK,The Cambridge Belfry,Cambourne,United Kingdom,Sales,events@thecambridgebelfry.co.uk,,https://www.thecambridgebelfry.co.uk,https://www.thecambridgebelfry.co.uk/,verified
UK,Hotel du Vin Cambridge,Cambridge,United Kingdom,Decision maker,groupsdesk@hotelduvin.com,+44 1223 928 991,https://www.hotelduvin.com,https://www.hotelduvin.com/contact-us/,verified
UK,Hotel du Vin Cambridge,Cambridge,United Kingdom,Property,info.cambridge@hotelduvin.com,+44 1223 928 991,https://www.hotelduvin.com,https://www.hotelduvin.com/contact-us/,verified
UK,Locke at Turing Locke,Cambridge,United Kingdom,Property,askturing@lockeliving.com,,https://www.lockeliving.com,https://www.lockeliving.com/en/contact,verified
UK,Turing Locke,Cambridge,United Kingdom,Decision maker,askturing@lockeliving.com,+44 1223 618861,https://www.lockeliving.com,https://www.lockeliving.com/en/help/property-information/how-do-i-contact-locke-hotels,verified
UK,ABode Canterbury,Canterbury,United Kingdom,Property,info@abodecanterbury.co.uk,01227 766 266,https://abodecanterbury.co.uk,https://www.abodehotels.co.uk/contact,verified
UK,House of Agnes,Canterbury,United Kingdom,Property,info@houseofagnes.co.uk,+44 1227 472185,https://www.houseofagnes.co.uk,https://www.houseofagnes.co.uk/,verified
UK,THE PIG at Bridge Place,Canterbury,United Kingdom,Property,reservations@thepighotel.com,0345 225 9494,https://www.thepighotel.com/at-bridge-place/,https://www.thepighotel.com/contact-us/,verified
UK,The Falstaff Hotel,Canterbury,United Kingdom,Property,stay@thefalstaffincanterbury.com,,https://www.thefalstaffincanterbury.com,https://www.thefalstaffincanterbury.com/contact,verified
UK,Aaron Wise Serviced Apartments Cardiff,Cardiff,United Kingdom,Decision maker,info@aaronwise.co.uk,+44 29 2078 2782,https://aaronwise.co.uk,https://aaronwise.co.uk/hotel-room/deluxe-one-bedroom-apartment/,verified
UK,Continental Haven Cardiff,Cardiff,United Kingdom,Decision maker,info@continentalhaven.co.uk,+44 7823 590135,https://continentalhaven.co.uk,https://continentalhaven.co.uk/terms-conditions/,verified
UK,Leonardo Hotel Cardiff,Cardiff,United Kingdom,Property,cardiff@leonardohotels.com,,https://www.leonardo-hotels.com,https://www.leonardo-hotels.com/cardiff/leonardo-hotel-cardiff/faq,verified
UK,Park Lane Aparthotel (Urban Space Cardiff),Cardiff,United Kingdom,Decision maker,info@theurbanspace.co.uk,,https://theurbanspace.co.uk,https://theurbanspace.co.uk/exclusive-use-stays/,verified
UK,The Castle Inn,Castle Combe,United Kingdom,Property,thecastleinn@exclusive.co.uk,,https://www.exclusive.co.uk/the-castle-inn/,https://www.exclusive.co.uk/the-castle-inn/,verified
UK,The Manor House,Castle Combe,United Kingdom,Property,themanorhouse@exclusive.co.uk,,https://www.exclusive.co.uk/the-manor-house/,https://www.exclusive.co.uk/the-manor-house/,verified
UK,Gidleigh Park,Chagford,United Kingdom,Property,info@gidleigh.co.uk,,https://gidleigh.co.uk,https://gidleigh.co.uk/information/,verified
UK,Leonardo Hotel Cheltenham,Cheltenham,United Kingdom,Property,cheltenham@leonardohotels.com,,https://www.leonardo-hotels.com,https://www.leonardo-hotels.com/cheltenham/leonardo-hotel-cheltenham/faq,verified
UK,ABode Chester,Chester,United Kingdom,Property,info@abodechester.co.uk,01244 347 000,https://abodechester.co.uk,https://www.abodehotels.co.uk/contact,verified
UK,ABode Chester,Chester,United Kingdom,Sales,events@abodechester.co.uk,01244 347 000,https://abodechester.co.uk,https://www.abodehotels.co.uk/contact,verified
UK,Leonardo Hotel Chester,Chester,United Kingdom,Property,chester_reservations@leonardohotels.co.uk,,https://www.leonardo-hotels.com,https://www.leonardo-hotels.com/chester/leonardo-hotel-chester/faq,verified
UK,Oddfellows Chester,Chester,United Kingdom,Property,reception@oddfellowschester.com,,https://oddfellowschester.com,https://oddfellowschester.com/,verified
UK,Roomzzz Chester City,Chester,United Kingdom,Property,chestercity@roomzzz.com,,https://roomzzz.com,https://roomzzz.com/contact,verified
UK,Roomzzz Chester City,Chester,United Kingdom,Sales,corporate@roomzzz.com,,https://roomzzz.com,https://roomzzz.com/contact,verified
UK,Lucknam Park Hotel & Spa,Chippenham,United Kingdom,Property,lp.spa@lucknampark.co.uk,,https://www.lucknampark.co.uk,https://www.lucknampark.co.uk/contact/,verified
UK,Lucknam Park Hotel & Spa,Chippenham,United Kingdom,Reservations,lp.reservations@lucknampark.co.uk,,https://www.lucknampark.co.uk,https://www.lucknampark.co.uk/contact/,verified
UK,Lucknam Park Hotel & Spa,Chippenham,United Kingdom,Sales,lp.events@lucknampark.co.uk,,https://www.lucknampark.co.uk,https://www.lucknampark.co.uk/contact/,verified
UK,THE PIG in the Cotswolds,Cirencester,United Kingdom,Property,reservations@thepighotel.com,0345 225 9494,https://www.thepighotel.com/in-the-cotswolds/,https://www.thepighotel.com/contact-us/,verified
UK,Ansty Hall,Coventry,United Kingdom,Property,enquiries@anstyhall.com,,https://www.exclusive.co.uk/ansty-hall/,https://www.exclusive.co.uk/ansty-hall/,verified
UK,Cowley Manor Experimental,Cowley,United Kingdom,Property,relax@cowleymanor.com,,https://www.cowleymanor.com,https://www.cowleymanor.com/contact/,verified
UK,Cowley Manor Experimental,Cowley,United Kingdom,Reservations,reservation@cowleymanor.com,,https://www.cowleymanor.com,https://www.cowleymanor.com/contact/,verified
UK,Cowley Manor Experimental,Cowley,United Kingdom,Sales,events@cowleymanor.com,,https://www.cowleymanor.com,https://www.cowleymanor.com/contact/,verified
UK,Crewe Hall,Crewe,United Kingdom,Property,crewehallhotelspa@theqhotelscollection.co.uk,,https://www.crewehallcheshire.co.uk,https://www.crewehallcheshire.co.uk/,verified
UK,Crewe Hall,Crewe,United Kingdom,Sales,events@crewehallcheshire.co.uk,,https://www.crewehallcheshire.co.uk,https://www.crewehallcheshire.co.uk/,verified
UK,The Westerwood Hotel,Cumbernauld,United Kingdom,Property,glasgowwesterwoodhotelspagolfresort@theqhotelscollection.co.uk,,https://www.thewesterwoodhotel.co.uk,https://www.thewesterwoodhotel.co.uk/,verified
UK,The Westerwood Hotel,Cumbernauld,United Kingdom,Sales,events@thewesterwoodhotel.co.uk,,https://www.thewesterwoodhotel.co.uk,https://www.thewesterwoodhotel.co.uk/,verified
UK,Leonardo Hotel Derby,Derby,United Kingdom,Property,derby@leonardohotels.com,,https://www.leonardo-hotels.com,https://www.leonardo-hotels.com/derby/leonardo-hotel-derby/faq,verified
UK,Loch Ness Lodge,Drumnadrochit,United Kingdom,Property,escape@loch-ness-lodge.com,+44 1456 459469,https://lochnesslodge.cobbshotels.com,https://lochnesslodge.cobbshotels.com/contact,verified
UK,Apex Dunblane Hydro,Dunblane,United Kingdom,Decision maker,apex.groups@apexhotels.co.uk,01786 822551,https://www.apexhotels.co.uk,https://www.apexhotels.co.uk/contact-us,verified
UK,Apex Dunblane Hydro,Dunblane,United Kingdom,Property,dunblane.reservations@apexhotels.co.uk,01786 822551,https://www.apexhotels.co.uk,https://www.apexhotels.co.uk/contact-us,verified
UK,Apex City Quay Hotel & Spa,Dundee,United Kingdom,Decision maker,apex.groups@apexhotels.co.uk,+44 1382 202 404,https://www.apexhotels.co.uk,https://www.apexhotels.co.uk/contact-us,verified
UK,Apex City Quay Hotel & Spa,Dundee,United Kingdom,Property,dundee.reservations@apexhotels.co.uk,+44 1382 202 404,https://www.apexhotels.co.uk,https://www.apexhotels.co.uk/contact-us,verified
UK,Malmaison Dundee,Dundee,United Kingdom,Decision maker,groupsdesk@malmaison.com,+44 1382 339 715,https://www.malmaison.com,https://www.malmaison.com/contact-us/,verified
UK,Malmaison Dundee,Dundee,United Kingdom,Property,reservations.dundee@malmaison.com,+44 1382 339 715,https://www.malmaison.com,https://www.malmaison.com/contact-us/,verified
UK,Gravetye Manor,East Grinstead,United Kingdom,Reservations,info@gravetyemanor.co.uk,,https://www.gravetyemanor.co.uk,https://www.gravetyemanor.co.uk/contact/,verified
UK,Gravetye Manor,East Grinstead,United Kingdom,Sales,events@gravetyemanor.co.uk,,https://www.gravetyemanor.co.uk,https://www.gravetyemanor.co.uk/contact/,verified
UK,Leonardo Hotel East Midlands Airport,East Midlands,United Kingdom,Property,eastmidlands@leonardohotels.com,,https://www.leonardo-hotels.com,https://www.leonardo-hotels.com/east-midlands/leonardo-hotel-east-midlands-airport/faq,verified
UK,100 Princes Street,Edinburgh,United Kingdom,Decision maker,malcolm@100princes-street.com,+44 131 287 3100,https://100princes-street.com,https://100princes-street.com/contact,verified
UK,100 Princes Street,Edinburgh,United Kingdom,Property,bookps@100princes-street.com,+44 131 287 3100,https://100princes-street.com,https://100princes-street.com/contact,verified
UK,100 Princes Street,Edinburgh,United Kingdom,Sales,uksales@rchmail.com,+44 131 287 3100,https://100princes-street.com,https://100princes-street.com/contact,verified
UK,Apex City of Edinburgh Hotel,Edinburgh,United Kingdom,Decision maker,apex.groups@apexhotels.co.uk,+44 131 243 3456,https://www.apexhotels.co.uk,https://www.apexhotels.co.uk/contact-us,verified
UK,Apex City of Edinburgh Hotel,Edinburgh,United Kingdom,Property,edinburgh.reservations@apexhotels.co.uk,+44 131 243 3456,https://www.apexhotels.co.uk,https://www.apexhotels.co.uk/contact-us,verified
UK,Apex Grassmarket Hotel,Edinburgh,United Kingdom,Decision maker,apex.groups@apexhotels.co.uk,+44 131 300 3456,https://www.apexhotels.co.uk,https://www.apexhotels.co.uk/contact-us,verified
UK,Apex Grassmarket Hotel,Edinburgh,United Kingdom,Property,edinburgh.reservations@apexhotels.co.uk,+44 131 300 3456,https://www.apexhotels.co.uk,https://www.apexhotels.co.uk/contact-us,verified
UK,Apex Waterloo Place Hotel,Edinburgh,United Kingdom,Decision maker,apex.groups@apexhotels.co.uk,+44 131 523 1819,https://www.apexhotels.co.uk,https://www.apexhotels.co.uk/contact-us,verified
UK,Apex Waterloo Place Hotel,Edinburgh,United Kingdom,Property,edinburgh.reservations@apexhotels.co.uk,+44 131 523 1819,https://www.apexhotels.co.uk,https://www.apexhotels.co.uk/contact-us,verified
UK,Dakota Hotel Edinburgh,Edinburgh,United Kingdom,Decision maker,reservations@edb.dakotahotels.co.uk,+44 131 319 3690,https://dakotahotels.co.uk,https://dakotahotels.co.uk/edinburgh/faqs,verified
UK,Eden Locke,Edinburgh,United Kingdom,Decision maker,askeden@lockeliving.com,+44 131 526 4190,https://www.lockeliving.com,https://www.lockeliving.com/en/help/property-information/how-do-i-contact-locke-hotels,verified
UK,Fingal,Edinburgh,United Kingdom,Property,reservations@fingal.co.uk,,https://www.fingal.co.uk,https://www.fingal.co.uk/contact-us,verified
UK,Fraser Suites Edinburgh,Edinburgh,United Kingdom,Sales,sales.edinburgh@frasershospitality.com,,https://www.frasershospitality.com,https://www.frasershospitality.com/en/united-kingdom/edinburgh/fraser-suites-edinburgh/,verified
UK,Hotel du Vin Edinburgh,Edinburgh,United Kingdom,Decision maker,groupsdesk@hotelduvin.com,+44 131 285 1479,https://www.hotelduvin.com,https://www.hotelduvin.com/contact-us/,verified
UK,Hotel du Vin Edinburgh,Edinburgh,United Kingdom,Property,reception.edinburgh@hotelduvin.com,+44 131 285 1479,https://www.hotelduvin.com,https://www.hotelduvin.com/contact-us/,verified
UK,KM Hotel,Edinburgh,United Kingdom,Property,reservations@ed.ac.uk,,https://www.uoecollection.com,https://www.uoecollection.com/hotels/km-hotel/contact-us/,verified
UK,Leonardo Hotel Edinburgh City,Edinburgh,United Kingdom,Property,edinburghcityreservations@leonardohotels.co.uk,,https://www.leonardo-hotels.com,https://www.leonardo-hotels.com/edinburgh/leonardo-hotel-edinburgh-city/faq,verified
UK,Leonardo Hotel Edinburgh Haymarket,Edinburgh,United Kingdom,Property,reservations@leonardohotels.co.uk,,https://www.leonardo-hotels.com,https://www.leonardo-hotels.com/edinburgh/leonardo-hotel-edinburgh-haymarket/faq,verified
UK,Leonardo Hotel Edinburgh Murrayfield,Edinburgh,United Kingdom,Property,edinburghmurrayfieldreservations@leonardohotels.co.uk,,https://www.leonardo-hotels.com,https://www.leonardo-hotels.com/edinburgh/leonardo-hotel-edinburgh-murrayfield/faq,verified
UK,Leonardo Royal Hotel Edinburgh,Edinburgh,United Kingdom,Property,edinburghroyal@leonardohotels.com,,https://www.leonardo-hotels.com,https://www.leonardo-hotels.com/edinburgh/leonardo-royal-hotel-edinburgh/faq,verified
UK,Malmaison Edinburgh,Edinburgh,United Kingdom,Decision maker,groupsdesk@malmaison.com,+44 131 285 1478,https://www.malmaison.com,https://www.malmaison.com/contact-us/,verified
UK,Malmaison Edinburgh,Edinburgh,United Kingdom,Property,edinburgh@malmaison.com,+44 131 285 1478,https://www.malmaison.com,https://www.malmaison.com/contact-us/,verified
UK,Motel One Edinburgh Princes,Edinburgh,United Kingdom,Property,edinburgh-princes@motel-one.com,,https://www.motel-one.com,https://www.motel-one.com/en/hotels/edinburgh/hotel-edinburgh-princes/,verified
UK,Motel One Edinburgh Royal,Edinburgh,United Kingdom,Property,edinburgh-royal@motel-one.com,,https://www.motel-one.com,https://www.motel-one.com/en/hotels/edinburgh/hotel-edinburgh-royal/,verified
UK,Point A Edinburgh Haymarket,Edinburgh,United Kingdom,Property,edinburgh@pointahotels.com,+44131 526 4500,https://www.pointahotels.com/our-hotels/edinburgh/,https://www.pointahotels.com/our-hotels/edinburgh/,verified
UK,Point A Edinburgh St Andrew Square,Edinburgh,United Kingdom,Property,edinburgh.standrew@pointahotels.com,0131 363 0050,https://www.pointahotels.com/our-hotels/st-andrew-square/,https://www.pointahotels.com/our-hotels/st-andrew-square/,verified
UK,Prestonfield Edinburgh,Edinburgh,United Kingdom,Property,events@prestonfield.com,,https://www.prestonfield.com,https://www.prestonfield.com/,verified
UK,Prestonfield House Hotel,Edinburgh,United Kingdom,Property,info@prestonfield.com,,https://www.prestonfield.com,https://www.prestonfield.com/contact-us,verified
UK,Roomzzz Edinburgh,Edinburgh,United Kingdom,Property,edinburgh@roomzzz.com,,https://roomzzz.com,https://roomzzz.com/contact,verified
UK,Roomzzz Edinburgh,Edinburgh,United Kingdom,Sales,corporate@roomzzz.com,,https://roomzzz.com,https://roomzzz.com/contact,verified
UK,Simpson's Townhouse Edinburgh,Edinburgh,United Kingdom,Property,simpsontownhouseedinburghreservations@leonardohotels.co.uk,,https://www.leonardo-hotels.com,https://www.leonardo-hotels.com/edinburgh/leonardo-hotel-edinburgh-city/faq,verified
UK,Ten Hill Place Hotel,Edinburgh,United Kingdom,Property,reservations@tenhillplace.com,+44 131 662 2080,https://www.tenhillplace.com,https://www.tenhillplace.com/contact,verified
UK,The Bonham,Edinburgh,United Kingdom,Reservations,reservations@thebonham.com,,https://thebonham.com,https://thebonham.com/contact/,verified
UK,The Bonham,Edinburgh,United Kingdom,Sales,events@thebonham.com,,https://thebonham.com,https://thebonham.com/contact/,verified
UK,The Bonham Hotel,Edinburgh,United Kingdom,Property,reception@thebonham.com,,https://www.thebonham.com,https://www.thebonham.com/contact,verified
UK,The Bruntsfield Hotel,Edinburgh,United Kingdom,Decision maker,reservations@thebruntsfield.co.uk,+44 131 230 0822,https://www.thebruntsfield.co.uk,https://www.thebruntsfield.co.uk/frequently-asked-questions,verified
UK,"The Hoxton, Edinburgh",Edinburgh,United Kingdom,Decision maker,events.edinburgh@thehox.com,+44 131 297 2840,https://thehoxton.com,https://thehoxton.com/edinburgh/house/,verified
UK,"The Hoxton, Edinburgh",Edinburgh,United Kingdom,Property,hello.edinburgh@thehox.com,+44 131 297 2840,https://thehoxton.com,https://thehoxton.com/edinburgh/house/,verified
UK,"The Hoxton, Edinburgh",Edinburgh,United Kingdom,Reservations,book.edinburgh@thehox.com,+44 131 297 2840,https://thehoxton.com,https://thehoxton.com/edinburgh/house/,verified
UK,The Witchery by the Castle,Edinburgh,United Kingdom,Property,info@thewitchery.com,,https://www.thewitchery.com,https://www.thewitchery.com/,verified
UK,UOE Collection,Edinburgh,United Kingdom,Reservations,uoecollection@ed.ac.uk,,https://www.uoecollection.com,https://www.uoecollection.com/contact-us/,verified
UK,UOE Collection,Edinburgh,United Kingdom,Sales,events@ed.ac.uk,,https://www.uoecollection.com,https://www.uoecollection.com/contact-us/,verified
UK,Virgin Hotels Edinburgh,Edinburgh,United Kingdom,Property,info.edinburgh@virginhotels.com,0131 526 4810,https://virginhotels.com,https://virginhotels.com/edinburgh/contact-us/,verified
UK,Virgin Hotels Edinburgh,Edinburgh,United Kingdom,Reservations,stay.edinburgh@virginhotels.com,0131 526 4810,https://virginhotels.com,https://virginhotels.com/edinburgh/contact-us/,verified
UK,Virgin Hotels Edinburgh,Edinburgh,United Kingdom,Sales,sales.edinburgh@virginhotels.com,0131 526 4810,https://virginhotels.com,https://virginhotels.com/edinburgh/contact-us/,verified
UK,YOTEL Edinburgh,Edinburgh,United Kingdom,Reservations,edi.reservations@yotel.com,0131 526 4950,https://www.yotel.com,https://www.yotel.com/en/hotels/yotel-edinburgh,verified
UK,YOTEL Edinburgh,Edinburgh,United Kingdom,Sales,edi.groups@yotel.com,0131 526 4950,https://www.yotel.com,https://www.yotel.com/en/hotels/yotel-edinburgh,verified
UK,Hotel du Vin Exeter,Exeter,United Kingdom,Decision maker,groupsdesk@hotelduvin.com,+44 1392 790 120,https://www.hotelduvin.com,https://www.hotelduvin.com/contact-us/,verified
UK,Hotel du Vin Exeter,Exeter,United Kingdom,Property,reception.exeter@hotelduvin.com,+44 1392 790 120,https://www.hotelduvin.com,https://www.hotelduvin.com/contact-us/,verified
UK,Leonardo Hotel Exeter,Exeter,United Kingdom,Property,exeter@leonardohotels.com,,https://www.leonardo-hotels.com,https://www.leonardo-hotels.com/exeter/leonardo-hotel-exeter/faq,verified
UK,Leonardo Hotel Exeter,Exeter,United Kingdom,Sales,leonardomeetings@leonardohotels.com,,https://www.leonardo-hotels.com,https://www.leonardo-hotels.com/exeter/leonardo-hotel-exeter/faq,verified
UK,Southernhay House Hotel,Exeter,United Kingdom,Property,home@southernhayhouse.com,01392 439000,https://www.southernhayhouse.com,https://www.southernhayhouse.com/about-us,verified
UK,Apex City of Glasgow Hotel,Glasgow,United Kingdom,Decision maker,apex.groups@apexhotels.co.uk,+44 141 375 3333,https://www.apexhotels.co.uk,https://www.apexhotels.co.uk/contact-us,verified
UK,Apex City of Glasgow Hotel,Glasgow,United Kingdom,Property,glasgow.reservations@apexhotels.co.uk,+44 141 375 3333,https://www.apexhotels.co.uk,https://www.apexhotels.co.uk/contact-us,verified
UK,Dakota Hotel Glasgow,Glasgow,United Kingdom,Decision maker,reservations@gla.dakotahotels.co.uk,,https://dakotahotels.co.uk,https://dakotahotels.co.uk/glasgow/faqs,verified
UK,Fraser Suites Glasgow,Glasgow,United Kingdom,Sales,sales.glasgow@frasershospitality.com,,https://www.frasershospitality.com,https://www.frasershospitality.com/en/united-kingdom/glasgow/fraser-suites-glasgow/,verified
UK,Hotel du Vin Glasgow,Glasgow,United Kingdom,Decision maker,groupsdesk@hotelduvin.com,+44 141 378 0385,https://www.hotelduvin.com,https://www.hotelduvin.com/contact-us/,verified
UK,Hotel du Vin Glasgow,Glasgow,United Kingdom,Property,reception.glasgow@hotelduvin.com,+44 141 378 0385,https://www.hotelduvin.com,https://www.hotelduvin.com/contact-us/,verified
UK,Leonardo Inn Glasgow West End,Glasgow,United Kingdom,Property,glasgowwestendreservations@leonardohotels.co.uk,,https://www.leonardo-hotels.com,https://www.leonardo-hotels.com/glasgow/leonardo-inn-hotel-glasgow-west-end/faq,verified
UK,Leonardo Royal Hotel Glasgow,Glasgow,United Kingdom,Property,glasgow@leonardohotels.com,,https://www.leonardo-hotels.com,https://www.leonardo-hotels.com/glasgow/leonardo-royal-hotel-glasgow/faq,verified
UK,Malmaison Glasgow,Glasgow,United Kingdom,Decision maker,groupsdesk@malmaison.com,+44 141 572 1000,https://www.malmaison.com,https://www.malmaison.com/contact-us/,verified
UK,Malmaison Glasgow,Glasgow,United Kingdom,Property,glasgow@malmaison.com,+44 141 572 1000,https://www.malmaison.com,https://www.malmaison.com/contact-us/,verified
UK,Motel One Glasgow,Glasgow,United Kingdom,Property,glasgow@motel-one.com,+44 141 468 0450,https://www.motel-one.com,https://www.motel-one.com/en/hotels/glasgow/,verified
UK,Native Glasgow,Glasgow,United Kingdom,Property,enquiries@nativeplaces.com,0141 288 7730,https://nativeplaces.com,https://nativeplaces.com/contact/,verified
UK,Point A Glasgow,Glasgow,United Kingdom,Property,glasgow@pointahotels.com,+44141 352 2650,https://www.pointahotels.com/our-hotels/glasgow/,https://www.pointahotels.com/our-hotels/glasgow/,verified
UK,The Z Hotel Glasgow,Glasgow,United Kingdom,Property,glasgow@thezhotels.com,+44 (0) 141 212 4550,https://www.thezhotels.com/hotels/glasgow/,https://www.thezhotels.com/hotels/glasgow/,verified
UK,YOTEL Glasgow,Glasgow,United Kingdom,Sales,gla.groups@yotel.com,,https://www.yotel.com,https://www.yotel.com/en/hotels/yotel-glasgow,verified
UK,Hotel du Vin Harrogate,Harrogate,United Kingdom,Decision maker,groupsdesk@hotelduvin.com,+44 1423 608 121,https://www.hotelduvin.com,https://www.hotelduvin.com/contact-us/,verified
UK,Hotel du Vin Harrogate,Harrogate,United Kingdom,Property,reception.harrogate@hotelduvin.com,+44 1423 608 121,https://www.hotelduvin.com,https://www.hotelduvin.com/contact-us/,verified
UK,Feversham Arms Hotel,Helmsley,United Kingdom,Property,stay@fevershamarmshotel.com,,https://www.fevershamarmshotel.com,https://www.fevershamarmshotel.com/,verified
UK,Hotel du Vin Henley-on-Thames,Henley-on-Thames,United Kingdom,Decision maker,groupsdesk@hotelduvin.com,+44 1491 877 579,https://www.hotelduvin.com,https://www.hotelduvin.com/contact-us/,verified
UK,Hotel du Vin Henley-on-Thames,Henley-on-Thames,United Kingdom,Property,info.henley@hotelduvin.com,+44 1491 877 579,https://www.hotelduvin.com,https://www.hotelduvin.com/contact-us/,verified
UK,Slaley Hall,Hexham,United Kingdom,Property,slaleyhallhotelspagolfresort@theqhotelscollection.co.uk,,https://www.slaleyhallhotel.com,https://www.slaleyhallhotel.com/,verified
UK,Slaley Hall,Hexham,United Kingdom,Sales,events@slaleyhallhotel.com,,https://www.slaleyhallhotel.com,https://www.slaleyhallhotel.com/,verified
UK,Leonardo Hotel Hinckley Island,Hinckley,United Kingdom,Property,hinckleyisland@leonardohotels.com,,https://www.leonardo-hotels.com,https://www.leonardo-hotels.com/hinckley/leonardo-hotel-and-conference-venue-hinckley-island/faq,verified
UK,Leonardo Hotel Hinckley Island,Hinckley,United Kingdom,Sales,hinckleyisland_conference@leonardohotels.com,,https://www.leonardo-hotels.com,https://www.leonardo-hotels.com/hinckley/leonardo-hotel-and-conference-venue-hinckley-island/faq,verified
UK,The Black Swan Hollins Green,Hollins Green,United Kingdom,Property,reception@theblackswan.co.uk,+44 161 222 4444,https://www.theblackswan.co.uk,https://www.theblackswan.co.uk/contact/,verified
UK,THE PIG at Combe,Honiton,United Kingdom,Property,reservations@thepighotel.com,0345 225 9494,https://www.thepighotel.com/at-combe/,https://www.thepighotel.com/contact-us/,verified
UK,South Lodge,Horsham,United Kingdom,Property,southlodge@exclusive.co.uk,,https://www.exclusive.co.uk/south-lodge/,https://www.exclusive.co.uk/south-lodge/,verified
UK,Heathmount Hotel,Inverness,United Kingdom,Property,info@heathmounthotel.com,01463 235877,https://heathmounthotel.com,https://heathmounthotel.com/,verified
UK,Leonardo Hotel Inverness,Inverness,United Kingdom,Property,inverness@leonardohotels.com,,https://www.leonardo-hotels.com,https://www.leonardo-hotels.com/inverness/leonardo-hotel-inverness/faq,verified
UK,Ness Walk Inverness,Inverness,United Kingdom,Property,angus.macleod@nesswalk.com,01463215215,https://www.nesswalk.com,https://www.nesswalk.com/,verified
UK,Rocpool Reserve Hotel,Inverness,United Kingdom,Property,info@rocpool.com,+44 1463 240089,https://www.rocpool.com,https://www.rocpool.com/contact,verified
UK,Beaverbrook,Leatherhead,United Kingdom,Property,info@beaverbrook.co.uk,,https://www.beaverbrook.co.uk,https://www.beaverbrook.co.uk/contact/,verified
UK,Dakota Hotel Leeds,Leeds,United Kingdom,Decision maker,events@lds.dakotahotels.co.uk,+44 113 322 6261,https://dakotahotels.co.uk,https://dakotahotels.co.uk/leeds/faqs,verified
UK,Dakota Hotel Leeds,Leeds,United Kingdom,Property,reservations@lds.dakotahotels.co.uk,+44 113 322 6261,https://dakotahotels.co.uk,https://dakotahotels.co.uk/leeds/faqs,verified
UK,Dakota Leeds,Leeds,United Kingdom,Property,reception@lds.dakotahotels.co.uk,,https://dakotahotels.co.uk/leeds/faqs,https://dakotahotels.co.uk/leeds/faqs,verified
UK,Haley's Hotel,Leeds,United Kingdom,Decision maker,info@haleys.co.uk,+44 113 278 4446,https://haleys.co.uk,https://haleys.co.uk/contact,verified
UK,Leonardo Hotel Leeds,Leeds,United Kingdom,Property,leeds@leonardohotels.com,,https://www.leonardo-hotels.com,https://www.leonardo-hotels.com/leeds/leonardo-hotel-leeds/faq,verified
UK,Oulton Hall,Leeds,United Kingdom,Property,oultonhallhotelspagolfresort@theqhotelscollection.co.uk,,https://www.oultonhallhotel.co.uk,https://www.oultonhallhotel.co.uk/,verified
UK,Oulton Hall,Leeds,United Kingdom,Sales,events@oultonhallhotel.co.uk,,https://www.oultonhallhotel.co.uk,https://www.oultonhallhotel.co.uk/,verified
UK,Roomzzz,Leeds,United Kingdom,Reservations,reservations@roomzzz.com,,https://www.roomzzz.com,https://www.roomzzz.com/contact/,verified
UK,Roomzzz,Leeds,United Kingdom,Sales,corporate@roomzzz.com,,https://www.roomzzz.com,https://www.roomzzz.com/contact/,verified
UK,Roomzzz Leeds City,Leeds,United Kingdom,Property,leedscity@roomzzz.com,,https://roomzzz.com,https://roomzzz.com/contact,verified
UK,Roomzzz Leeds City,Leeds,United Kingdom,Sales,corporate@roomzzz.com,,https://roomzzz.com,https://roomzzz.com/contact,verified
UK,Roomzzz Leeds City West,Leeds,United Kingdom,Property,leedscitywest@roomzzz.com,,https://roomzzz.com,https://roomzzz.com/contact,verified
UK,Roomzzz Leeds City West,Leeds,United Kingdom,Sales,corporate@roomzzz.com,,https://roomzzz.com,https://roomzzz.com/contact,verified
UK,Roomzzz Leeds Headingley,Leeds,United Kingdom,Property,leedsheadingley@roomzzz.com,,https://roomzzz.com,https://roomzzz.com/contact,verified
UK,Roomzzz Leeds Headingley,Leeds,United Kingdom,Sales,corporate@roomzzz.com,,https://roomzzz.com,https://roomzzz.com/contact,verified
UK,Central Station Hotel Liverpool,Liverpool,United Kingdom,Decision maker,info@centralstationhotel.co.uk,+44 151 317 9060,https://www.centralstationhotel.co.uk,https://www.centralstationhotel.co.uk/,verified
UK,Cove Paradise Street,Liverpool,United Kingdom,Decision maker,ask.paradisestreet@staycove.com,+44 151 245 2329,https://www.lockeliving.com,https://www.lockeliving.com/en/contact-us,verified
UK,Leonardo Hotel Liverpool,Liverpool,United Kingdom,Property,liverpool@leonardohotels.com,,https://www.leonardo-hotels.com,https://www.leonardo-hotels.com/liverpool/leonardo-hotel-liverpool/faq,verified
UK,Malmaison Liverpool,Liverpool,United Kingdom,Decision maker,groupsdesk@malmaison.com,+44 151 363 3640,https://www.malmaison.com,https://www.malmaison.com/contact-us/,verified
UK,Malmaison Liverpool,Liverpool,United Kingdom,Property,liverpool@malmaison.com,+44 151 363 3640,https://www.malmaison.com,https://www.malmaison.com/contact-us/,verified
UK,The Z Hotel Liverpool,Liverpool,United Kingdom,Property,liverpool@thezhotels.com,+44 (0) 151 556 1770,https://www.thezhotels.com/hotels/liverpool/,https://www.thezhotels.com/hotels/liverpool/,verified
UK,Cameron House,Loch Lomond,United Kingdom,Property,reservations@cameronhouse.co.uk,,https://www.cameronhouse.co.uk,https://www.cameronhouse.co.uk/,verified
UK,11 Cadogan Gardens,London,United Kingdom,Reservations,reservations@11cadogangardens.com,,https://www.iconichotelsresorts.com,https://www.11cadogangardens.com/contact/,verified
UK,11 Cadogan Gardens,London,United Kingdom,Sales,sales@11cadogangardens.com,,https://www.iconichotelsresorts.com,https://www.11cadogangardens.com/contact/,verified
UK,37GS Residences,London,United Kingdom,Decision maker,stay@37gsresidences.com,+44 20 8158 3244,https://booking.37gsresidences.com,https://booking.37gsresidences.com/,verified
UK,41 Hotel,London,United Kingdom,Property,malcolm41@41hotel.com,+442073000041,https://www.41hotel.com,https://www.41hotel.com/contact,verified
UK,41 Hotel London,London,United Kingdom,Property,book41@41hotel.com,,https://www.41hotel.com,https://www.41hotel.com/,verified
UK,Ampersand Hotel,London,United Kingdom,Reservations,stay@ampersandhotel.com,+44 (0) 207 589 5895,https://www.ampersandhotel.com,https://www.ampersandhotel.com/contact/,verified
UK,Ampersand Hotel,London,United Kingdom,Sales,events@ampersandhotel.com,+44 (0) 207 589 5895,https://www.ampersandhotel.com,https://www.ampersandhotel.com/contact/,verified
UK,Apex City of London Hotel,London,United Kingdom,Decision maker,apex.groups@apexhotels.co.uk,+44 20 7702 2020,https://www.apexhotels.co.uk,https://www.apexhotels.co.uk/contact-us,verified
UK,Apex City of London Hotel,London,United Kingdom,Property,london.reservations@apexhotels.co.uk,+44 20 7702 2020,https://www.apexhotels.co.uk,https://www.apexhotels.co.uk/contact-us,verified
UK,Apex Temple Court Hotel,London,United Kingdom,Decision maker,apex.groups@apexhotels.co.uk,+44 20 3004 4141,https://www.apexhotels.co.uk,https://www.apexhotels.co.uk/contact-us,verified
UK,Apex Temple Court Hotel,London,United Kingdom,Property,london.reservations@apexhotels.co.uk,+44 20 3004 4141,https://www.apexhotels.co.uk,https://www.apexhotels.co.uk/contact-us,verified
UK,Artist Residence London,London,United Kingdom,Property,london@artistresidence.co.uk,020 3019 8610,https://www.artistresidence.co.uk,https://www.artistresidence.co.uk/termsandconditions,verified
UK,Bankside Hotel,London,United Kingdom,Property,reception@banksidehotel.com,,https://www.banksidehotel.com,https://www.banksidehotel.com/contact/,verified
UK,Batty Langley's,London,United Kingdom,Property,reservations@battylangleys.co.uk,,https://www.battylangleys.com,https://www.battylangleys.com/contact,verified
UK,Bermonds Locke,London,United Kingdom,Decision maker,askbermonds@lockeliving.com,+44 20 7052 7170,https://www.lockeliving.com,https://www.lockeliving.com/en/help/property-information/how-do-i-contact-locke-hotels,verified
UK,Blakes Hotel,London,United Kingdom,Property,enquiries@blakeslondon.com,,https://www.blakeslondon.com,https://www.blakeslondon.com/contact/,verified
UK,Buckle Street Studios by Locke,London,United Kingdom,Decision maker,askbucklestreet@lockeliving.com,+44 20 3327 7142,https://www.lockeliving.com,https://www.lockeliving.com/en/help/property-information/how-do-i-contact-locke-hotels,verified
UK,Charlotte Street Hotel,London,United Kingdom,Decision maker,sabinealtschaeffl@firmdale.com,+44 (0)20 7806 2000,https://www.firmdalehotels.com,https://www.firmdalehotels.com/hotels/charlotte-street-hotel/contacts-faqs,verified
UK,Charlotte Street Hotel,London,United Kingdom,Property,reservations@charlottestreethotel.com,+44 (0)20 7806 2000,https://www.firmdalehotels.com,https://www.firmdalehotels.com/hotels/charlotte-street-hotel/contacts-faqs,verified
UK,Charlotte Street Hotel,London,United Kingdom,Sales,sales@firmdale.com,+44 (0)20 7806 2000,https://www.firmdalehotels.com,https://www.firmdalehotels.com/hotels/charlotte-street-hotel/contacts-faqs,verified
UK,Cheval Collection (central),London,United Kingdom,Decision maker,reservations@chevalcollection.com,+44 20 7341 7052,https://www.chevalcollection.com,https://www.chevalcollection.com/contact-us/,verified
UK,Cheval Collection (central),London,United Kingdom,Property,info@chevalcollection.com,+44 20 7341 7052,https://www.chevalcollection.com,https://www.chevalcollection.com/contact-us/,verified
UK,Cheval Knightsbridge,London,United Kingdom,Decision maker,frontoffice.ck@chevalresidences.com,+44 20 7225 3325,https://www.chevalcollection.com/cheval-knightsbridge/,https://www.chevalcollection.com/cheval-knightsbridge/contact-us/,verified
UK,Cheval Knightsbridge,London,United Kingdom,Reservations,reservations@chevalcollection.com,+44 20 7225 3325,https://www.chevalcollection.com/cheval-knightsbridge/,https://www.chevalcollection.com/cheval-knightsbridge/contact-us/,verified
UK,Cheval Thorney Court,London,United Kingdom,Decision maker,frontoffice.ctc@chevalresidences.com,+44 20 7581 5324,https://www.chevalcollection.com/cheval-thorney-court/,https://www.chevalcollection.com/cheval-thorney-court/contact-us/,verified
UK,Cheval Thorney Court,London,United Kingdom,Reservations,reservations@chevalcollection.com,+44 20 7581 5324,https://www.chevalcollection.com/cheval-thorney-court/,https://www.chevalcollection.com/cheval-thorney-court/contact-us/,verified
UK,Cheval Three Quays,London,United Kingdom,Decision maker,frontoffice.ctq@chevalresidences.com,+44 20 3725 5333,https://www.chevalcollection.com/cheval-three-quays/,https://www.chevalcollection.com/cheval-three-quays/contact-us/,verified
UK,Cheval Three Quays,London,United Kingdom,Reservations,reservations@chevalcollection.com,+44 20 3725 5333,https://www.chevalcollection.com/cheval-three-quays/,https://www.chevalcollection.com/cheval-three-quays/contact-us/,verified
UK,Claridge's (Maybourne),London,United Kingdom,Decision maker,tkochs@claridges.co.uk,+44 20 7629 8860,https://www.maybourne.com,https://www.maybourne.com/en/about-us/contact,verified
UK,Claridge's (Maybourne),London,United Kingdom,Property,info@claridges.co.uk,+44 20 7629 8860,https://www.maybourne.com,https://www.maybourne.com/en/about-us/contact,verified
UK,Claridge's (Maybourne),London,United Kingdom,Reservations,claridges.reservations@maybourne.com,+44 20 7629 8860,https://www.maybourne.com,https://www.maybourne.com/en/about-us/contact,verified
UK,Corinthia London,London,United Kingdom,Property,london@corinthia.com,+44 20 7930 8181,https://www.corinthia.com,https://www.corinthia.com/en/hotels/london/,verified
UK,Corinthia London,London,United Kingdom,Reservations,reservations.london@corinthia.com,+44 20 7930 8181,https://www.corinthia.com,https://www.corinthia.com/en/hotels/london/,verified
UK,Corinthia London,London,United Kingdom,Sales,events.london@corinthia.com,+44 20 7930 8181,https://www.corinthia.com,https://www.corinthia.com/en/hotels/london/,verified
UK,Cove Cannon Street,London,United Kingdom,Decision maker,ask.cannonstreet@staycove.com,+44 20 3327 4710,https://www.lockeliving.com,https://www.lockeliving.com/en/contact-us,verified
UK,Cove Huntingdon House,London,United Kingdom,Decision maker,ask.huntingdonhouse@staycove.com,+44 20 7269 6550,https://www.lockeliving.com,https://www.lockeliving.com/en/contact-us,verified
UK,Cove Landmark Pinnacle,London,United Kingdom,Decision maker,ask.landmarkpinnacle@staycove.com,+44 20 3972 4169,https://www.lockeliving.com,https://www.lockeliving.com/en/contact-us,verified
UK,Cove The Moorgate,London,United Kingdom,Property,ask.themoorgate@staycove.com,,https://www.lockeliving.com,https://www.lockeliving.com/en/contact,verified
UK,Covent Garden Hotel,London,United Kingdom,Decision maker,hellejensen@firmdale.com,+44 (0)20 7806 1000,https://www.firmdalehotels.com,https://www.firmdalehotels.com/hotels/covent-garden-hotel/contacts-faqs,verified
UK,Covent Garden Hotel,London,United Kingdom,Property,reservations@coventgardenhotel.co.uk,+44 (0)20 7806 1000,https://www.firmdalehotels.com,https://www.firmdalehotels.com/hotels/covent-garden-hotel/contacts-faqs,verified
UK,Covent Garden Hotel,London,United Kingdom,Sales,sales@firmdale.com,+44 (0)20 7806 1000,https://www.firmdalehotels.com,https://www.firmdalehotels.com/hotels/covent-garden-hotel/contacts-faqs,verified
UK,Dorset Square Hotel,London,United Kingdom,Decision maker,lucaperletti@firmdale.com,,https://www.firmdalehotels.com,https://www.firmdalehotels.com/hotels/dorset-square-hotel/contacts-faqs,verified
UK,Dorset Square Hotel,London,United Kingdom,Property,reservations@dorsetsquarehotel.com,,https://www.firmdalehotels.com,https://www.firmdalehotels.com/hotels/dorset-square-hotel/contacts-faqs,verified
UK,Dorset Square Hotel,London,United Kingdom,Sales,sales@firmdale.com,,https://www.firmdalehotels.com,https://www.firmdalehotels.com/hotels/dorset-square-hotel/contacts-faqs,verified
UK,Durrants Hotel,London,United Kingdom,Property,enquiries@durrantshotel.co.uk,,https://www.durrantshotel.co.uk,https://www.durrantshotel.co.uk/contact/,verified
UK,Eccleston Square Hotel,London,United Kingdom,Property,stay@ecclestonsquarehotel.com,,https://www.ecclestonsquarehotel.com,https://www.ecclestonsquarehotel.com/contact/,verified
UK,Egerton House Hotel,London,United Kingdom,Property,bookeg@egertonhousehotel.com,,https://www.egertonhousehotel.com,https://www.egertonhousehotel.com/contact/,verified
UK,Ember Locke,London,United Kingdom,Decision maker,askember@lockeliving.com,+44 20 7052 7175,https://www.lockeliving.com,https://www.lockeliving.com/en/help/property-information/how-do-i-contact-locke-hotels,verified
UK,Firmdale Hotels,London,United Kingdom,Sales,sales@firmdale.com,,https://www.firmdalehotels.com,https://www.firmdalehotels.com/contact-us,verified
UK,Fraser Place Queen's Gate,London,United Kingdom,Property,queensgate@frasershospitality.com,,https://www.frasershospitality.com,https://www.frasershospitality.com/en/contact-us/,verified
UK,Fraser Residence Canary Wharf,London,United Kingdom,Property,canarywharf@frasershospitality.com,,https://www.frasershospitality.com,https://www.frasershospitality.com/en/contact-us/,verified
UK,Fraser Suites Kensington,London,United Kingdom,Property,kensington@frasershospitality.com,,https://www.frasershospitality.com,https://www.frasershospitality.com/en/contact-us/,verified
UK,Frasers Hospitality UK,London,United Kingdom,Property,reservations.uk@frasershospitality.com,,https://www.frasershospitality.com,https://www.frasershospitality.com/en/contact-us/,verified
UK,Grand Plaza Serviced Apartments,London,United Kingdom,Decision maker,reservations@grandplazaemail.co.uk,+44 20 7985 8000,https://grand-plaza.co.uk,https://grand-plaza.co.uk/faq/,verified
UK,Great Northern Hotel,London,United Kingdom,Property,reservations@greatnorthernhotel.com,,https://www.greatnorthernhotel.com,https://www.greatnorthernhotel.com/,verified
UK,Ham Yard Hotel,London,United Kingdom,Decision maker,julielesauvage-barry@firmdale.com,+44 (0)20 3642 2000,https://www.firmdalehotels.com,https://www.firmdalehotels.com/hotels/ham-yard-hotel/contacts-faqs,verified
UK,Ham Yard Hotel,London,United Kingdom,Property,reservations@hamyardhotel.com,+44 (0)20 3642 2000,https://www.firmdalehotels.com,https://www.firmdalehotels.com/hotels/ham-yard-hotel/contacts-faqs,verified
UK,Ham Yard Hotel,London,United Kingdom,Sales,sales@firmdale.com,+44 (0)20 3642 2000,https://www.firmdalehotels.com,https://www.firmdalehotels.com/hotels/ham-yard-hotel/contacts-faqs,verified
UK,Haymarket Hotel,London,United Kingdom,Decision maker,rachaelrussell@firmdale.com,+44 (0)20 7470 4000,https://www.firmdalehotels.com,https://www.firmdalehotels.com/hotels/haymarket-hotel/contacts-faqs,verified
UK,Haymarket Hotel,London,United Kingdom,Property,reservations@haymarkethotel.co.uk,+44 (0)20 7470 4000,https://www.firmdalehotels.com,https://www.firmdalehotels.com/hotels/haymarket-hotel/contacts-faqs,verified
UK,Haymarket Hotel,London,United Kingdom,Sales,sales@firmdale.com,+44 (0)20 7470 4000,https://www.firmdalehotels.com,https://www.firmdalehotels.com/hotels/haymarket-hotel/contacts-faqs,verified
UK,Hazlitt's Hotel,London,United Kingdom,Decision maker,reservations@hazlitts.co.uk,+44 7700 101475,https://www.hazlittshotel.com,https://www.hazlittshotel.com/contact/,verified
UK,Hotel 41,London,United Kingdom,Decision maker,malcolm41@41hotel.com,+44 20 7300 0041,https://41hotel.com,https://41hotel.com/contact,verified
UK,Hotel 41,London,United Kingdom,Property,lobby@41hotel.com,+44 20 7300 0041,https://41hotel.com,https://41hotel.com/contact,verified
UK,Hotel 41,London,United Kingdom,Reservations,book41@41hotel.com,+44 20 7300 0041,https://41hotel.com,https://41hotel.com/contact,verified
UK,Hotel Café Royal,London,United Kingdom,Property,enquiries@hotelcaferoyal.com,,https://www.hotelcaferoyal.com,https://www.hotelcaferoyal.com/contact/,verified
UK,Hotel Café Royal,London,United Kingdom,Reservations,reservations@hotelcaferoyal.com,,https://www.hotelcaferoyal.com,https://www.hotelcaferoyal.com/contact/,verified
UK,Hotel Café Royal,London,United Kingdom,Sales,eventsandgroups@hotelcaferoyal.com,,https://www.hotelcaferoyal.com,https://www.hotelcaferoyal.com/contact/,verified
UK,Hotel du Vin,London,United Kingdom,Sales,eventsdesk@hotelduvin.com,,https://www.hotelduvin.com,https://www.hotelduvin.com/contact-us/,verified
UK,Hotel du Vin Wimbledon,London,United Kingdom,Decision maker,groupsdesk@hotelduvin.com,+44 20 8194 5109,https://www.hotelduvin.com,https://www.hotelduvin.com/contact-us/,verified
UK,Hotel du Vin Wimbledon,London,United Kingdom,Property,reception.wimbledon@hotelduvin.com,+44 20 8194 5109,https://www.hotelduvin.com,https://www.hotelduvin.com/contact-us/,verified
UK,Jumeirah Group – UK / Europe Sales,London,United Kingdom,Decision maker,uksales@jumeirah.com,+44 20 7858 7555,https://www.jumeirah.com,https://www.jumeirah.com/en/jumeirah-group/contact-us,verified
UK,Kimpton Fitzroy London,London,United Kingdom,Property,hello@kimptonfitzroylondon.com,+442075201800,https://www.kimptonfitzroylondon.com,https://www.kimptonfitzroylondon.com/contact/,verified
UK,Knightsbridge Hotel,London,United Kingdom,Decision maker,jenniriley@firmdale.com,,https://www.firmdalehotels.com,https://www.firmdalehotels.com/hotels/knightsbridge-hotel/contacts-faqs,verified
UK,Knightsbridge Hotel,London,United Kingdom,Property,reservations@knightsbridgehotel.com,,https://www.firmdalehotels.com,https://www.firmdalehotels.com/hotels/knightsbridge-hotel/contacts-faqs,verified
UK,Knightsbridge Hotel,London,United Kingdom,Sales,sales@firmdale.com,,https://www.firmdalehotels.com,https://www.firmdalehotels.com/hotels/knightsbridge-hotel/contacts-faqs,verified
UK,Leman Locke,London,United Kingdom,Decision maker,askleman@lockeliving.com,+44 20 3327 7140,https://www.lockeliving.com,https://www.lockeliving.com/en/help/property-information/how-do-i-contact-locke-hotels,verified
UK,Leonardo Hotel London Aldgate,London,United Kingdom,Property,lla_reservations@leonardohotels.com,,https://www.leonardo-hotels.com,https://www.leonardo-hotels.com/london/leonardo-hotel-london-aldgate/faq,verified
UK,Leonardo Hotel London Croydon,London,United Kingdom,Property,croydon@leonardohotels.com,,https://www.leonardo-hotels.com,https://www.leonardo-hotels.com/london/leonardo-hotel-london-croydon/faq,verified
UK,Leonardo Hotel London Heathrow Airport,London,United Kingdom,Property,londonheathrowreservations@leonardohotels.co.uk,,https://www.leonardo-hotels.com,https://www.leonardo-hotels.com/london/leonardo-hotel-london-heathrow-airport/faq,verified
UK,Leonardo Royal Hotel London City,London,United Kingdom,Property,londonres@leonardohotels.co.uk,,https://www.leonardo-hotels.com,https://www.leonardo-hotels.com/london/leonardo-royal-hotel-london-city/faq,verified
UK,Leonardo Royal Hotel London St Paul's,London,United Kingdom,Property,londonres@leonardohotels.com,,https://www.leonardo-hotels.com,https://www.leonardo-hotels.com/london/leonardo-royal-hotel-london-st-pauls/faq,verified
UK,Leonardo Royal Hotel London Tower Bridge,London,United Kingdom,Property,towerbridgeenquiries@leonardohotels.co.uk,,https://www.leonardo-hotels.com,https://www.leonardo-hotels.com/london/leonardo-royal-hotel-london-tower-bridge/faq,verified
UK,Locke London Canary Wharf,London,United Kingdom,Decision maker,askcanarywharf@lockeliving.com,,https://www.lockeliving.com,https://www.lockeliving.com/en/london/locke-london-canary-wharf,verified
UK,Locke at Beckett Locke,London,United Kingdom,Property,askbeckett@lockeliving.com,,https://www.lockeliving.com,https://www.lockeliving.com/en/contact,verified
UK,Locke at Bermonds Locke,London,United Kingdom,Property,askbermonds@lockeliving.com,,https://www.lockeliving.com,https://www.lockeliving.com/en/contact,verified
UK,Locke at Broken Wharf,London,United Kingdom,Decision maker,askbrokenwharf@lockeliving.com,+44 20 3976 7200,https://www.lockeliving.com,https://www.lockeliving.com/en/help/property-information/how-do-i-contact-locke-hotels,verified
UK,Locke at Buckle Street,London,United Kingdom,Property,askbucklestreet@lockeliving.com,,https://www.lockeliving.com,https://www.lockeliving.com/en/contact,verified
UK,Locke at Canary Wharf,London,United Kingdom,Property,askcanarywharf@lockeliving.com,,https://www.lockeliving.com,https://www.lockeliving.com/en/contact,verified
UK,Malmaison,London,United Kingdom,Property,theteam@malmaison.com,,https://www.malmaison.com,https://www.malmaison.com/contact-us/,verified
UK,Malmaison,London,United Kingdom,Sales,eventsdesk@malmaison.com,,https://www.malmaison.com,https://www.malmaison.com/contact-us/,verified
UK,Malmaison London,London,United Kingdom,Decision maker,groupsdesk@malmaison.com,+44 20 3750 9402,https://www.malmaison.com,https://www.malmaison.com/contact-us/,verified
UK,Malmaison London,London,United Kingdom,Property,london@malmaison.com,+44 20 3750 9402,https://www.malmaison.com,https://www.malmaison.com/contact-us/,verified
UK,Mandarin Oriental Hyde Park London,London,United Kingdom,Property,molon-info@mohg.com,,https://www.mandarinoriental.com,https://www.mandarinoriental.com/en/london/hyde-park/contact-us,verified
UK,Mandarin Oriental Hyde Park London,London,United Kingdom,Reservations,molon-reservations@mohg.com,,https://www.mandarinoriental.com,https://www.mandarinoriental.com/en/london/hyde-park/contact-us,verified
UK,Mandarin Oriental Hyde Park London,London,United Kingdom,Sales,molon-events@mohg.com,,https://www.mandarinoriental.com,https://www.mandarinoriental.com/en/london/hyde-park/contact-us,verified
UK,Mayfair House Apartments,London,United Kingdom,Decision maker,reservations@mayfairhouselondon.co.uk,+44 20 7491 0000,https://mayfairhouselondon.co.uk,https://mayfairhouselondon.co.uk/contact/,verified
UK,Mitre House Hotel,London,United Kingdom,Decision maker,reservations@mitrehousehotel.com,+44 20 7723 8040,https://www.mitrehousehotel.com,https://www.mitrehousehotel.com/hotel-contacts,verified
UK,Motel One London Tower Hill,London,United Kingdom,Property,london-towerhill@motel-one.com,,https://www.motel-one.com,https://www.motel-one.com/en/hotels/london/hotel-london-tower-hill/,verified
UK,Native Bankside,London,United Kingdom,Property,enquiries@nativeplaces.com,020 7313 5867,https://nativeplaces.com,https://nativeplaces.com/contact/,verified
UK,Native Hyde Park,London,United Kingdom,Property,enquiries@nativeplaces.com,020 3111 1764,https://nativeplaces.com,https://nativeplaces.com/contact/,verified
UK,Native Mayfair,London,United Kingdom,Property,enquiries@nativeplaces.com,,https://nativeplaces.com,https://nativeplaces.com/contact/,verified
UK,Nobu Hotel London Portman Square,London,United Kingdom,Reservations,reserve-portmansquare@nobuhotels.com,,https://www.iconichotelsresorts.com,https://www.iconichotelsresorts.com/,verified
UK,Nobu Hotel London Portman Square,London,United Kingdom,Sales,events-portmansquare@nobuhotels.com,,https://www.iconichotelsresorts.com,https://www.iconichotelsresorts.com/,verified
UK,Number Sixteen,London,United Kingdom,Decision maker,charlottecramptonsmith@firmdale.com,+44 (0)20 7589 5232,https://www.firmdalehotels.com,https://www.firmdalehotels.com/hotels/number-sixteen/contacts-faqs,verified
UK,Number Sixteen,London,United Kingdom,Property,reservations@numbersixteenhotel.co.uk,+44 (0)20 7589 5232,https://www.firmdalehotels.com,https://www.firmdalehotels.com/hotels/number-sixteen/contacts-faqs,verified
UK,Number Sixteen,London,United Kingdom,Sales,sales@firmdale.com,+44 (0)20 7589 5232,https://www.firmdalehotels.com,https://www.firmdalehotels.com/hotels/number-sixteen/contacts-faqs,verified
UK,Pan Pacific London,London,United Kingdom,Property,enquiry.pplon@panpacific.com,,https://www.panpacific.com/en/hotels-and-resorts/pp-london.html,https://www.panpacific.com/en/hotels-and-resorts/pp-london.html,verified
UK,Point A London Canary Wharf,London,United Kingdom,Property,canarywharf@pointahotels.com,+4420 7531 8100,https://www.pointahotels.com/our-hotels/canary-wharf/,https://www.pointahotels.com/our-hotels/canary-wharf/,verified
UK,Point A London Kensington,London,United Kingdom,Property,kensington@pointahotels.com,+4420 7370 2700,https://www.pointahotels.com/our-hotels/kensington/,https://www.pointahotels.com/our-hotels/kensington/,verified
UK,Point A London Kings Cross,London,United Kingdom,Property,kingsx@pointahotels.com,+4420 7713 0428,https://www.pointahotels.com/our-hotels/kings-cross/,https://www.pointahotels.com/our-hotels/kings-cross/,verified
UK,Point A London Liverpool Street,London,United Kingdom,Property,liverpoolstreet@pointahotels.com,+4420 7456 0400,https://www.pointahotels.com/our-hotels/liverpool-street/,https://www.pointahotels.com/our-hotels/liverpool-street/,verified
UK,Point A London Paddington,London,United Kingdom,Property,paddington@pointahotels.com,+4420 7258 3140,https://www.pointahotels.com/our-hotels/paddington/,https://www.pointahotels.com/our-hotels/paddington/,verified
UK,Point A London Shoreditch,London,United Kingdom,Property,shoreditch@pointahotels.com,+4420 7655 1720,https://www.pointahotels.com/our-hotels/shoreditch/,https://www.pointahotels.com/our-hotels/shoreditch/,verified
UK,Point A London Waterloo,London,United Kingdom,Property,waterloo@pointahotels.com,+4420 7633 9317,https://www.pointahotels.com/our-hotels/waterloo/,https://www.pointahotels.com/our-hotels/waterloo/,verified
UK,Premier Inn,London,United Kingdom,Sales,business@premierinn.com,,https://www.premierinn.com,https://www.premierinn.com/gb/en/hub.html,verified
UK,Premier Inn / Hub,London,United Kingdom,Sales,group.enquiries@whitbread.com,,https://www.premierinn.com,https://www.premierinn.com/gb/en/hub.html,verified
UK,QHotels Collection,London,United Kingdom,Property,customer-relations@theqhotelscollection.co.uk,,https://www.qhotels.co.uk,https://www.qhotels.co.uk/contact-us/,verified
UK,Raffles London at The OWO,London,United Kingdom,Property,london@raffles.com,+44 20 3907 7500,https://www.raffles.com,https://www.raffles.com/contact-us/,verified
UK,Raffles London at The OWO,London,United Kingdom,Sales,events.london@raffles.com,+44 20 3907 7500,https://www.raffles.com,https://www.raffles.com/contact-us/,verified
UK,Red Carnation Hotels – UK Reservations,London,United Kingdom,Decision maker,uksales@rchmail.com,+44 808 196 8893,https://redcarnationhotels.com,https://redcarnationhotels.com/contact,verified
UK,Red Carnation Hotels – UK Reservations,London,United Kingdom,Property,reservations@redcarnationhotels.com,+44 808 196 8893,https://redcarnationhotels.com,https://redcarnationhotels.com/contact,verified
UK,Room2,London,United Kingdom,Property,reservations@staysecondnature.com,0260722155410,https://www.room2.com,https://www.room2.com/contact,verified
UK,Roomzzz London Stratford,London,United Kingdom,Property,stratford@roomzzz.com,,https://www.roomzzz.com,https://www.roomzzz.com/contact/,verified
UK,Rosewood London,London,United Kingdom,Property,london@rosewoodhotels.com,+44 20 7781 8888,https://www.rosewoodhotels.com,https://www.rosewoodhotels.com/en/london/contact,verified
UK,SACO Holborn,London,United Kingdom,Decision maker,holborn@sacoapartments.com,+44 20 7269 9930,https://www.lockeliving.com,https://www.lockeliving.com/en/contact-us,verified
UK,Sea Containers London,London,United Kingdom,Property,guestservices@seacontainerslondon.com,,https://www.seacontainerslondon.com,https://www.seacontainerslondon.com/,verified
UK,"Shangri-La The Shard, London",London,United Kingdom,Property,london@shangri-la.com,+44 20 7234 8000,https://www.shangri-la.com,https://www.shangri-la.com/london/shangrila/about/,verified
UK,"Shangri-La The Shard, London",London,United Kingdom,Sales,events.slln@shangri-la.com,+44 20 7234 8000,https://www.shangri-la.com,https://www.shangri-la.com/london/shangrila/about/,verified
UK,South Place Hotel,London,United Kingdom,Property,frontdesk@southplacehotel.com,,https://www.southplacehotel.com,https://www.southplacehotel.com/contact-us/,verified
UK,St. Pancras London Autograph Collection,London,United Kingdom,Property,concierge.stpancras@autographhotels.com,,https://www.stpancraslondon.com,https://www.stpancraslondon.com/,verified
UK,St. Pancras London Autograph Collection,London,United Kingdom,Reservations,guestservices.stpancras@autographhotels.com,,https://www.stpancraslondon.com,https://www.stpancraslondon.com/,verified
UK,St. Pancras London Autograph Collection,London,United Kingdom,Sales,events.stpancras@autographhotels.com,,https://www.stpancraslondon.com,https://www.stpancraslondon.com/,verified
UK,Stattons Boutique Hotel,London,United Kingdom,Decision maker,info@stattonshotel.co.uk,,https://www.stattonshotel.co.uk,https://www.stattonshotel.co.uk/,verified
UK,Strand Palace Hotel,London,United Kingdom,Property,info@strandpalacehotel.co.uk,,https://www.iconichotelsresorts.com,https://www.strandpalacehotel.co.uk/contact/,verified
UK,Strand Palace Hotel,London,United Kingdom,Reservations,reservations@strandpalacehotel.co.uk,,https://www.iconichotelsresorts.com,https://www.strandpalacehotel.co.uk/contact/,verified
UK,Strand Palace Hotel,London,United Kingdom,Sales,meetings@strandpalacehotel.co.uk,,https://www.iconichotelsresorts.com,https://www.strandpalacehotel.co.uk/contact/,verified
UK,The Academy Hotel,London,United Kingdom,Decision maker,saleshq@ytlhotels.co.uk,+44 20 7631 4115,https://theacademyhotel.co.uk,https://theacademyhotel.co.uk/pages/contact-us.html,verified
UK,The Academy Hotel,London,United Kingdom,Property,reservations@theacademyhotel.co.uk,+44 20 7631 4115,https://theacademyhotel.co.uk,https://theacademyhotel.co.uk/pages/contact-us.html,verified
UK,The Ampersand Hotel,London,United Kingdom,Decision maker,sales@ampersandhotel.com,+44 20 7589 5895,https://ampersandhotel.com,https://ampersandhotel.com/contact/,verified
UK,The Ampersand Hotel,London,United Kingdom,Property,info@ampersandhotel.com,+44 20 7589 5895,https://ampersandhotel.com,https://ampersandhotel.com/contact/,verified
UK,The Ampersand Hotel,London,United Kingdom,Reservations,stay@ampersandhotel.com,+44 20 7589 5895,https://ampersandhotel.com,https://ampersandhotel.com/contact/,verified
UK,The Bailey's Hotel London Kensington,London,United Kingdom,Decision maker,sales.baileys@millenniumhotels.co.uk,+44 20 7373 6000,https://millenniumhotels.com/en/london/the-baileys-hotel-london,https://millenniumhotels.com/en/london/the-baileys-hotel-london,verified
UK,The Bailey's Hotel London Kensington,London,United Kingdom,Property,reservations.baileys@millenniumhotels.co.uk,+44 20 7373 6000,https://millenniumhotels.com/en/london/the-baileys-hotel-london,https://millenniumhotels.com/en/london/the-baileys-hotel-london,verified
UK,The Beaumont,London,United Kingdom,Property,info@thebeaumont.com,,https://www.thebeaumont.com,https://www.thebeaumont.com/contact/,verified
UK,The Beaumont,London,United Kingdom,Reservations,reservations@thebeaumont.com,,https://www.thebeaumont.com,https://www.thebeaumont.com/contact/,verified
UK,The Beaumont,London,United Kingdom,Sales,events@thebeaumont.com,,https://www.thebeaumont.com,https://www.thebeaumont.com/contact/,verified
UK,The Berkeley (Maybourne),London,United Kingdom,Decision maker,ksfaltos@maybourne.com,+44 20 7235 6000,https://www.maybourne.com,https://www.maybourne.com/en/about-us/contact,verified
UK,The Berkeley (Maybourne),London,United Kingdom,Property,info@the-berkeley.co.uk,+44 20 7235 6000,https://www.maybourne.com,https://www.maybourne.com/en/about-us/contact,verified
UK,The Berkeley (Maybourne),London,United Kingdom,Reservations,berkeley.reservations@maybourne.com,+44 20 7235 6000,https://www.maybourne.com,https://www.maybourne.com/en/about-us/contact,verified
UK,The Capital Hotel,London,United Kingdom,Property,reception.capital@warwickhotels.com,,https://www.capitalhotel.co.uk,https://www.capitalhotel.co.uk/contact/,verified
UK,The Chelsea Townhouse,London,United Kingdom,Property,reservations@thechelseatownhouse.com,,https://www.iconichotelsresorts.com,https://www.thechelseatownhouse.com/contact/,verified
UK,The Chesterfield Mayfair,London,United Kingdom,Decision maker,alake@chesterfieldmayfair.com,+44 20 7491 2622,https://chesterfieldmayfair.com,https://chesterfieldmayfair.com/contact-us,verified
UK,The Chesterfield Mayfair,London,United Kingdom,Property,reception@chesterfieldmayfair.com,+44 20 7491 2622,https://chesterfieldmayfair.com,https://chesterfieldmayfair.com/contact-us,verified
UK,The Chesterfield Mayfair,London,United Kingdom,Reservations,bookch@chesterfieldmayfair.com,+44 20 7491 2622,https://chesterfieldmayfair.com,https://chesterfieldmayfair.com/contact-us,verified
UK,The Chesterfield Mayfair,London,United Kingdom,Sales,meet@chesterfieldmayfair.com,+44 20 7491 2622,https://chesterfieldmayfair.com,https://chesterfieldmayfair.com/contact-us,verified
UK,The Connaught (Maybourne),London,United Kingdom,Decision maker,sbhalla@the-connaught.co.uk,+44 20 7499 7070,https://www.maybourne.com,https://www.maybourne.com/en/about-us/contact,verified
UK,The Connaught (Maybourne),London,United Kingdom,Property,info@the-connaught.co.uk,+44 20 7499 7070,https://www.maybourne.com,https://www.maybourne.com/en/about-us/contact,verified
UK,The Connaught (Maybourne),London,United Kingdom,Reservations,connaught.reservations@maybourne.com,+44 20 7499 7070,https://www.maybourne.com,https://www.maybourne.com/en/about-us/contact,verified
UK,The Egerton House Hotel,London,United Kingdom,Decision maker,bookeg@rchmail.com,+44 20 7589 2412,https://egertonhousehotel.com,https://egertonhousehotel.com/about/group-accommodation,verified
UK,The Egerton House Hotel,London,United Kingdom,Sales,groupreservations@rchmail.com,+44 20 7589 2412,https://egertonhousehotel.com,https://egertonhousehotel.com/about/group-accommodation,verified
UK,The Emory (Maybourne),London,United Kingdom,Decision maker,ksfaltos@maybourne.com,+44 20 7862 5200,https://www.maybourne.com,https://www.maybourne.com/en/about-us/contact,verified
UK,The Emory (Maybourne),London,United Kingdom,Property,info@the-emory.co.uk,+44 20 7862 5200,https://www.maybourne.com,https://www.maybourne.com/en/about-us/contact,verified
UK,The Emory (Maybourne),London,United Kingdom,Reservations,emory.reservations@maybourne.com,+44 20 7862 5200,https://www.maybourne.com,https://www.maybourne.com/en/about-us/contact,verified
UK,The Gate London,London,United Kingdom,Decision maker,reservations@thegate-london.com,,https://www.thegate-london.com,https://www.thegate-london.com/faqs,verified
UK,The Goring,London,United Kingdom,Property,reservations@thegoring.com,,https://www.thegoring.com,https://www.thegoring.com/contact/,verified
UK,"The Hoxton, Holborn",London,United Kingdom,Decision maker,sales.holborn@thehox.com,+44 20 7661 3000,https://thehoxton.com,https://thehoxton.com/london/holborn/contact/,verified
UK,"The Hoxton, Holborn",London,United Kingdom,Property,hello.holborn@thehox.com,+44 20 7661 3000,https://thehoxton.com,https://thehoxton.com/london/holborn/contact/,verified
UK,"The Hoxton, Holborn",London,United Kingdom,Reservations,book.holborn@thehox.com,+44 20 7661 3000,https://thehoxton.com,https://thehoxton.com/london/holborn/contact/,verified
UK,"The Hoxton, Shepherd's Bush",London,United Kingdom,Decision maker,sales.shebu@thehox.com,+44 20 3540 3140,https://thehoxton.com,https://thehoxton.com/london/shepherds-bush/contact/,verified
UK,"The Hoxton, Shepherd's Bush",London,United Kingdom,Property,hello.shebu@thehox.com,+44 20 3540 3140,https://thehoxton.com,https://thehoxton.com/london/shepherds-bush/contact/,verified
UK,"The Hoxton, Shepherd's Bush",London,United Kingdom,Reservations,book.shebu@thehox.com,+44 20 3540 3140,https://thehoxton.com,https://thehoxton.com/london/shepherds-bush/contact/,verified
UK,"The Hoxton, Shoreditch",London,United Kingdom,Decision maker,sales.shoreditch@thehox.com,+44 20 7550 1000,https://thehoxton.com,https://thehoxton.com/london/shoreditch/contact/,verified
UK,"The Hoxton, Shoreditch",London,United Kingdom,Property,hello.shoreditch@thehox.com,+44 20 7550 1000,https://thehoxton.com,https://thehoxton.com/london/shoreditch/contact/,verified
UK,"The Hoxton, Shoreditch",London,United Kingdom,Reservations,book.shoreditch@thehox.com,+44 20 7550 1000,https://thehoxton.com,https://thehoxton.com/london/shoreditch/contact/,verified
UK,"The Hoxton, Southwark",London,United Kingdom,Decision maker,sales.southwark@thehox.com,+44 20 7903 3000,https://thehoxton.com,https://thehoxton.com/london/southwark/contact/,verified
UK,"The Hoxton, Southwark",London,United Kingdom,Property,hello.southwark@thehox.com,+44 20 7903 3000,https://thehoxton.com,https://thehoxton.com/london/southwark/contact/,verified
UK,"The Hoxton, Southwark",London,United Kingdom,Reservations,book.southwark@thehox.com,+44 20 7903 3000,https://thehoxton.com,https://thehoxton.com/london/southwark/contact/,verified
UK,The Langham London,London,United Kingdom,Property,tllon.concierge@langhamhotels.com,,https://www.langhamhotels.com,https://www.langhamhotels.com/en/the-langham/london/contact-us/,verified
UK,The Langham London,London,United Kingdom,Reservations,tllon.reservations@langhamhotels.com,,https://www.langhamhotels.com,https://www.langhamhotels.com/en/the-langham/london/contact-us/,verified
UK,The Langham London,London,United Kingdom,Sales,tllon.events@langhamhotels.com,,https://www.langhamhotels.com,https://www.langhamhotels.com/en/the-langham/london/contact-us/,verified
UK,The London EDITION,London,United Kingdom,Decision maker,walid.saighi@editionhotels.com,+44 20 7908 7900,https://www.editionhotels.com/london/,https://www.editionhotels.com/contact/,verified
UK,The London EDITION,London,United Kingdom,Property,concierge.london@editionhotels.com,+44 20 7908 7900,https://www.editionhotels.com/london/,https://www.editionhotels.com/contact/,verified
UK,The London EDITION,London,United Kingdom,Reservations,reservations.london@editionhotels.com,+44 20 7908 7900,https://www.editionhotels.com/london/,https://www.editionhotels.com/contact/,verified
UK,The London EDITION – Group Rates,London,United Kingdom,Decision maker,stephanie.harrell@editionhotels.com,+44 20 7908 7981,https://www.editionhotels.com/london/,https://www.editionhotels.com/contact/,verified
UK,The London EDITION – Group Rates,London,United Kingdom,Reservations,reservations.london@editionhotels.com,+44 20 7908 7981,https://www.editionhotels.com/london/,https://www.editionhotels.com/contact/,verified
UK,The London EDITION – Group Rates,London,United Kingdom,Sales,victoria.sullivan@editionhotels.com,+44 20 7908 7981,https://www.editionhotels.com/london/,https://www.editionhotels.com/contact/,verified
UK,The Mandeville Hotel,London,United Kingdom,Decision maker,reservations@mandeville.co.uk,+44 20 7935 5599,https://www.mandeville.co.uk,https://www.mandeville.co.uk/contact-us,verified
UK,The Mandeville Hotel,London,United Kingdom,Property,info@mandeville.co.uk,+44 20 7935 5599,https://www.mandeville.co.uk,https://www.mandeville.co.uk/contact-us,verified
UK,The Mayfair Townhouse,London,United Kingdom,Property,concierge@themayfairtownhouse.com,,https://www.iconichotelsresorts.com,https://www.iconichotelsresorts.com/,verified
UK,The Mayfair Townhouse,London,United Kingdom,Sales,events@themayfairtownhouse.com,,https://www.iconichotelsresorts.com,https://www.iconichotelsresorts.com/,verified
UK,The Mercer Collection,London,United Kingdom,Property,info@themercercollection.co.uk,,https://www.themercercollection.co.uk,https://www.themercercollection.co.uk/book-direct.html,verified
UK,The Milestone Hotel,London,United Kingdom,Property,reception@milestonehotel.com,+442079171000,https://www.milestonehotel.com,https://www.milestonehotel.com/contact,verified
UK,The Milestone Hotel & Residences Kensington,London,United Kingdom,Decision maker,apike@milestonehotel.com,+44 20 7917 1000,https://milestonehotel.com,https://milestonehotel.com/contact,verified
UK,The Milestone Hotel & Residences Kensington,London,United Kingdom,Property,bookms@milestonehotel.com,+44 20 7917 1000,https://milestonehotel.com,https://milestonehotel.com/contact,verified
UK,The Milestone Hotel & Residences Kensington,London,United Kingdom,Sales,meetms@milestonehotel.com,+44 20 7917 1000,https://milestonehotel.com,https://milestonehotel.com/contact,verified
UK,The Montague on the Gardens,London,United Kingdom,Decision maker,dirk@montaguehotel.com,+44 20 7637 1001,https://montaguehotel.com,https://montaguehotel.com/contact,verified
UK,The Montague on the Gardens,London,United Kingdom,Property,bookmt@montaguehotel.com,+44 20 7637 1001,https://montaguehotel.com,https://montaguehotel.com/contact,verified
UK,The Montague on the Gardens,London,United Kingdom,Sales,meetmt@montaguehotel.com,+44 20 7637 1001,https://montaguehotel.com,https://montaguehotel.com/contact,verified
UK,The Moorgate by Cove,London,United Kingdom,Decision maker,ask.themoorgate@staycove.com,+44 20 3327 4710,https://www.lockeliving.com,https://www.lockeliving.com/en/contact-us,verified
UK,The Ned,London,United Kingdom,Property,enquiries@thened.com,+44 20 3828 2000,https://www.thened.com,https://www.thened.com/london/contact,verified
UK,The Ned,London,United Kingdom,Reservations,reservations@thened.com,+44 20 3828 2000,https://www.thened.com,https://www.thened.com/london/contact,verified
UK,The Ritz London,London,United Kingdom,Reservations,reservations@theritzlondon.com,,https://www.theritzlondon.com,https://www.theritzlondon.com/contact/,verified
UK,The Ritz London,London,United Kingdom,Sales,groups@theritzlondon.com,,https://www.theritzlondon.com,https://www.theritzlondon.com/contact/,verified
UK,The Rookery Hotel,London,United Kingdom,Decision maker,reservations@rookery.co.uk,+44 20 7336 0931,https://rookeryhotel.com,https://rookeryhotel.com/contact,verified
UK,The Rubens at the Palace,London,United Kingdom,Decision maker,bookrb@rchmail.com,+44 20 7834 6600,https://rubenshotel.com,https://redcarnationhotels.com/our-hotels/london/the-rubens-at-the-palace,verified
UK,The Rubens at the Palace,London,United Kingdom,Property,bookrb@rubenshotel.com,+44 20 7834 6600,https://rubenshotel.com,https://redcarnationhotels.com/our-hotels/london/the-rubens-at-the-palace,verified
UK,The Savoy,London,United Kingdom,Property,savoy@fairmont.com,,https://www.thesavoylondon.com,https://www.thesavoylondon.com/contact/,verified
UK,The Savoy,London,United Kingdom,Reservations,svy.reservations@fairmont.com,,https://www.thesavoylondon.com,https://www.thesavoylondon.com/contact/,verified
UK,The Savoy,London,United Kingdom,Sales,svy.events@fairmont.com,,https://www.thesavoylondon.com,https://www.thesavoylondon.com/contact/,verified
UK,The Soho Hotel,London,United Kingdom,Decision maker,jasonphillips@firmdale.com,,https://www.firmdalehotels.com,https://www.firmdalehotels.com/hotels/the-soho-hotel/contacts-faqs,verified
UK,The Soho Hotel,London,United Kingdom,Property,reservations@sohohotel.com,,https://www.firmdalehotels.com,https://www.firmdalehotels.com/hotels/the-soho-hotel/contacts-faqs,verified
UK,The Soho Hotel,London,United Kingdom,Sales,sales@firmdale.com,,https://www.firmdalehotels.com,https://www.firmdalehotels.com/hotels/the-soho-hotel/contacts-faqs,verified
UK,The Stafford London,London,United Kingdom,Property,concierge@thestaffordlondon.com,,https://www.thestaffordlondon.com,https://www.thestaffordlondon.com/,verified
UK,The Stafford London,London,United Kingdom,Reservations,reservations@thestaffordlondon.com,,https://www.thestaffordlondon.com,https://www.thestaffordlondon.com/,verified
UK,The Z Hotel City,London,United Kingdom,Property,city@thezhotels.com,+44 (0) 20 3551 3718,https://www.thezhotels.com/hotels/city/,https://www.thezhotels.com/hotels/city/,verified
UK,The Z Hotel Covent Garden,London,United Kingdom,Property,coventgarden@thezhotels.com,+44 (0) 20 3837 6304,https://www.thezhotels.com/hotels/covent-garden/,https://www.thezhotels.com/hotels/covent-garden/,verified
UK,The Z Hotel Gloucester Place,London,United Kingdom,Property,gloucesterplace@thezhotels.com,+44 (0) 20 3551 3719,https://www.thezhotels.com/hotels/gloucester-place/,https://www.thezhotels.com/hotels/gloucester-place/,verified
UK,The Z Hotel Holborn,London,United Kingdom,Property,holborn@thezhotels.com,020 3841 0870,https://www.thezhotels.com/hotels/holborn/,https://www.thezhotels.com/hotels/holborn/,verified
UK,The Z Hotel Leicester Square,London,United Kingdom,Property,leicestersquare@thezhotels.com,+44 (0) 20 8024 7970,https://www.thezhotels.com/hotels/leicester-square/,https://www.thezhotels.com/hotels/leicester-square/,verified
UK,The Z Hotel Piccadilly,London,United Kingdom,Property,piccadilly@thezhotels.com,+44 (0) 20 3551 3720,https://www.thezhotels.com/hotels/piccadilly/,https://www.thezhotels.com/hotels/piccadilly/,verified
UK,The Z Hotel Shoreditch,London,United Kingdom,Property,shoreditch@thezhotels.com,+44 (0) 20 3551 3702,https://www.thezhotels.com/hotels/shoreditch/,https://www.thezhotels.com/hotels/shoreditch/,verified
UK,The Z Hotel Soho,London,United Kingdom,Property,soho@thezhotels.com,+44 (0)20 3551 3701,https://www.thezhotels.com/hotels/soho/,https://www.thezhotels.com/hotels/soho/,verified
UK,The Z Hotel Strand,London,United Kingdom,Property,strand@thezhotels.com,+44 (0) 20 3841 0873,https://www.thezhotels.com/hotels/strand/,https://www.thezhotels.com/hotels/strand/,verified
UK,The Z Hotel Tottenham Court Road,London,United Kingdom,Property,tcr@thezhotels.com,+44 (0) 203 837 6306,https://www.thezhotels.com/hotels/tottenham-court-road/,https://www.thezhotels.com/hotels/tottenham-court-road/,verified
UK,The Z Hotel Trafalgar,London,United Kingdom,Property,trafalgar@thezhotels.com,+44 (0) 20 3841 0872,https://www.thezhotels.com/hotels/trafalgar/,https://www.thezhotels.com/hotels/trafalgar/,verified
UK,The Z Hotel Victoria,London,United Kingdom,Property,victoria@thezhotels.com,+44 (0) 20 3589 3990,https://www.thezhotels.com/hotels/victoria/,https://www.thezhotels.com/hotels/victoria/,verified
UK,The Zetter Clerkenwell,London,United Kingdom,Property,info@thezetter.com,,https://www.thezetter.com,https://www.thezetter.com/contact-us,verified
UK,Travelodge,London,United Kingdom,Sales,groupbookings@travelodge.co.uk,,https://www.travelodge.co.uk,https://www.travelodge.co.uk/help/contact-us,verified
UK,Vintry and Mercer,London,United Kingdom,Property,info@vintryandmercer.com,+44 (0)20 3908 8088,https://www.vintryandmercer.com,https://www.vintryandmercer.com/,verified
UK,Virgin Hotels London Shoreditch,London,United Kingdom,Property,info.londonshoreditch@virginhotels.com,+44 203 988 4455,https://virginhotels.com,https://virginhotels.com/london-shoreditch/contact-us/,verified
UK,Virgin Hotels London Shoreditch,London,United Kingdom,Reservations,reservations.londonshoreditch@virginhotels.com,+44 203 988 4455,https://virginhotels.com,https://virginhotels.com/london-shoreditch/contact-us/,verified
UK,Virgin Hotels London Shoreditch,London,United Kingdom,Sales,sales.londonshoreditch@virginhotels.com,+44 203 988 4455,https://virginhotels.com,https://virginhotels.com/london-shoreditch/contact-us/,verified
UK,Viridian Apartments,London,United Kingdom,Decision maker,sales@viridianapartments.com,+44 20 3743 0331,https://viridianapartments.com,https://www.viridianapartments.com/contact,verified
UK,Viridian Apartments,London,United Kingdom,Property,reservations@viridianapartments.com,+44 20 3743 0331,https://viridianapartments.com,https://www.viridianapartments.com/contact,verified
UK,Warren Street Hotel,London,United Kingdom,Property,reservations@warrenstreethotel.com,,https://www.firmdalehotels.com,https://www.firmdalehotels.com/hotels/warren-street-hotel/contacts-faqs,verified
UK,Lime Wood,Lyndhurst,United Kingdom,Property,reservations@limewood.co.uk,,https://www.limewoodhotel.co.uk,https://www.limewoodhotel.co.uk/,verified
UK,THE PIG in the South Downs,Madehurst,United Kingdom,Property,reservations@thepighotel.com,0345 225 9494,https://www.thepighotel.com/in-the-south-downs/,https://www.thepighotel.com/contact-us/,verified
UK,Whatley Manor,Malmesbury,United Kingdom,Property,reservations@whatleymanor.com,,https://www.whatleymanor.com,https://www.whatleymanor.com/contact/,verified
UK,ABode Manchester,Manchester,United Kingdom,Property,info@abodemanchester.co.uk,0161 247 7744,https://www.abodemanchester.co.uk,https://www.abodemanchester.co.uk/contact,verified
UK,Cove Minshull Street,Manchester,United Kingdom,Decision maker,ask.minshullstreet@staycove.com,+44 161 870 1909,https://www.lockeliving.com,https://www.lockeliving.com/en/contact-us,verified
UK,Dakota Hotel Manchester,Manchester,United Kingdom,Decision maker,reservations@mcr.dakotahotels.co.uk,+44 161 674 9180,https://dakotahotels.co.uk,https://dakotahotels.co.uk/manchester/faqs,verified
UK,Dakota Hotel Manchester Airport,Manchester,United Kingdom,Property,reservations@man.dakotahotels.co.uk,,https://dakotahotels.co.uk,https://dakotahotels.co.uk/manchester-airport/faqs,verified
UK,Dakota Manchester,Manchester,United Kingdom,Property,concierge@mcr.dakotahotels.co.uk,,https://www.dakotahotels.co.uk,https://www.dakotahotels.co.uk/manchester/,verified
UK,Dakota Manchester,Manchester,United Kingdom,Reservations,reservations@man.dakotahotels.co.uk,,https://www.dakotahotels.co.uk,https://www.dakotahotels.co.uk/manchester/,verified
UK,King Street Townhouse,Manchester,United Kingdom,Decision maker,reservations@kingstreettownhouse.co.uk,+44 161 667 0707,https://www.kingstreettownhouse.co.uk,https://www.kingstreettownhouse.co.uk/contact,verified
UK,King Street Townhouse,Manchester,United Kingdom,Property,hello@kingstreettownhouse.co.uk,+44 161 667 0707,https://www.kingstreettownhouse.co.uk,https://www.kingstreettownhouse.co.uk/contact,verified
UK,King Street Townhouse,Manchester,United Kingdom,Sales,stay@kingstreettownhouse.co.uk,+44 161 667 0707,https://www.kingstreettownhouse.co.uk,https://www.kingstreettownhouse.co.uk/contact,verified
UK,Leonardo Hotel Manchester Central,Manchester,United Kingdom,Property,manchester@leonardohotels.com,,https://www.leonardo-hotels.com,https://www.leonardo-hotels.com/manchester/leonardo-hotel-manchester-central/faq,verified
UK,Leonardo Hotel Manchester Piccadilly,Manchester,United Kingdom,Property,manchesterpiccadilly_reservations@leonardohotels.co.uk,,https://www.leonardo-hotels.com,https://www.leonardo-hotels.com/manchester/leonardo-hotel-manchester-piccadilly/faq,verified
UK,Locke at Beckett,Manchester,United Kingdom,Property,askbeckett@lockeliving.com,,https://www.lockeliving.com,https://www.lockeliving.com/en/contact-us,verified
UK,Locke at Whitworth Locke,Manchester,United Kingdom,Property,askwhitworth@lockeliving.com,,https://www.lockeliving.com,https://www.lockeliving.com/en/contact,verified
UK,Malmaison Manchester,Manchester,United Kingdom,Property,manchester@malmaison.com,,https://www.malmaison.com,https://www.malmaison.com/contact-us/,verified
UK,Malmaison Manchester,Manchester,United Kingdom,Sales,groupsdesk@malmaison.com,,https://www.malmaison.com,https://www.malmaison.com/contact-us/,verified
UK,Malmaison Manchester Deansgate,Manchester,United Kingdom,Decision maker,groupsdesk@malmaison.com,+44 161 509 9160,https://www.malmaison.com,https://www.malmaison.com/contact-us/,verified
UK,Malmaison Manchester Deansgate,Manchester,United Kingdom,Property,manchester.deansgate@malmaison.com,+44 161 509 9160,https://www.malmaison.com,https://www.malmaison.com/contact-us/,verified
UK,Malmaison Manchester Piccadilly,Manchester,United Kingdom,Decision maker,groupsdesk@malmaison.com,+44 161 641 1883,https://www.malmaison.com,https://www.malmaison.com/contact-us/,verified
UK,Malmaison Manchester Piccadilly,Manchester,United Kingdom,Property,manchester@malmaison.com,+44 161 641 1883,https://www.malmaison.com,https://www.malmaison.com/contact-us/,verified
UK,Mercure Manchester Piccadilly,Manchester,United Kingdom,Property,info@mercuremanchester.co.uk,,https://www.mercuremanchester.co.uk,https://www.mercuremanchester.co.uk/contact/,verified
UK,Mercure Manchester Piccadilly,Manchester,United Kingdom,Sales,events@mercuremanchester.co.uk,,https://www.mercuremanchester.co.uk,https://www.mercuremanchester.co.uk/contact/,verified
UK,Motel One Manchester Piccadilly,Manchester,United Kingdom,Property,manchester-piccadilly@motel-one.com,,https://www.motel-one.com,https://www.motel-one.com/en/hotels/manchester/hotel-manchester-piccadilly/,verified
UK,Motel One Manchester Royal Exchange,Manchester,United Kingdom,Property,manchester-royalexchange@motel-one.com,,https://www.motel-one.com,https://www.motel-one.com/en/hotels/manchester/hotel-manchester-royal-exchange/,verified
UK,Motel One Manchester St Peters Square,Manchester,United Kingdom,Property,manchester-stpeterssquare@motel-one.com,,https://www.motel-one.com,https://www.motel-one.com/en/hotels/manchester/hotel-manchester-st-peters-square/,verified
UK,Native Manchester,Manchester,United Kingdom,Property,enquiries@nativeplaces.com,0161 503 9551,https://nativeplaces.com,https://nativeplaces.com/contact/,verified
UK,Roomzzz Manchester City,Manchester,United Kingdom,Property,manchestercity@roomzzz.com,,https://roomzzz.com,https://roomzzz.com/contact,verified
UK,Roomzzz Manchester City,Manchester,United Kingdom,Sales,corporate@roomzzz.com,,https://roomzzz.com,https://roomzzz.com/contact,verified
UK,Roomzzz Manchester Victoria,Manchester,United Kingdom,Property,manchestervictoria@roomzzz.com,,https://roomzzz.com,https://roomzzz.com/contact,verified
UK,Roomzzz Manchester Victoria,Manchester,United Kingdom,Sales,corporate@roomzzz.com,,https://roomzzz.com,https://roomzzz.com/contact,verified
UK,The Midland Hotel Manchester,Manchester,United Kingdom,Decision maker,guestrelations@themidlandmanchester.co.uk,+44 161 774 7051,https://www.themidlandhotel.co.uk,https://www.themidlandhotel.co.uk/contact,verified
UK,Whitworth Locke,Manchester,United Kingdom,Decision maker,askwhitworth@lockeliving.com,+44 161 823 0530,https://www.lockeliving.com,https://www.lockeliving.com/en/help/property-information/how-do-i-contact-locke-hotels,verified
UK,No. 42 Margate by GuestHouse,Margate,United Kingdom,Decision maker,no42.reception@guesthousehotels.co.uk,,https://guesthousehotels.co.uk,https://guesthousehotels.co.uk/no-42-margate/,verified
UK,No. 42 Margate by GuestHouse,Margate,United Kingdom,Property,no42.reservations@guesthousehotels.co.uk,,https://guesthousehotels.co.uk,https://guesthousehotels.co.uk/no-42-margate/,verified
UK,Swinton Country Club,Masham,United Kingdom,Property,countryclub@swintonestate.com,,https://www.swintonestate.com,https://www.swintonestate.com/contact/,verified
UK,Swinton Park Hotel,Masham,United Kingdom,Reservations,guestservices@swintonestate.com,,https://www.swintonestate.com,https://www.swintonestate.com/contact/,verified
UK,Swinton Park Hotel,Masham,United Kingdom,Sales,events@swintonestate.com,,https://www.swintonestate.com,https://www.swintonestate.com/contact/,verified
UK,Leonardo Hotel Middlesbrough,Middlesbrough,United Kingdom,Property,middlesbrough@leonardohotels.com,,https://www.leonardo-hotels.com,https://www.leonardo-hotels.com/middlesbrough/leonardo-hotel-middlesbrough/faq,verified
UK,Leonardo Hotel Milton Keynes,Milton Keynes,United Kingdom,Property,miltonkeynes@leonardohotels.com,,https://www.leonardo-hotels.com,https://www.leonardo-hotels.com/milton-keynes/leonardo-hotel-milton-keynes/faq,verified
UK,Dakota Hotel Eurocentral,Motherwell,United Kingdom,Property,reservations@eur.dakotahotels.co.uk,,https://dakotahotels.co.uk,https://dakotahotels.co.uk/eurocentral/faqs,verified
UK,Dakota Hotel Eurocentral,Motherwell,United Kingdom,Sales,events@eur.dakotahotels.co.uk,,https://dakotahotels.co.uk,https://dakotahotels.co.uk/eurocentral/faqs,verified
UK,Macdonald Hotels,Multiple,United Kingdom,Reservations,enquiries@macdonald-hotels.co.uk,,https://www.macdonaldhotels.co.uk,https://www.macdonaldhotels.co.uk/contact/,verified
UK,Macdonald Hotels,Multiple,United Kingdom,Sales,conference@macdonald-hotels.co.uk,,https://www.macdonaldhotels.co.uk,https://www.macdonaldhotels.co.uk/contact/,verified
UK,Chewton Glen,New Milton,United Kingdom,Property,spa@chewtonglen.com,,https://www.iconichotelsresorts.com,https://www.chewtonglen.com/contact/,verified
UK,Chewton Glen,New Milton,United Kingdom,Reservations,reservations@chewtonglen.com,,https://www.iconichotelsresorts.com,https://www.chewtonglen.com/contact/,verified
UK,Chewton Glen,New Milton,United Kingdom,Sales,sales@chewtonglen.com,,https://www.iconichotelsresorts.com,https://www.chewtonglen.com/contact/,verified
UK,The Vineyard,Newbury,United Kingdom,Property,info@the-vineyard.co.uk,,https://www.the-vineyard.co.uk,https://www.the-vineyard.co.uk/faqs/,verified
UK,Dakota Hotel Newcastle,Newcastle,United Kingdom,Decision maker,events@ncl.dakotahotels.co.uk,,https://dakotahotels.co.uk,https://dakotahotels.co.uk/newcastle/faqs,verified
UK,Dakota Hotel Newcastle,Newcastle,United Kingdom,Property,reservations@ncl.dakotahotels.co.uk,,https://dakotahotels.co.uk,https://dakotahotels.co.uk/newcastle/faqs,verified
UK,Dakota Newcastle,Newcastle,United Kingdom,Property,concierge@ncl.dakotahotels.co.uk,,https://dakotahotels.co.uk/newcastle/faqs,https://dakotahotels.co.uk/newcastle/faqs,verified
UK,Dorset Arms Hotel,Newcastle,United Kingdom,Decision maker,info@dorsetarmshotel.co.uk,+44 191 209 9754,https://www.dorsetarmshotel.co.uk,https://www.dorsetarmshotel.co.uk/contact,verified
UK,Hotel du Vin Newcastle,Newcastle,United Kingdom,Decision maker,groupsdesk@hotelduvin.com,+44 191 389 8628,https://www.hotelduvin.com,https://www.hotelduvin.com/contact-us/,verified
UK,Hotel du Vin Newcastle,Newcastle,United Kingdom,Property,info.newcastle@hotelduvin.com,+44 191 389 8628,https://www.hotelduvin.com,https://www.hotelduvin.com/contact-us/,verified
UK,Leonardo Hotel Newcastle,Newcastle,United Kingdom,Property,newcastle@leonardohotels.com,,https://www.leonardo-hotels.com,https://www.leonardo-hotels.com/newcastle/leonardo-hotel-newcastle/faq,verified
UK,Leonardo Hotel Newcastle Quayside,Newcastle,United Kingdom,Property,newcastlequayside@leonardohotels.com,,https://www.leonardo-hotels.com,https://www.leonardo-hotels.com/newcastle/leonardo-hotel-newcastle-quayside/faq,verified
UK,Malmaison Newcastle,Newcastle,United Kingdom,Decision maker,groupsdesk@malmaison.com,+44 191 389 8627,https://www.malmaison.com,https://www.malmaison.com/contact-us/,verified
UK,Malmaison Newcastle,Newcastle,United Kingdom,Property,newcastle@malmaison.com,+44 191 389 8627,https://www.malmaison.com,https://www.malmaison.com/contact-us/,verified
UK,Motel One Newcastle,Newcastle,United Kingdom,Property,newcastle@motel-one.com,+44 191 2111090,https://www.motel-one.com,https://www.motel-one.com/en/hotels/newcastle/,verified
UK,Roomzzz Newcastle,Newcastle,United Kingdom,Property,newcastle@roomzzz.com,,https://roomzzz.com,https://roomzzz.com/contact,verified
UK,Roomzzz Newcastle,Newcastle,United Kingdom,Sales,corporate@roomzzz.com,,https://roomzzz.com,https://roomzzz.com/contact,verified
UK,Dunston Hall,Norwich,United Kingdom,Property,dunstonhallhotelspagolfresort@theqhotelscollection.co.uk,,https://www.dunstonhallhotel.co.uk,https://www.dunstonhallhotel.co.uk/,verified
UK,Dunston Hall,Norwich,United Kingdom,Sales,events@dunstonhallhotel.co.uk,,https://www.dunstonhallhotel.co.uk,https://www.dunstonhallhotel.co.uk/,verified
UK,St Giles House Hotel,Norwich,United Kingdom,Property,reservations@stgileshousenorwich.com,,https://stgileshousehotel.co.uk,https://stgileshousehotel.co.uk/contact,verified
UK,Leonardo Hotel Nottingham,Nottingham,United Kingdom,Property,nottingham@leonardohotels.com,,https://www.leonardo-hotels.com,https://www.leonardo-hotels.com/nottingham/leonardo-hotel-nottingham/faq,verified
UK,Roomzzz Nottingham City,Nottingham,United Kingdom,Property,nottinghamcity@roomzzz.com,,https://roomzzz.com,https://roomzzz.com/contact,verified
UK,Roomzzz Nottingham City,Nottingham,United Kingdom,Sales,corporate@roomzzz.com,,https://roomzzz.com,https://roomzzz.com/contact,verified
UK,Artist Residence Oxford,Oxford,United Kingdom,Property,oxford@artistresidence.co.uk,,https://www.artistresidence.co.uk,https://www.artistresidence.co.uk/termsandconditions,verified
UK,Leonardo Royal Hotel Oxford,Oxford,United Kingdom,Property,oxfordroyal@leonardohotels.com,,https://www.leonardo-hotels.com,https://www.leonardo-hotels.com/oxford/leonardo-royal-hotel-oxford/faq,verified
UK,Malmaison Oxford,Oxford,United Kingdom,Decision maker,groupsdesk@malmaison.com,+44 1865 689 944,https://www.malmaison.com,https://www.malmaison.com/contact-us/,verified
UK,Malmaison Oxford,Oxford,United Kingdom,Property,reception.oxford@malmaison.com,+44 1865 689 944,https://www.malmaison.com,https://www.malmaison.com/contact-us/,verified
UK,THE PIG at Harlyn Bay,Padstow,United Kingdom,Property,reservations@thepighotel.com,0345 225 9494,https://www.thepighotel.com/at-harlyn-bay/,https://www.thepighotel.com/contact-us/,verified
UK,Artist Residence Penzance,Penzance,United Kingdom,Property,penzance@artistresidence.co.uk,,https://www.artistresidence.co.uk,https://www.artistresidence.co.uk/termsandconditions,verified
UK,Leonardo Boutique Hotel Huntingtower Perth,Perth,United Kingdom,Property,huntingtowerperthreservations@leonardohotels.co.uk,,https://www.leonardo-hotels.com,https://www.leonardo-hotels.com/perth/leonardo-boutique-hotel-huntingtower-perth/faq,verified
UK,Fonab Castle Hotel & Spa,Pitlochry,United Kingdom,Property,reservations@fonabcastlehotel.com,,https://www.fonabcastlehotel.com,https://www.fonabcastlehotel.com/contact/,verified
UK,Leonardo Hotel Plymouth,Plymouth,United Kingdom,Property,plymouth@leonardohotels.com,,https://www.leonardo-hotels.com,https://www.leonardo-hotels.com/plymouth/leonardo-hotel-plymouth/faq,verified
UK,Hotel du Vin Poole,Poole,United Kingdom,Decision maker,groupsdesk@hotelduvin.com,+44 1305 819 027,https://www.hotelduvin.com,https://www.hotelduvin.com/contact-us/,verified
UK,Hotel du Vin Poole,Poole,United Kingdom,Property,info.poole@hotelduvin.com,+44 1305 819 027,https://www.hotelduvin.com,https://www.hotelduvin.com/contact-us/,verified
UK,Malmaison Reading,Reading,United Kingdom,Decision maker,groupsdesk@malmaison.com,+44 118 334 1331,https://www.malmaison.com,https://www.malmaison.com/contact-us/,verified
UK,Malmaison Reading,Reading,United Kingdom,Property,reading@malmaison.com,+44 118 334 1331,https://www.malmaison.com,https://www.malmaison.com/contact-us/,verified
UK,Grantley Hall,Ripon,United Kingdom,Reservations,hello@grantleyhall.co.uk,,https://www.grantleyhall.co.uk,https://www.grantleyhall.co.uk/,verified
UK,Grantley Hall,Ripon,United Kingdom,Sales,events@grantleyhall.co.uk,,https://www.grantleyhall.co.uk,https://www.grantleyhall.co.uk/,verified
UK,Leonardo Hotel Sheffield,Sheffield,United Kingdom,Property,sheffield@leonardohotels.com,,https://www.leonardo-hotels.com,https://www.leonardo-hotels.com/sheffield/leonardo-hotel-sheffield/faq,verified
UK,The Devonshire Arms Hotel Bolton Abbey,Skipton,United Kingdom,Property,reception@thedevonshirearms.co.uk,,https://www.thedevonshirearms.co.uk,https://www.thedevonshirearms.co.uk/contact/,verified
UK,Leonardo Hotel Southampton,Southampton,United Kingdom,Property,southampton@leonardohotels.com,,https://www.leonardo-hotels.com,https://www.leonardo-hotels.com/southampton/leonardo-hotel-southampton/faq,verified
UK,Leonardo Royal Hotel Southampton Grand Harbour,Southampton,United Kingdom,Property,southamptongrandharbour@leonardohotels.co.uk,,https://www.leonardo-hotels.com,https://www.leonardo-hotels.com/southampton/leonardo-royal-hotel-southampton-grand-harbour/faq,verified
UK,THE PIG in the Wall,Southampton,United Kingdom,Property,reservations@thepighotel.com,0345 225 9494,https://www.thepighotel.com/in-the-wall/,https://www.thepighotel.com/contact-us/,verified
UK,Thyme,Southrop,United Kingdom,Property,enquire@thyme.co.uk,,https://www.thyme.co.uk,https://www.thyme.co.uk/,verified
UK,Hotel du Vin St Andrews,St Andrews,United Kingdom,Decision maker,groupsdesk@hotelduvin.com,+44 1334 845 313,https://www.hotelduvin.com,https://www.hotelduvin.com/contact-us/,verified
UK,Hotel du Vin St Andrews,St Andrews,United Kingdom,Property,reservations.standrews@hotelduvin.com,+44 1334 845 313,https://www.hotelduvin.com,https://www.hotelduvin.com/contact-us/,verified
UK,Marine & Lawn Hotels,St Andrews,United Kingdom,Property,info@marineandlawn.co.uk,,https://www.marineandlawn.com,https://www.marineandlawn.com/contact/,verified
UK,Hotel du Vin Stratford-upon-Avon,Stratford-upon-Avon,United Kingdom,Decision maker,groupsdesk@hotelduvin.com,+44 1789 613 685,https://www.hotelduvin.com,https://www.hotelduvin.com/contact-us/,verified
UK,Hotel du Vin Stratford-upon-Avon,Stratford-upon-Avon,United Kingdom,Property,theteam@hotelduvin.com,+44 1789 613 685,https://www.hotelduvin.com,https://www.hotelduvin.com/contact-us/,verified
UK,Roomzzz Stratford-upon-Avon,Stratford-upon-Avon,United Kingdom,Property,stratford@roomzzz.com,,https://roomzzz.com,https://roomzzz.com/contact,verified
UK,Roomzzz Stratford-upon-Avon,Stratford-upon-Avon,United Kingdom,Sales,corporate@roomzzz.com,,https://roomzzz.com,https://roomzzz.com/contact,verified
UK,Stratford Manor,Stratford-upon-Avon,United Kingdom,Property,stratfordmanorhotel@theqhotelscollection.co.uk,,https://www.stratfordmanor.co.uk,https://www.stratfordmanor.co.uk/,verified
UK,Stratford Manor,Stratford-upon-Avon,United Kingdom,Sales,events@stratfordmanor.co.uk,,https://www.stratfordmanor.co.uk,https://www.stratfordmanor.co.uk/,verified
UK,The Stratford Hotel,Stratford-upon-Avon,United Kingdom,Property,doubletreebyhiltonstratforduponavon@theqhotelscollection.co.uk,,https://www.thestratford-hotel.co.uk,https://www.thestratford-hotel.co.uk/,verified
UK,The Stratford Hotel,Stratford-upon-Avon,United Kingdom,Sales,events@thestratford-hotel.co.uk,,https://www.thestratford-hotel.co.uk,https://www.thestratford-hotel.co.uk/,verified
UK,THE PIG on the Beach,Studland,United Kingdom,Property,reservations@thepighotel.com,0345 225 9494,https://www.thepighotel.com/on-the-beach/,https://www.thepighotel.com/contact-us/,verified
UK,The Mole Resort,Surrey,United Kingdom,Sales,events@themoleresort.co.uk,,https://www.iconichotelsresorts.com,https://www.iconichotelsresorts.com/,verified
UK,Leonardo Hotel Swindon,Swindon,United Kingdom,Property,swindon@leonardohotels.com,,https://www.leonardo-hotels.com,https://www.leonardo-hotels.com/swindon/leonardo-hotel-swindon/faq,verified
UK,Cliveden House,Taplow,United Kingdom,Property,club@clivedenhouse.co.uk,,https://www.iconichotelsresorts.com,https://www.clivedenhouse.co.uk/contact/,verified
UK,Cliveden House,Taplow,United Kingdom,Reservations,reservations@clivedenhouse.co.uk,,https://www.iconichotelsresorts.com,https://www.clivedenhouse.co.uk/contact/,verified
UK,Cliveden House,Taplow,United Kingdom,Sales,special.events@clivedenhouse.co.uk,,https://www.iconichotelsresorts.com,https://www.clivedenhouse.co.uk/contact/,verified
UK,Lensbury,Teddington,United Kingdom,Property,hotel.reception@lensbury.com,,https://www.iconichotelsresorts.com,https://www.iconichotelsresorts.com/,verified
UK,Lensbury,Teddington,United Kingdom,Sales,functions@lensbury.com,,https://www.iconichotelsresorts.com,https://www.iconichotelsresorts.com/,verified
UK,Telford Hotel & Golf Resort,Telford,United Kingdom,Property,telfordhotelspagolfresort@theqhotelscollection.co.uk,,https://www.telfordhotelgolfresort.co.uk,https://www.telfordhotelgolfresort.co.uk/,verified
UK,Telford Hotel & Golf Resort,Telford,United Kingdom,Sales,events@telfordhotelgolfresort.co.uk,,https://www.telfordhotelgolfresort.co.uk,https://www.telfordhotelgolfresort.co.uk/,verified
UK,Calcot & Spa,Tetbury,United Kingdom,Property,reservations@calcot.co,,https://www.calcot.co,https://www.calcot.co/contact/,verified
UK,The Oxford Belfry,Thame,United Kingdom,Property,oxfordbelfryhotelspa@theqhotelscollection.co.uk,,https://www.theoxfordbelfry.co.uk,https://www.theoxfordbelfry.co.uk/,verified
UK,The Oxford Belfry,Thame,United Kingdom,Sales,events@theoxfordbelfry.co.uk,,https://www.theoxfordbelfry.co.uk,https://www.theoxfordbelfry.co.uk/,verified
UK,Hotel du Vin Tunbridge Wells,Tunbridge Wells,United Kingdom,Decision maker,groupsdesk@hotelduvin.com,+44 1892 320 749,https://www.hotelduvin.com,https://www.hotelduvin.com/contact-us/,verified
UK,Hotel du Vin Tunbridge Wells,Tunbridge Wells,United Kingdom,Property,reception.tunbridgewells@hotelduvin.com,+44 1892 320 749,https://www.hotelduvin.com,https://www.hotelduvin.com/contact-us/,verified
UK,Fanhams Hall,Ware,United Kingdom,Property,fanhamshall@exclusive.co.uk,,https://www.exclusive.co.uk/fanhams-hall/,https://www.exclusive.co.uk/fanhams-hall/,verified
UK,Leonardo Hotel London Watford,Watford,United Kingdom,Property,watford@leonardohotels.com,,https://www.leonardo-hotels.com,https://www.leonardo-hotels.com/london/leonardo-hotel-london-watford/faq,verified
UK,The Grove,Watford,United Kingdom,Reservations,info@thegrove.co.uk,+44 1923 807807,https://www.thegrove.co.uk,https://www.thegrove.co.uk/contact/,verified
UK,The Grove,Watford,United Kingdom,Sales,events@thegrove.co.uk,+44 1923 807807,https://www.thegrove.co.uk,https://www.thegrove.co.uk/contact/,verified
UK,Hotel du Vin Winchester,Winchester,United Kingdom,Decision maker,groupsdesk@hotelduvin.com,+44 1962 896 329,https://www.hotelduvin.com,https://www.hotelduvin.com/contact-us/,verified
UK,Hotel du Vin Winchester,Winchester,United Kingdom,Property,info.winchester@hotelduvin.com,+44 1962 896 329,https://www.hotelduvin.com,https://www.hotelduvin.com/contact-us/,verified
UK,Lainston House,Winchester,United Kingdom,Property,lainstonhouse@exclusive.co.uk,,https://www.exclusive.co.uk/lainston-house/,https://www.exclusive.co.uk/lainston-house/,verified
UK,Norton Park Hotel,Winchester,United Kingdom,Property,nortonparkhotelsparesort@theqhotelscollection.co.uk,,https://www.nortonparkhotel.com,https://www.nortonparkhotel.com/,verified
UK,Norton Park Hotel,Winchester,United Kingdom,Sales,events@nortonparkhotel.com,,https://www.nortonparkhotel.com,https://www.nortonparkhotel.com/,verified
UK,The Feathers Hotel,Woodstock,United Kingdom,Property,reception@feathers.co.uk,,https://www.feathers.co.uk,https://www.feathers.co.uk/contact/,verified
UK,Hotel du Vin York,York,United Kingdom,Decision maker,groupsdesk@hotelduvin.com,+44 1904 405 260,https://www.hotelduvin.com,https://www.hotelduvin.com/contact-us/,verified
UK,Hotel du Vin York,York,United Kingdom,Property,info.york@hotelduvin.com,+44 1904 405 260,https://www.hotelduvin.com,https://www.hotelduvin.com/contact-us/,verified
UK,Middlethorpe Hall & Spa,York,United Kingdom,Property,spa@middlethorpe.com,,https://www.middlethorpe.com,https://www.middlethorpe.com/contact/,verified
UK,Middlethorpe Hall & Spa,York,United Kingdom,Reservations,info@middlethorpe.com,,https://www.middlethorpe.com,https://www.middlethorpe.com/contact/,verified
UK,No. 1 York by GuestHouse,York,United Kingdom,Decision maker,no1.reservations@guesthousehotels.co.uk,,https://guesthousehotels.co.uk/no-1-york/,https://guesthousehotels.co.uk/no-1-york/,verified
UK,Roomzzz York,York,United Kingdom,Property,york@roomzzz.com,,https://roomzzz.com,https://roomzzz.com/contact,verified
UK,Roomzzz York,York,United Kingdom,Sales,corporate@roomzzz.com,,https://roomzzz.com,https://roomzzz.com/contact,verified
UK,Staycity,York,United Kingdom,Property,info@staycity.com,,https://www.staycitylive.com,https://www.staycitylive.com/contact,verified
UK,The Milner York,York,United Kingdom,Property,reservations@themilneryork.com,,https://www.themilneryork.com,https://www.themilneryork.com/contact-us/,verified
UK,The Milner York (formerly Principal York),York,United Kingdom,Property,reservations@theprincipalyork.com,,https://www.themilneryork.com,https://www.themilneryork.com/contact-us/,verified
US,Graduate Ann Arbor,Ann Arbor,United States,Property,info@graduateannarbor.com,734 769 2200,https://graduatehotels.com/ann-arbor,https://info.graduatehotels.com/emails/live-at-ann-arbor,verified
US,Graduate Ann Arbor,Ann Arbor,United States,Sales,sales@graduatehotels.com,734 769 2200,https://graduatehotels.com/ann-arbor,https://info.graduatehotels.com/emails/live-at-ann-arbor,verified
US,Graduate Annapolis,Annapolis,United States,Property,info@graduateannapolis.com,410 263 7777,https://graduatehotels.com/annapolis,https://info.graduatehotels.com/emails/live-at-annapolis,verified
US,Graduate Annapolis,Annapolis,United States,Sales,sales@graduatehotels.com,410 263 7777,https://graduatehotels.com/annapolis,https://info.graduatehotels.com/emails/live-at-annapolis,verified
US,Graduate Athens,Athens,United States,Property,info@graduateathens.com,706 549 7020,https://graduatehotels.com/athens,https://info.graduatehotels.com/emails/live-at-athens,verified
US,Graduate Athens,Athens,United States,Sales,sales@graduatehotels.com,706 549 7020,https://graduatehotels.com/athens,https://info.graduatehotels.com/emails/live-at-athens,verified
US,Blueground Atlanta,Atlanta,United States,Property,cx-atl@theblueground.com,,https://www.theblueground.com,https://www.theblueground.com/contact,verified
US,Hotel Clermont,Atlanta,United States,Decision maker,abigail@hotelclermont.com,470-485-0485,https://hotelclermont.com/,https://www.hotelclermont.com/hotel-policy,verified
US,Hotel Clermont,Atlanta,United States,Property,frontdesk@hotelclermont.com,470-485-0485,https://hotelclermont.com/,https://www.hotelclermont.com/hotel-policy,verified
US,The Georgian Terrace Hotel,Atlanta,United States,Sales,sales@thegeorgianterrace.com,404-897-1991,https://thegeorgianterrace.com/,https://thegeorgianterrace.com/weddings/,verified
US,Austin Proper Hotel,Austin,United States,Decision maker,atxp.info@properhotel.com,+1 512 628 1500,https://www.properhotel.com/austin/,https://www.northstarmeetingsgroup.com/Meeting-Event-Venues/Austin/Convention-Hotel/Austin-Proper-Hotel-p53205326,verified
US,Blueground Austin,Austin,United States,Property,cx-austin@theblueground.com,,https://www.theblueground.com,https://www.theblueground.com/contact,verified
US,Blueground Austin,Austin,United States,Sales,sales-atx@theblueground.com,,https://www.theblueground.com,https://www.theblueground.com/contact,verified
US,Carpenter Hotel,Austin,United States,Property,reservations@thecarpenterhotel.com,512-682-5300,https://thecarpenterhotel.com/,https://carpenterhotelshop.com/pages/contact-us,verified
US,Hotel Van Zandt,Austin,United States,Property,info@hotelvanzandt.com,512-542-5300,https://www.hotelvanzandt.com/,https://www.hotelvanzandt.com/faqs/,verified
US,Hotel Van Zandt,Austin,United States,Reservations,frontdesk@hotelvanzandt.com,512-542-5300,https://www.hotelvanzandt.com/,https://www.hotelvanzandt.com/faqs/,verified
US,Proper Austin,Austin,United States,Property,atxp.info@properhotel.com,,https://properhotel.com,https://properhotel.com/austin/,verified
US,South Congress Hotel,Austin,United States,Property,info@southcongresshotel.com,512-920-6405,https://southcongresshotel.com/,https://southcongresshotel.com/contact,verified
US,South Congress Hotel,Austin,United States,Reservations,reservations@southcongresshotel.com,512-920-6405,https://southcongresshotel.com/,https://southcongresshotel.com/contact,verified
US,South Congress Hotel,Austin,United States,Sales,sales@southcongresshotel.com,512-920-6405,https://southcongresshotel.com/,https://southcongresshotel.com/contact,verified
US,The LINE Austin,Austin,United States,Property,reservations.atx@thelinehotel.com,512-643-6609,https://www.thelinehotel.com/austin/,https://www.thelinehotel.com/contact/,verified
US,The LINE Austin,Austin,United States,Sales,sales.austin@thelinehotel.com,512-643-6609,https://www.thelinehotel.com/austin/,https://www.thelinehotel.com/contact/,verified
US,The Maybourne Beverly Hills,Beverly Hills,United States,Decision maker,sjagger@maybournebeverlyhills.com,+1 310 860 7800,https://www.maybourne.com,https://www.maybourne.com/en/about-us/contact,verified
US,The Maybourne Beverly Hills,Beverly Hills,United States,Property,info@maybournebeverlyhills.com,+1 310 860 7800,https://www.maybourne.com,https://www.maybourne.com/en/about-us/contact,verified
US,The Maybourne Beverly Hills,Beverly Hills,United States,Reservations,beverlyhills.reservations@maybourne.com,+1 310 860 7800,https://www.maybourne.com,https://www.maybourne.com/en/about-us/contact,verified
US,Graduate Bloomington,Bloomington,United States,Property,info@graduatebloomington.com,812 994 0500,https://graduatehotels.com/bloomington,https://info.graduatehotels.com/emails/live-at-bloomington,verified
US,Graduate Bloomington,Bloomington,United States,Sales,sales@graduatehotels.com,812 994 0500,https://graduatehotels.com/bloomington,https://info.graduatehotels.com/emails/live-at-bloomington,verified
US,Battery Wharf Hotel,Boston,United States,Property,bwbgsa@batterywharfhotel.com,0503107000000,https://www.batterywharfhotel.com,https://www.batterywharfhotel.com,verified
US,Blueground Boston,Boston,United States,Property,cx-boston@theblueground.com,,https://www.theblueground.com,https://www.theblueground.com/contact,verified
US,Blueground Boston,Boston,United States,Sales,sales-bos@theblueground.com,,https://www.theblueground.com,https://www.theblueground.com/contact,verified
US,Boston Harbor Hotel,Boston,United States,Property,concierge@bostonharborhotel.com,,https://www.bostonharborhotel.com,https://www.bostonharborhotel.com/contact-us,verified
US,Boston Harbor Hotel,Boston,United States,Reservations,reservations@bostonharborhotel.com,,https://www.bostonharborhotel.com,https://www.bostonharborhotel.com/contact-us,verified
US,Boston Harbor Hotel,Boston,United States,Sales,bhhsales@bostonharborhotel.com,,https://www.bostonharborhotel.com,https://www.bostonharborhotel.com/contact-us,verified
US,"Club Quarters Hotel, Faneuil Hall",Boston,United States,Property,guestservices@clubquarters.com,,https://www.clubquartershotels.com/boston/faneuil-hall,https://www.clubquartershotels.com/boston/faneuil-hall,verified
US,Hotel Commonwealth,Boston,United States,Property,info@hotelcommonwealth.com,617-933-5000,https://www.hotelcommonwealth.com/,https://www.hotelcommonwealth.com/contact/,verified
US,Hotel Commonwealth,Boston,United States,Reservations,allreservations@hotelcommonwealth.com,617-933-5000,https://www.hotelcommonwealth.com/,https://www.hotelcommonwealth.com/contact/,verified
US,Hotel Commonwealth,Boston,United States,Sales,sales@hotelcommonwealth.com,617-933-5000,https://www.hotelcommonwealth.com/,https://www.hotelcommonwealth.com/contact/,verified
US,Raffles Boston,Boston,United States,Property,boston@raffles.com,,https://www.raffles.com,https://www.raffles.com/contact-us/,verified
US,Raffles Boston,Boston,United States,Reservations,reservations.boston@raffles.com,,https://www.raffles.com,https://www.raffles.com/contact-us/,verified
US,Seaport Hotel Boston,Boston,United States,Property,info@seaportboston.com,617-385-4000,https://www.seaportboston.com,https://www.seaportboston.com/contact,verified
US,The Verb Hotel,Boston,United States,Property,info@theverbhotel.com,(617) 566-4500,https://www.theverbhotel.com,https://www.theverbhotel.com,verified
US,The Whitney Hotel Boston,Boston,United States,Property,info@whitneyhotelboston.com,888-673-3650,https://www.whitneyhotelboston.com/,https://www.whitneyhotelboston.com/faq,verified
US,XV Beacon,Boston,United States,Property,reservations@xvbeacon.com,617-670-1500,https://xvbeacon.com/,https://xvbeacon.com/contact-directions/,verified
US,XV Beacon,Boston,United States,Sales,sales@xvbeacon.com,617-670-1500,https://xvbeacon.com/,https://xvbeacon.com/contact-directions/,verified
US,YOTEL Boston,Boston,United States,Property,boston.contact@yotel.com,+1 617-377-4747,https://www.yotel.com,https://www.yotel.com/en/hotels/yotel-boston,verified
US,YOTEL Boston,Boston,United States,Sales,boston.sales@yotel.com,+1 617-377-4747,https://www.yotel.com,https://www.yotel.com/en/hotels/yotel-boston,verified
US,1 Hotel Brooklyn Bridge,Brooklyn,United States,Property,1bb-guestexperience@1hotels.com,,https://www.1hotels.com,https://www.1hotels.com/contact,verified
US,Ace Hotel Brooklyn,Brooklyn,United States,Property,frontdesk.bk@acehotel.com,718-313-3636,https://www.acehotel.com/brooklyn/,https://www.acehotel.com/contact/,verified
US,Arlo Williamsburg,Brooklyn,United States,Sales,williamsburgevents@arlohotels.com,,https://www.arlohotels.com,https://www.arlohotels.com/williamsburg,verified
US,Pod Brooklyn Hotel,Brooklyn,United States,Decision maker,reservations@podhotelbk.com,+1 718 963 3060,https://www.thepodhotel.com,https://www.thepodhotel.com/contact-us,verified
US,The Hoxton Williamsburg,Brooklyn,United States,Property,hello.williamsburg@thehox.com,,https://thehoxton.com,https://thehoxton.com/contact,verified
US,The Hoxton Williamsburg,Brooklyn,United States,Reservations,book.williamsburg@thehox.com,,https://thehoxton.com,https://thehoxton.com/contact,verified
US,The Hoxton Williamsburg,Brooklyn,United States,Sales,sales.williamsburg@thehox.com,,https://thehoxton.com,https://thehoxton.com/contact,verified
US,The William Vale,Brooklyn,United States,Property,info@thewilliamvale.com,,https://www.thewilliamvale.com,https://www.thewilliamvale.com/contact,verified
US,Graduate Chapel Hill,Chapel Hill,United States,Property,info@graduatehotelchapelhill.com,919 442 9000,https://graduatehotels.com/chapel-hill,https://info.graduatehotels.com/emails/chapel-hill-opening,verified
US,Graduate Chapel Hill,Chapel Hill,United States,Sales,sales@graduatehotels.com,919 442 9000,https://graduatehotels.com/chapel-hill,https://info.graduatehotels.com/emails/chapel-hill-opening,verified
US,Graduate Charlottesville,Charlottesville,United States,Property,info@graduatecharlottesville.com,434 295 4333,https://graduatehotels.com/charlottesville,https://info.graduatehotels.com/emails/live-at-charlottesville,verified
US,Graduate Charlottesville,Charlottesville,United States,Sales,sales@graduatehotels.com,434 295 4333,https://graduatehotels.com/charlottesville,https://info.graduatehotels.com/emails/live-at-charlottesville,verified
US,ACME Hotel Company,Chicago,United States,Property,info@acmehotelcompany.com,312 894 0800,https://www.acmehotelcompany.com,https://www.acmehotelcompany.com/faqs,verified
US,Arlo Chicago,Chicago,United States,Property,hellochicago@arlohotels.com,312.346.1200,https://arlohotels.com/,https://arlohotels.com/about/contact-us/,verified
US,Arlo Chicago,Chicago,United States,Reservations,reservations@arlohotels.com,312.346.1200,https://arlohotels.com/,https://arlohotels.com/about/contact-us/,verified
US,Arlo Chicago,Chicago,United States,Sales,chicagosales@arlohotels.com,312.346.1200,https://arlohotels.com/,https://arlohotels.com/about/contact-us/,verified
US,Blueground Chicago,Chicago,United States,Property,cx-chicago@theblueground.com,,https://www.theblueground.com,https://www.theblueground.com/contact,verified
US,Blueground Chicago,Chicago,United States,Sales,sales-chi@theblueground.com,,https://www.theblueground.com,https://www.theblueground.com/contact,verified
US,Chicago Athletic Association Hotel,Chicago,United States,Property,reservations@chicagoathletichotel.com,,https://www.chicagoathletichotel.com,https://www.chicagoathletichotel.com/,verified
US,Chicago Hotel Collection - Ambassador Gold Coast,Chicago,United States,Property,ambassador@thechicagohotelcollection.com,312-748-1301,https://www.thechicagohotelcollection.com/,https://www.thechicagohotelcollection.com/contact,verified
US,Chicago Hotel Collection - Magnificent Mile,Chicago,United States,Property,magmile@thechicagohotelcollection.com,312-787-6000,https://www.thechicagohotelcollection.com/,https://www.thechicagohotelcollection.com/contact,verified
US,Chicago Hotel Collection - River North,Chicago,United States,Property,rivernorth@thechicagohotelcollection.com,312-447-9697,https://www.thechicagohotelcollection.com/,https://www.thechicagohotelcollection.com/contact,verified
US,Chicago Hotel Collection - Wrigleyville,Chicago,United States,Property,wrigleyville@thechicagohotelcollection.com,312-447-9697,https://www.thechicagohotelcollection.com/,https://www.thechicagohotelcollection.com/contact,verified
US,"Club Quarters Hotel, Central Loop",Chicago,United States,Property,guestservices@clubquarters.com,,https://www.clubquartershotels.com/chicago/central-loop,https://www.clubquartershotels.com/chicago/central-loop,verified
US,"Club Quarters Hotel, Wacker at Michigan",Chicago,United States,Property,guestservices@clubquarters.com,,https://www.clubquartershotels.com/,https://www.clubquartershotels.com/contact-us,verified
US,Freehand Chicago,Chicago,United States,Property,chicago@thefreehand.com,,https://freehandhotels.com/,https://freehandhotels.com/contact-us/,verified
US,Freehand Chicago,Chicago,United States,Sales,sales.us@thefreehand.com,,https://freehandhotels.com/,https://freehandhotels.com/contact-us/,verified
US,Godfrey Hotel Chicago,Chicago,United States,Property,godfrey@godfreyhotelchicago.com,,https://www.godfreyhotelchicago.com,https://www.godfreyhotelchicago.com/,verified
US,Graduate Evanston,Chicago,United States,Property,info@graduateevanston.com,847-475-3300,https://graduatehotels.com/evanston,https://graduatehotels.com/evanston/contact,verified
US,Graduate Evanston,Chicago,United States,Sales,sales@graduateevanston.com,847-475-3300,https://graduatehotels.com/evanston,https://graduatehotels.com/evanston/contact,verified
US,Kimpton Gray Hotel,Chicago,United States,Property,info@grayhotelchicago.com,312-750-9012,https://www.grayhotelchicago.com/,https://www.grayhotelchicago.com/contact/,verified
US,The Gray Chicago,Chicago,United States,Property,info@grayhotelchicago.com,,https://www.grayhotelchicago.com,https://www.grayhotelchicago.com/contact,verified
US,The Hoxton Chicago,Chicago,United States,Property,hello.chicago@thehox.com,,https://thehoxton.com,https://thehoxton.com/contact,verified
US,The Hoxton Chicago,Chicago,United States,Reservations,book.chicago@thehox.com,,https://thehoxton.com,https://thehoxton.com/contact,verified
US,The Hoxton Chicago,Chicago,United States,Sales,sales.chicago@thehox.com,,https://thehoxton.com,https://thehoxton.com/contact,verified
US,"The Hoxton, Chicago",Chicago,United States,Property,hello.chicago@thehox.com,312-761-1700,https://thehoxton.com/chicago/,https://thehoxton.com/downtown-la/contact/,verified
US,"The Hoxton, Chicago",Chicago,United States,Reservations,book.chicago@thehox.com,312-761-1700,https://thehoxton.com/chicago/,https://thehoxton.com/downtown-la/contact/,verified
US,"The Hoxton, Chicago",Chicago,United States,Sales,sales.chicago@thehox.com,312-761-1700,https://thehoxton.com/chicago/,https://thehoxton.com/downtown-la/contact/,verified
US,The Langham Chicago,Chicago,United States,Property,tlchi.info@langhamhotels.com,,https://www.langhamhotels.com,https://www.langhamhotels.com/en/the-langham/chicago/contact-us/,verified
US,The Langham Chicago,Chicago,United States,Sales,tlchi.weddings@langhamhotels.com,,https://www.langhamhotels.com,https://www.langhamhotels.com/en/the-langham/chicago/contact-us/,verified
US,The Robey,Chicago,United States,Property,contact@therobey.com,,https://www.therobey.com,https://www.therobey.com/,verified
US,Viceroy Chicago,Chicago,United States,Property,chicago@viceroy.com,+1 312 586 2000,https://www.viceroyhotelsandresorts.com,https://www.viceroyhotelsandresorts.com/chicago/contact,verified
US,Viceroy Chicago,Chicago,United States,Sales,vchi-sales@viceroy.com,+1 312 586 2000,https://www.viceroyhotelsandresorts.com,https://www.viceroyhotelsandresorts.com/chicago/contact,verified
US,Walton Residence,Chicago,United States,Property,info@waltonresidence.com,,https://waltonresidence.com/,https://waltonresidence.com/contact-us/,verified
US,theWit Chicago,Chicago,United States,Decision maker,morgan.eagles@hilton.com,312-467-0200,https://thewithotel.com/,https://thewithotel.com/contact/,verified
US,theWit Chicago,Chicago,United States,Sales,catering@thewithotel.com,312-467-0200,https://thewithotel.com/,https://thewithotel.com/contact/,verified
US,Graduate Cincinnati,Cincinnati,United States,Property,info@graduatecincinnati.com,513 487 3800,https://graduatehotels.com/cincinnati,https://info.graduatehotels.com/emails/cincinnati-opening,verified
US,Graduate Cincinnati,Cincinnati,United States,Sales,sales@graduatehotels.com,513 487 3800,https://graduatehotels.com/cincinnati,https://info.graduatehotels.com/emails/cincinnati-opening,verified
US,Graduate Columbia,Columbia,United States,Property,info@graduatecolumbia.com,803 779 7779,https://graduatehotels.com/columbia,https://info.graduatehotels.com/emails/live-at-columbia,verified
US,Graduate Columbia,Columbia,United States,Sales,sales@graduatehotels.com,803 779 7779,https://graduatehotels.com/columbia,https://info.graduatehotels.com/emails/live-at-columbia,verified
US,Graduate Columbus,Columbus,United States,Property,info@graduatecolumbus.com,614 484 1900,https://graduatehotels.com/columbus,https://info.graduatehotels.com/emails/live-at-columbus,verified
US,Graduate Columbus,Columbus,United States,Sales,sales@graduatehotels.com,614 484 1900,https://graduatehotels.com/columbus,https://info.graduatehotels.com/emails/live-at-columbus,verified
US,Blueground Dallas,Dallas,United States,Property,cx-dfw@theblueground.com,,https://www.theblueground.com,https://www.theblueground.com/contact,verified
US,Virgin Hotels Dallas,Dallas,United States,Property,stay.dallas@virginhotels.com,469-359-7700,https://virginhotels.com/dallas/,https://virginhotels.com/dallas/contact-us/,verified
US,Blueground Denver,Denver,United States,Property,cx-denver@theblueground.com,,https://www.theblueground.com,https://www.theblueground.com/contact,verified
US,Hotel Teatro,Denver,United States,Property,reservations@hotelteatro.com,303-228-1100,https://hotelteatro.com/,https://hotelteatro.com/faq/,verified
US,The Crawford Hotel,Denver,United States,Property,info@thecrawfordhotel.com,720-460-3924,https://www.thecrawfordhotel.com/,https://www.thecrawfordhotel.com/faq/,verified
US,The Crawford Hotel,Denver,United States,Reservations,reservations@thecrawfordhotel.com,720-460-3924,https://www.thecrawfordhotel.com/,https://www.thecrawfordhotel.com/faq/,verified
US,The Crawford Hotel,Denver,United States,Sales,sales@thecrawfordhotel.com,720-460-3924,https://www.thecrawfordhotel.com/,https://www.thecrawfordhotel.com/faq/,verified
US,The Maven Hotel,Denver,United States,Reservations,reservations@themavenhotel.com,,https://www.themavenhotel.com,https://www.themavenhotel.com/contact,verified
US,The Maven Hotel,Denver,United States,Sales,sales@themavenhotel.com,,https://www.themavenhotel.com,https://www.themavenhotel.com/contact,verified
US,The Maven Hotel at The Dairy Block,Denver,United States,Property,reservations@themavenhotel.com,,https://www.themavenhotel.com/,https://www.themavenhotel.com/contact-us,verified
US,The Maven Hotel at The Dairy Block,Denver,United States,Sales,sales@themavenhotel.com,,https://www.themavenhotel.com/,https://www.themavenhotel.com/contact-us,verified
US,The Oxford Hotel,Denver,United States,Property,reservations@theoxfordhotel.com,303-628-5400,https://www.theoxfordhotel.com/,https://www.theoxfordhotel.com/contact,verified
US,The Ramble Hotel,Denver,United States,Property,explore@theramblehotel.com,720-996-6300,https://www.theramblehotel.com/,https://www.theramblehotel.com/contact-us/,verified
US,The Ramble Hotel,Denver,United States,Reservations,reservations@theramblehotel.com,720-996-6300,https://www.theramblehotel.com/,https://www.theramblehotel.com/contact-us/,verified
US,The Ramble Hotel,Denver,United States,Sales,bbenson@theramblehotel.com,720-996-6300,https://www.theramblehotel.com/,https://www.theramblehotel.com/contact-us/,verified
US,Blueground Detroit,Detroit,United States,Property,cx-dtw@theblueground.com,,https://www.theblueground.com,https://www.theblueground.com/contact,verified
US,Shinola Hotel,Detroit,United States,Property,reservations@shinolahotel.com,,https://www.shinolahotel.com,https://www.shinolahotel.com/contact,verified
US,1 Hotel Hanalei Bay,Hanalei,United States,Property,lih1hhb.conciergeservices@1hotels.com,,https://www.1hotels.com,https://www.1hotels.com/hanalei-bay,verified
US,Kimpton Everly Hotel,Hollywood,United States,Property,talktous@everlyhotelhollywood.com,,https://www.kimptoneverlyhotel.com,https://www.kimptoneverlyhotel.com/contact,verified
US,Graduate Iowa City,Iowa City,United States,Property,info@graduateiowacity.com,319 337 4058,https://graduatehotels.com/iowa-city,https://info.graduatehotels.com/emails/iowa-city-opening-email-1-1,verified
US,Graduate Iowa City,Iowa City,United States,Sales,sales@graduatehotels.com,319 337 4058,https://graduatehotels.com/iowa-city,https://info.graduatehotels.com/emails/iowa-city-opening-email-1-1,verified
US,Blueground Kansas City,Kansas City,United States,Property,cx-mci@theblueground.com,,https://www.theblueground.com,https://www.theblueground.com/contact,verified
US,Graduate Knoxville,Knoxville,United States,Property,info@graduateknoxville.com,865 437 5500,https://graduatehotels.com/knoxville,https://info.graduatehotels.com/emails/knoxville-opening,verified
US,Graduate Knoxville,Knoxville,United States,Sales,sales@graduatehotels.com,865 437 5500,https://graduatehotels.com/knoxville,https://info.graduatehotels.com/emails/knoxville-opening,verified
US,La Jolla Cove Hotel & Suites,La Jolla,United States,Property,reservations@lajollacove.com,,https://www.lajollacove.com,https://www.lajollacove.com/,verified
US,Virgin Hotels Las Vegas,Las Vegas,United States,Property,info.lasvegas@vhlv.com,702-693-5000,https://www.virginhotelslv.com/,https://www.virginhotelslv.com/contact/,verified
US,Graduate Lincoln,Lincoln,United States,Property,info@graduatelincoln.com,402 475 4011,https://graduatehotels.com/lincoln,https://info.graduatehotels.com/emails/live-at-lincoln,verified
US,Graduate Lincoln,Lincoln,United States,Sales,sales@graduatehotels.com,402 475 4011,https://graduatehotels.com/lincoln,https://info.graduatehotels.com/emails/live-at-lincoln,verified
US,1 Hotel West Hollywood,Los Angeles,United States,Property,1wh-concierge@1hotels.com,,https://www.1hotels.com/west-hollywood,https://www.1hotels.com/west-hollywood/faq,verified
US,1 Hotel West Hollywood,Los Angeles,United States,Sales,1wh-sales@1hotels.com,,https://www.1hotels.com/west-hollywood,https://www.1hotels.com/west-hollywood/faq,verified
US,Avalon Hotel Beverly Hills,Los Angeles,United States,Property,guestservices@avalonbeverlyhills.com,310-277-5221,https://www.properhotel.com/,https://www.properhotel.com/contact-us/,verified
US,Avalon Hotel Beverly Hills,Los Angeles,United States,Sales,abh.sales@avalonbeverlyhills.com,310-277-5221,https://www.properhotel.com/,https://www.properhotel.com/contact-us/,verified
US,Blueground Los Angeles,Los Angeles,United States,Property,cx-losangeles@theblueground.com,,https://www.theblueground.com,https://www.theblueground.com/contact,verified
US,Blueground Los Angeles,Los Angeles,United States,Sales,sales-lax@theblueground.com,,https://www.theblueground.com,https://www.theblueground.com/contact,verified
US,Downtown L.A. Proper Hotel,Los Angeles,United States,Property,dtlap.info@properhotel.com,,https://www.properhotel.com/downtown-la/,https://www.properhotel.com/contact-us/,verified
US,Downtown L.A. Proper Hotel,Los Angeles,United States,Sales,dtlap.sales@properhotel.com,,https://www.properhotel.com/downtown-la/,https://www.properhotel.com/contact-us/,verified
US,Freehand Los Angeles,Los Angeles,United States,Property,losangeles@thefreehand.com,213-612-0021,https://freehandhotels.com/los-angeles/,https://freehandhotels.com/contact-us/,verified
US,Freehand Los Angeles,Los Angeles,United States,Sales,sales.losangeles@thefreehand.com,213-612-0021,https://freehandhotels.com/los-angeles/,https://freehandhotels.com/contact-us/,verified
US,Hotel Figueroa,Los Angeles,United States,Property,info@hotelfigueroa.com,,https://www.hotelfigueroa.com,https://www.hotelfigueroa.com/contact-us/,verified
US,Hotel June Malibu,Los Angeles,United States,Property,hjm.info@thehoteljune.com,424-644-0517,https://www.thehoteljune.com/,https://www.properhotel.com/contact-us/,verified
US,Hotel June Malibu,Los Angeles,United States,Sales,hjm.sales@thehoteljune.com,424-644-0517,https://www.thehoteljune.com/,https://www.properhotel.com/contact-us/,verified
US,Hotel June West LA,Los Angeles,United States,Property,info@thehoteljune.com,310-645-0400,https://www.thehoteljune.com/,https://www.properhotel.com/contact-us/,verified
US,Hotel June West LA,Los Angeles,United States,Sales,sales@thehoteljune.com,310-645-0400,https://www.thehoteljune.com/,https://www.properhotel.com/contact-us/,verified
US,PUBLIC Los Angeles,Los Angeles,United States,Reservations,reservationsla@publichotels.com,,https://www.publichotels.com,https://www.publichotels.com/contact,verified
US,PUBLIC Los Angeles,Los Angeles,United States,Sales,salesla@publichotels.com,,https://www.publichotels.com,https://www.publichotels.com/contact,verified
US,Proper Downtown LA,Los Angeles,United States,Property,dtlap.info@properhotel.com,,https://properhotel.com,https://properhotel.com/downtown-la/,verified
US,Proper Downtown LA,Los Angeles,United States,Sales,dtlap.sales@properhotel.com,,https://properhotel.com,https://properhotel.com/downtown-la/,verified
US,Proper Hotels,Los Angeles,United States,Property,info@properhotel.com,,https://properhotel.com,https://www.properhotel.com/contact/,verified
US,Proper Hotels,Los Angeles,United States,Reservations,reservations@properhotel.com,,https://properhotel.com,https://www.properhotel.com/contact/,verified
US,Proper Hotels,Los Angeles,United States,Sales,sales@properhotel.com,,https://properhotel.com,https://www.properhotel.com/contact/,verified
US,Proper Hotels (US group reservations),Los Angeles,United States,Property,info@properhotel.com,,https://www.properhotel.com,https://www.properhotel.com/contact/,verified
US,Proper Hotels (US group reservations),Los Angeles,United States,Reservations,reservations@properhotel.com,,https://www.properhotel.com,https://www.properhotel.com/contact/,verified
US,Proper Hotels (US group reservations),Los Angeles,United States,Sales,sales@properhotel.com,,https://www.properhotel.com,https://www.properhotel.com/contact/,verified
US,Santa Monica Proper Hotel,Los Angeles,United States,Property,smp.info@properhotel.com,310-620-9990,https://www.properhotel.com/santa-monica/,https://www.properhotel.com/contact-us/,verified
US,Santa Monica Proper Hotel,Los Angeles,United States,Reservations,smp.reservations@properhotel.com,310-620-9990,https://www.properhotel.com/santa-monica/,https://www.properhotel.com/contact-us/,verified
US,Santa Monica Proper Hotel,Los Angeles,United States,Sales,smp.sales@properhotel.com,310-620-9990,https://www.properhotel.com/santa-monica/,https://www.properhotel.com/contact-us/,verified
US,The Culver Hotel,Los Angeles,United States,Property,info@theculverhotel.com,310-558-9400,https://www.theculverhotel.com/,https://www.properhotel.com/contact-us/,verified
US,The Culver Hotel,Los Angeles,United States,Reservations,reservations@theculverhotel.com,310-558-9400,https://www.theculverhotel.com/,https://www.properhotel.com/contact-us/,verified
US,The Culver Hotel,Los Angeles,United States,Sales,sales@theculverhotel.com,310-558-9400,https://www.theculverhotel.com/,https://www.properhotel.com/contact-us/,verified
US,The Hoxton Downtown LA,Los Angeles,United States,Property,hello.dtla@thehox.com,,https://thehoxton.com,https://thehoxton.com/contact,verified
US,The Hoxton Downtown LA,Los Angeles,United States,Reservations,book.dtla@thehox.com,,https://thehoxton.com,https://thehoxton.com/contact,verified
US,The Hoxton Downtown LA,Los Angeles,United States,Sales,sales.dtla@thehox.com,,https://thehoxton.com,https://thehoxton.com/contact,verified
US,"The Hoxton, Downtown LA",Los Angeles,United States,Property,hello.dtla@thehox.com,213-725-5900,https://thehoxton.com/downtown-la/,https://thehoxton.com/downtown-la/contact/,verified
US,"The Hoxton, Downtown LA",Los Angeles,United States,Reservations,book.dtla@thehox.com,213-725-5900,https://thehoxton.com/downtown-la/,https://thehoxton.com/downtown-la/contact/,verified
US,"The Hoxton, Downtown LA",Los Angeles,United States,Sales,sales.dtla@thehox.com,213-725-5900,https://thehoxton.com/downtown-la/,https://thehoxton.com/downtown-la/contact/,verified
US,The LINE Hotels,Los Angeles,United States,Property,info@thelinehotel.com,,https://www.thelinehotel.com,https://www.thelinehotel.com/los-angeles/,verified
US,The LINE LA,Los Angeles,United States,Decision maker,sales.la@thelinehotel.com,+1 213 381 7411,https://www.thelinehotel.com/los-angeles/,https://www.thelinehotel.com/los-angeles/faq/,verified
US,The LINE LA,Los Angeles,United States,Property,reservations.la@thelinehotel.com,+1 213 381 7411,https://www.thelinehotel.com/los-angeles/,https://www.thelinehotel.com/los-angeles/faq/,verified
US,The West Hollywood EDITION,Los Angeles,United States,Property,info.weho@editionhotels.com,310-953-9899,https://www.editionhotels.com/weho/,https://www.editionhotels.com/weho/contact/,verified
US,The West Hollywood EDITION,Los Angeles,United States,Reservations,reservations.weho@editionhotels.com,310-953-9899,https://www.editionhotels.com/weho/,https://www.editionhotels.com/weho/contact/,verified
US,The West Hollywood EDITION,Los Angeles,United States,Sales,sales.weho@editionhotels.com,310-953-9899,https://www.editionhotels.com/weho/,https://www.editionhotels.com/weho/contact/,verified
US,Grand Hotel,Mackinac Island,United States,Property,reservations@grandhotel.com,+1 800 334 7263,https://www.grandhotel.com,https://www.grandhotel.com/contact,verified
US,Graduate Madison,Madison,United States,Property,info@graduatemadison.com,608 257 4391,https://graduatehotels.com/madison,https://info.graduatehotels.com/emails/live-at-madison,verified
US,Graduate Madison,Madison,United States,Sales,sales@graduatehotels.com,608 257 4391,https://graduatehotels.com/madison,https://info.graduatehotels.com/emails/live-at-madison,verified
US,Blueground Memphis,Memphis,United States,Property,cx-mem@theblueground.com,,https://www.theblueground.com,https://www.theblueground.com/contact,verified
US,1 Hotel South Beach,Miami,United States,Property,mia1hsb-concierge@1hotels.com,305-604-1539,https://www.1hotels.com/south-beach,https://www.1hotels.com/south-beach/faq,verified
US,Arlo Hotels Miami,Miami,United States,Sales,miamisales@arlohotels.com,,https://arlohotels.com,https://arlohotels.com/about/contact-us/,verified
US,Arlo Wynwood,Miami,United States,Property,hellowynwood@arlohotels.com,,https://arlohotels.com/,https://arlohotels.com/about/contact-us/,verified
US,Arlo Wynwood,Miami,United States,Reservations,reservations@arlohotels.com,,https://arlohotels.com/,https://arlohotels.com/about/contact-us/,verified
US,Arlo Wynwood,Miami,United States,Sales,miamisales@arlohotels.com,,https://arlohotels.com/,https://arlohotels.com/about/contact-us/,verified
US,Blueground Miami,Miami,United States,Property,cx-miami@theblueground.com,,https://www.theblueground.com,https://www.theblueground.com/contact,verified
US,Blueground Miami,Miami,United States,Sales,sales-mia@theblueground.com,,https://www.theblueground.com,https://www.theblueground.com/contact,verified
US,Four Ambassadors Apartments,Miami,United States,Property,reservations@fourambassadors.cc,786-593-3628,https://fourambassadors.cc/,https://fourambassadors.cc/contact-us,verified
US,Freehand Miami,Miami,United States,Property,miami@thefreehand.com,,https://freehandhotels.com/,https://freehandhotels.com/contact-us/,verified
US,Freehand Miami,Miami,United States,Sales,sales.us@thefreehand.com,,https://freehandhotels.com/,https://freehandhotels.com/contact-us/,verified
US,The Miami Beach EDITION,Miami,United States,Property,concierge.mia@editionhotels.com,786-257-4500,https://www.editionhotels.com/miami-beach/,https://www.editionhotels.com/miami-beach/contact/,verified
US,The Miami Beach EDITION,Miami,United States,Reservations,reservations.miamibeach@editionhotels.com,786-257-4500,https://www.editionhotels.com/miami-beach/,https://www.editionhotels.com/miami-beach/contact/,verified
US,The Miami Beach EDITION,Miami,United States,Sales,mbeditionsales@editionhotels.com,786-257-4500,https://www.editionhotels.com/miami-beach/,https://www.editionhotels.com/miami-beach/contact/,verified
US,The Shelborne by Proper,Miami,United States,Property,info@shelborne.com,305-531-1271,https://www.properhotel.com/,https://www.properhotel.com/contact-us/,verified
US,The Shelborne by Proper,Miami,United States,Sales,sales@shelborne.com,305-531-1271,https://www.properhotel.com/,https://www.properhotel.com/contact-us/,verified
US,"The Standard, Miami Beach",Miami,United States,Property,miami@standardmiami.com,305-673-1717,https://www.standardhotels.com/miami/properties/miami-beach,https://www.standardhotels.com/miami/properties/miami-beach,verified
US,Trump National Doral Miami,Miami,United States,Decision maker,doral.reservations@trumphotels.com,+1 305 592 2000,https://www.trumphotels.com,https://www.booktrump.com/miami,verified
US,YOTEL Miami,Miami,United States,Property,mia.contact@yotel.com,,https://www.yotel.com,https://www.yotel.com/en/hotels/yotel-miami,verified
US,YOTEL Miami,Miami,United States,Reservations,miami.reservations@yotel.com,,https://www.yotel.com,https://www.yotel.com/en/hotels/yotel-miami,verified
US,YOTEL Miami,Miami,United States,Sales,mia.sales@yotel.com,,https://www.yotel.com,https://www.yotel.com/en/hotels/yotel-miami,verified
US,Casa Faena,Miami Beach,United States,Property,casareception@faena.com,,https://www.faena.com,https://www.faena.com/miami-beach/contact-us,verified
US,Casa Faena,Miami Beach,United States,Reservations,reservations-casafaena@faena.com,,https://www.faena.com,https://www.faena.com/miami-beach/contact-us,verified
US,Faena Hotel Miami Beach,Miami Beach,United States,Reservations,reservations-miamibeach@faena.com,,https://www.faena.com,https://www.faena.com/miami-beach/contact-us,verified
US,Faena Hotel Miami Beach,Miami Beach,United States,Sales,events-miamibeach@faena.com,,https://www.faena.com,https://www.faena.com/miami-beach/contact-us,verified
US,Faena Hotels,Miami Beach,United States,Property,info@faenahotels.com,,https://www.faena.com,https://www.faena.com/miami-beach/contact-us,verified
US,Faena Hotels,Miami Beach,United States,Reservations,reservations@faenahotels.com,,https://www.faena.com,https://www.faena.com/miami-beach/contact-us,verified
US,Faena Hotels,Miami Beach,United States,Sales,specialevents@faenahotels.com,,https://www.faena.com,https://www.faena.com/miami-beach/contact-us,verified
US,Miami Beach EDITION,Miami Beach,United States,Decision maker,reservations.miamibeach@editionhotels.com,+1 786 257 4500,https://www.editionhotels.com/miami-beach/,https://www.editionhotels.com/contact/,verified
US,Miami Beach EDITION,Miami Beach,United States,Sales,mbeditionsales@editionhotels.com,+1 786 257 4500,https://www.editionhotels.com/miami-beach/,https://www.editionhotels.com/contact/,verified
US,National Hotel,Miami Beach,United States,Property,info@nationalhotel.com,,https://www.nationalhotel.com,https://www.nationalhotel.com/contact,verified
US,National Hotel,Miami Beach,United States,Reservations,reservations@nationalhotel.com,,https://www.nationalhotel.com,https://www.nationalhotel.com/contact,verified
US,National Hotel,Miami Beach,United States,Sales,sales@nationalhotel.com,,https://www.nationalhotel.com,https://www.nationalhotel.com/contact,verified
US,National Hotel Miami Beach,Miami Beach,United States,Property,reservations@mareva1939.com,,https://www.nationalhotel.com,https://www.nationalhotel.com/contact,verified
US,Surfcomber by Marriott,Miami Beach,United States,Property,talktous@surfcomber.com,,https://www.surfcomber.com,https://www.surfcomber.com/contact,verified
US,The Betsy Hotel,Miami Beach,United States,Property,info@thebetsyhotel.com,,https://www.thebetsyhotel.com,https://www.thebetsyhotel.com/contact,verified
US,The Betsy Hotel,Miami Beach,United States,Reservations,reservations@thebetsyhotel.com,,https://www.thebetsyhotel.com,https://www.thebetsyhotel.com/contact,verified
US,The Betsy Hotel,Miami Beach,United States,Sales,sales@thebetsyhotel.com,,https://www.thebetsyhotel.com,https://www.thebetsyhotel.com/contact,verified
US,The Miami Beach EDITION,Miami Beach,United States,Sales,leisuresales.mia@editionhotels.com,,https://www.editionhotels.com,https://www.editionhotels.com/contact/,verified
US,The Setai Miami Beach,Miami Beach,United States,Property,info@thesetaihotel.com,,https://www.thesetaihotel.com,https://www.thesetaihotel.com/contact,verified
US,The Setai Miami Beach,Miami Beach,United States,Reservations,reservations@thesetaihotel.com,,https://www.thesetaihotel.com,https://www.thesetaihotel.com/contact,verified
US,The Setai Miami Beach,Miami Beach,United States,Sales,sales@thesetaihotel.com,,https://www.thesetaihotel.com,https://www.thesetaihotel.com/contact,verified
US,Blueground Minneapolis,Minneapolis,United States,Property,cx-msp@theblueground.com,,https://www.theblueground.com,https://www.theblueground.com/contact,verified
US,Graduate Minneapolis,Minneapolis,United States,Property,info@graduateminneapolis.com,612 379 8888,https://graduatehotels.com/minneapolis,https://info.graduatehotels.com/emails/live-at-minneapolis,verified
US,Graduate Minneapolis,Minneapolis,United States,Sales,sales@graduatehotels.com,612 379 8888,https://graduatehotels.com/minneapolis,https://info.graduatehotels.com/emails/live-at-minneapolis,verified
US,1 Hotel Nashville,Nashville,United States,Property,bna1hna-concierge@1hotels.com,615-510-0400,https://www.1hotels.com/nashville,https://www.1hotels.com/nashville/faq,verified
US,1 Hotel Nashville,Nashville,United States,Sales,bna1hna-sales@1hotels.com,615-510-0400,https://www.1hotels.com/nashville,https://www.1hotels.com/nashville/faq,verified
US,Blueground Nashville,Nashville,United States,Property,cx-bna@theblueground.com,,https://www.theblueground.com,https://www.theblueground.com/contact,verified
US,Graduate Nashville,Nashville,United States,Property,info@graduatenashville.com,615-551-2700,https://graduatehotels.com/nashville,https://info.graduatehotels.com/emails/live-at-nashville,verified
US,Graduate Nashville,Nashville,United States,Sales,sales@graduatehotels.com,615-551-2700,https://graduatehotels.com/nashville,https://info.graduatehotels.com/emails/live-at-nashville,verified
US,Noelle Nashville,Nashville,United States,Property,hello@noelle-nashville.com,,https://www.noelle-nashville.com,https://www.noelle-nashville.com/contact,verified
US,Noelle Nashville,Nashville,United States,Sales,events@noelle-nashville.com,,https://www.noelle-nashville.com,https://www.noelle-nashville.com/contact,verified
US,The Hermitage Hotel,Nashville,United States,Property,reservations@thehermitagehotel.com,,https://www.thehermitagehotel.com,https://thehermitagehotel.com/contact/,verified
US,Virgin Hotels Nashville,Nashville,United States,Property,info.nashville@virginhotels.com,615-667-8000,https://virginhotels.com/nashville/,https://virginhotels.com/nashville/contact-us/,verified
US,Virgin Hotels Nashville,Nashville,United States,Reservations,stay.nashville@virginhotels.com,615-667-8000,https://virginhotels.com/nashville/,https://virginhotels.com/nashville/contact-us/,verified
US,Virgin Hotels Nashville,Nashville,United States,Sales,sales.nashville@virginhotels.com,615-667-8000,https://virginhotels.com/nashville/,https://virginhotels.com/nashville/contact-us/,verified
US,Graduate New Haven,New Haven,United States,Property,info@graduatenewhaven.com,475 207 7070,https://graduatehotels.com/new-haven,https://info.graduatehotels.com/emails/live-at-new-haven,verified
US,Graduate New Haven,New Haven,United States,Sales,sales@graduatehotels.com,475 207 7070,https://graduatehotels.com/new-haven,https://info.graduatehotels.com/emails/live-at-new-haven,verified
US,Henrietta New Orleans,New Orleans,United States,Property,sleep@henriettahotel.com,,https://www.henriettahotel.com,https://www.henriettahotel.com/contact,verified
US,Hotel Monteleone,New Orleans,United States,Property,info@hotelmonteleone.com,,https://www.hotelmonteleone.com,https://www.hotelmonteleone.com/contact/,verified
US,Virgin Hotels New Orleans,New Orleans,United States,Property,info.neworleans@virginhotels.com,504-603-8000,https://virginhotels.com/new-orleans/,https://virginhotels.com/new-orleans/contact-us/,verified
US,Virgin Hotels New Orleans,New Orleans,United States,Sales,sales.neworleans@virginhotels.com,504-603-8000,https://virginhotels.com/new-orleans/,https://virginhotels.com/new-orleans/contact-us/,verified
US,Mohonk Mountain House,New Paltz,United States,Property,info@mohonk.com,,https://www.mohonk.com,https://www.mohonk.com/contact-us,verified
US,1 Hotel Brooklyn Bridge,New York,United States,Property,nyc1hbb-concierge@1hotels.com,347-696-2500,https://www.1hotels.com/brooklyn-bridge,https://www.1hotels.com/brooklyn-bridge/faq,verified
US,1 Hotel Central Park,New York,United States,Property,1cp-concierge@1hotels.com,,https://www.1hotels.com/central-park,https://www.1hotels.com/central-park/faq,verified
US,11 Howard,New York,United States,Property,contactus@11howard.com,,https://www.11howard.com/,https://www.11howard.com/about/faq,verified
US,11 Howard,New York,United States,Reservations,reservations@11howard.com,,https://www.11howard.com/,https://www.11howard.com/about/faq,verified
US,11 Howard,New York,United States,Sales,sales@11howard.com,,https://www.11howard.com/,https://www.11howard.com/about/faq,verified
US,Ace Hotel Brooklyn,New York,United States,Property,reservations.bk@acehotel.com,718-313-3636,https://acehotel.com/brooklyn,https://acehotel.com/contact/,verified
US,Ace Hotel Brooklyn,New York,United States,Sales,sales.bk@acehotel.com,718-313-3636,https://acehotel.com/brooklyn,https://acehotel.com/contact/,verified
US,Ace Hotel New York,New York,United States,Property,reservations@acehotelnyc.com,212-679-2222,https://acehotel.com/new-york,https://acehotel.com/contact/,verified
US,Ace Hotel New York,New York,United States,Sales,sales@acehotelnyc.com,212-679-2222,https://acehotel.com/new-york,https://acehotel.com/contact/,verified
US,Arlo Hotels,New York,United States,Property,hello@arlohotels.com,888.260.2756,https://arlohotels.com,https://arlohotels.com/about/contact-us/,verified
US,Arlo Hotels,New York,United States,Reservations,reservations@arlohotels.com,888.260.2756,https://arlohotels.com,https://arlohotels.com/about/contact-us/,verified
US,Arlo Hotels NYC,New York,United States,Sales,nycsales@arlohotels.com,,https://arlohotels.com,https://arlohotels.com/about/contact-us/,verified
US,Arlo Midtown,New York,United States,Property,hellomidtown@arlohotels.com,212-343-7000,https://arlohotels.com/,https://arlohotels.com/about/contact-us/,verified
US,Arlo Midtown,New York,United States,Reservations,reservations@arlohotels.com,212-343-7000,https://arlohotels.com/,https://arlohotels.com/about/contact-us/,verified
US,Arlo Midtown,New York,United States,Sales,nycsales@arlohotels.com,212-343-7000,https://arlohotels.com/,https://arlohotels.com/about/contact-us/,verified
US,Arlo NoMad,New York,United States,Property,hellonomad@arlohotels.com,212-806-7000,https://arlohotels.com/,https://arlohotels.com/about/contact-us/,verified
US,Arlo NoMad,New York,United States,Reservations,reservations@arlohotels.com,212-806-7000,https://arlohotels.com/,https://arlohotels.com/about/contact-us/,verified
US,Arlo NoMad,New York,United States,Sales,nycsales@arlohotels.com,212-806-7000,https://arlohotels.com/,https://arlohotels.com/about/contact-us/,verified
US,Arlo SoHo,New York,United States,Property,hellosoho@arlohotels.com,212-342-7000,https://arlohotels.com/,https://arlohotels.com/about/contact-us/,verified
US,Arlo SoHo,New York,United States,Reservations,reservations@arlohotels.com,212-342-7000,https://arlohotels.com/,https://arlohotels.com/about/contact-us/,verified
US,Arlo SoHo,New York,United States,Sales,nycsales@arlohotels.com,212-342-7000,https://arlohotels.com/,https://arlohotels.com/about/contact-us/,verified
US,Arlo Williamsburg,New York,United States,Property,hellowilliamsburg@arlohotels.com,,https://arlohotels.com/,https://arlohotels.com/about/contact-us/,verified
US,Arlo Williamsburg,New York,United States,Reservations,reservations@arlohotels.com,,https://arlohotels.com/,https://arlohotels.com/about/contact-us/,verified
US,Arlo Williamsburg,New York,United States,Sales,williamsburgsales@arlohotels.com,,https://arlohotels.com/,https://arlohotels.com/about/contact-us/,verified
US,Blueground New York,New York,United States,Property,cx-newyork@theblueground.com,,https://www.theblueground.com,https://www.theblueground.com/contact,verified
US,Blueground New York,New York,United States,Sales,sales-nyc@theblueground.com,,https://www.theblueground.com,https://www.theblueground.com/contact,verified
US,Blueground USA,New York,United States,Property,cx-usa@theblueground.com,,https://www.theblueground.com,https://www.theblueground.com/contact,verified
US,Blueground USA,New York,United States,Sales,sales-usa@theblueground.com,,https://www.theblueground.com,https://www.theblueground.com/contact,verified
US,Bryant Park Hotel,New York,United States,Property,info@bryantparkhotel.com,,https://bryantparkhotel.com/,https://bryantparkhotel.com/faq/,verified
US,Bryant Park Hotel,New York,United States,Reservations,reservations@bryantparkhotel.com,,https://bryantparkhotel.com/,https://bryantparkhotel.com/faq/,verified
US,Bryant Park Hotel,New York,United States,Sales,sales@bryantparkhotel.com,,https://bryantparkhotel.com/,https://bryantparkhotel.com/faq/,verified
US,Cassa NYC / Cassa Residences,New York,United States,Property,info@cassanyc.com,800-991-2772,https://cassanyc.com/,https://cassanyc.com/furnished-apartments-rentals/,verified
US,"Club Quarters Hotel, Grand Central",New York,United States,Property,guestservices@clubquarters.com,212-986-6400,https://www.clubquartershotels.com/new-york-city/grand-central,https://www.clubquartershotels.com/new-york-city/grand-central,verified
US,"Club Quarters Hotel, Midtown",New York,United States,Property,guestservices@clubquarters.com,,https://www.clubquartershotels.com/,https://www.clubquartershotels.com/contact-us,verified
US,"Club Quarters Hotel, World Trade Center",New York,United States,Property,guestservices@clubquarters.com,212-577-1133,https://www.clubquartershotels.com/new-york-city/world-trade-center,https://www.clubquartershotels.com/new-york-city/world-trade-center,verified
US,Club Quarters Hotels,New York,United States,Property,guestservices@clubquarters.com,,https://clubquarters.com,https://clubquarters.com/contact,verified
US,Crosby Street Hotel,New York,United States,Decision maker,thomaswoynar@firmdale.com,,https://www.firmdalehotels.com/hotels/crosby-street-hotel/,https://www.firmdalehotels.com/hotels/crosby-street-hotel/contacts-faqs,verified
US,Crosby Street Hotel,New York,United States,Property,crosby@firmdale.com,,https://www.firmdalehotels.com/hotels/crosby-street-hotel/,https://www.firmdalehotels.com/hotels/crosby-street-hotel/contacts-faqs,verified
US,Crosby Street Hotel,New York,United States,Reservations,reservations@crosbystreethotel.com,,https://www.firmdalehotels.com/hotels/crosby-street-hotel/,https://www.firmdalehotels.com/hotels/crosby-street-hotel/contacts-faqs,verified
US,Crosby Street Hotel,New York,United States,Sales,sales@firmdale.com,,https://www.firmdalehotels.com/hotels/crosby-street-hotel/,https://www.firmdalehotels.com/hotels/crosby-street-hotel/contacts-faqs,verified
US,EDITION Hotels,New York,United States,Sales,gabrielle.harrison@editionhotels.com,,https://www.editionhotels.com,https://www.editionhotels.com/contact/,verified
US,Equinox Hotel Hudson Yards,New York,United States,Property,guestrelations.hy@equinox-hotels.com,,https://www.equinox-hotels.com,https://www.equinox-hotels.com/contact/,verified
US,Equinox Hotel Hudson Yards,New York,United States,Reservations,reservations.hy@equinox-hotels.com,,https://www.equinox-hotels.com,https://www.equinox-hotels.com/contact/,verified
US,Equinox Hotel Hudson Yards,New York,United States,Sales,sales.hy@equinox-hotels.com,,https://www.equinox-hotels.com,https://www.equinox-hotels.com/contact/,verified
US,Faena New York,New York,United States,Reservations,reservations-newyork@faena.com,,https://www.faena.com,https://www.faena.com/new-york/contact-us,verified
US,Faena New York,New York,United States,Sales,events-newyork@faena.com,,https://www.faena.com,https://www.faena.com/new-york/contact-us,verified
US,Freehand New York,New York,United States,Property,newyork@thefreehand.com,,https://freehandhotels.com/,https://freehandhotels.com/contact-us/,verified
US,Freehand New York,New York,United States,Sales,sales.us@thefreehand.com,,https://freehandhotels.com/,https://freehandhotels.com/contact-us/,verified
US,Furnished Quarters,New York,United States,Property,guestservices@furnishedquarters.com,,https://www.furnishedquarters.com,https://www.furnishedquarters.com/contact,verified
US,Furnished Quarters,New York,United States,Sales,corporatesales@furnishedquarters.com,,https://www.furnishedquarters.com,https://www.furnishedquarters.com/contact,verified
US,Furnished Quarters (NYC HQ),New York,United States,Decision maker,guestservices@furnishedquarters.com,+1 212 367 9400,https://www.furnishedquarters.com,https://www.furnishedquarters.com/contact,verified
US,Hotel Chelsea,New York,United States,Property,reservations@hotelchelsea.com,,https://www.hotelchelsea.com,https://www.hotelchelsea.com/contact,verified
US,Kimpton Hotel Eventi,New York,United States,Property,info@hoteleventi.com,212-564-4567,https://www.hoteleventi.com/,https://www.hoteleventi.com/contact-us/,verified
US,Kimpton Theta New York - Times Square,New York,United States,Property,info@hoteltheta.com,,https://www.hoteltheta.com/,https://www.hoteltheta.com/contact-us/,verified
US,MADE Hotel,New York,United States,Property,hello@madehotels.com,212-213-4429,https://madehotels.com/,https://madehotels.com/contact-us/,verified
US,MADE Hotel,New York,United States,Reservations,reservations@madehotels.com,212-213-4429,https://madehotels.com/,https://madehotels.com/contact-us/,verified
US,MADE Hotel,New York,United States,Sales,sales@madehotels.com,212-213-4429,https://madehotels.com/,https://madehotels.com/contact-us/,verified
US,MADE Hotel New York,New York,United States,Property,hello@madehotels.com,,https://www.madehotels.com,https://www.madehotels.com/contact,verified
US,MADE Hotel New York,New York,United States,Reservations,reservations@madehotels.com,,https://www.madehotels.com,https://www.madehotels.com/contact,verified
US,MADE Hotel New York,New York,United States,Sales,sales@madehotels.com,,https://www.madehotels.com,https://www.madehotels.com/contact,verified
US,MADE Hotel NoMad,New York,United States,Decision maker,sales@madehotels.com,+1 212 213 4429,https://madehotels.com,https://madehotels.com/contact-us/,verified
US,MADE Hotel NoMad,New York,United States,Property,hello@madehotels.com,+1 212 213 4429,https://madehotels.com,https://madehotels.com/contact-us/,verified
US,PUBLIC Hotel New York,New York,United States,Decision maker,reservationsny@publichotels.com,+1 212 735 6000,https://www.publichotels.com/newyork,https://www.publichotels.com/newyork/contact,verified
US,PUBLIC Hotels,New York,United States,Sales,events@publichotels.com,,https://www.publichotels.com,https://www.publichotels.com/contact,verified
US,PUBLIC New York,New York,United States,Reservations,reservationsny@publichotels.com,,https://www.publichotels.com,https://www.publichotels.com/contact,verified
US,PUBLIC New York,New York,United States,Sales,salesny@publichotels.com,,https://www.publichotels.com,https://www.publichotels.com/contact,verified
US,Pod 39 Hotel,New York,United States,Decision maker,reservations@podhotel39.com,+1 212 865 5700,https://www.thepodhotel.com,https://www.thepodhotel.com/contact-us,verified
US,Pod 51 Hotel,New York,United States,Decision maker,reservations@podhotel51.com,+1 212 355 0300,https://www.thepodhotel.com,https://www.thepodhotel.com/contact-us,verified
US,Pod Brooklyn,New York,United States,Property,reservations@podhotelbk.com,718-963-3060,https://www.thepodhotel.com/,https://www.thepodhotel.com/contact-us,verified
US,Pod Pads NYC (extended stay),New York,United States,Decision maker,info@podpadsnyc.com,+1 646 973 4831,https://www.thepodhotel.com,https://www.thepodhotel.com/contact-us,verified
US,Pod Pads at Pod Times Square,New York,United States,Property,info@podpadsnyc.com,646-973-4831,https://www.thepodhotel.com/,https://www.thepodhotel.com/contact-us,verified
US,Pod Times Square,New York,United States,Decision maker,reservations@podhotel42.com,+1 212 273 9222,https://www.thepodhotel.com,https://www.thepodhotel.com/contact-us,verified
US,The Beekman,New York,United States,Reservations,beekmanreservations@thompsonhotels.com,,https://www.thebeekman.com,https://www.thebeekman.com/,verified
US,The Beekman,New York,United States,Sales,beekmansales@thompsonhotels.com,,https://www.thebeekman.com,https://www.thebeekman.com/,verified
US,"The Beekman, a Thompson Hotel",New York,United States,Property,beekmanreservations@thompsonhotels.com,212-233-2300,https://www.thebeekman.com/,https://www.thebeekman.com/faq/,verified
US,"The Beekman, a Thompson Hotel",New York,United States,Sales,beekmansales@thompsonhotels.com,212-233-2300,https://www.thebeekman.com/,https://www.thebeekman.com/faq/,verified
US,The Bowery Hotel,New York,United States,Property,reservations@bohonyc.com,212-505-9100,https://theboweryhotel.com/,https://theboweryhotel.com/,verified
US,The Carlyle,New York,United States,Property,thecarlyle@rosewoodhotels.com,012127441600,https://www.rosewoodhotels.com,https://www.rosewoodhotels.com/en/the-carlyle-new-york/contact,verified
US,The Dominick Hotel,New York,United States,Property,hotel@thedominick.com,+1 212.842.5500,https://www.thedominickhotel.com,https://www.thedominickhotel.com/contact-us,verified
US,The Dominick Hotel,New York,United States,Reservations,reservations@thedominick.com,+1 212.842.5500,https://www.thedominickhotel.com,https://www.thedominickhotel.com/contact-us,verified
US,"The Hoxton, Williamsburg",New York,United States,Property,hello.williamsburg@thehox.com,,https://thehoxton.com/williamsburg/,https://thehoxton.com/williamsburg/contact/,verified
US,"The Hoxton, Williamsburg",New York,United States,Reservations,book.williamsburg@thehox.com,,https://thehoxton.com/williamsburg/,https://thehoxton.com/williamsburg/contact/,verified
US,"The Hoxton, Williamsburg",New York,United States,Sales,sales.williamsburg@thehox.com,,https://thehoxton.com/williamsburg/,https://thehoxton.com/williamsburg/contact/,verified
US,The Lowell,New York,United States,Property,reservations@lowellhotel.com,,https://www.lowellhotel.com,https://www.lowellhotel.com/,verified
US,The Ludlow Hotel,New York,United States,Property,info@ludlowhotel.com,212-432-1818,https://ludlowhotel.com/,https://ludlowhotel.com/contact/,verified
US,The Mark Hotel,New York,United States,Property,reservations@themarkhotel.com,+12127444300,https://www.themarkhotel.com,https://www.themarkhotel.com/contact,verified
US,The Ned NoMad,New York,United States,Property,enquiries.nomad@thened.com,+1 212 722 0555,https://www.thened.com,https://www.thened.com/nomad/contact,verified
US,The New York EDITION,New York,United States,Decision maker,mary.cole@editionhotels.com,+1 212 413 4200,https://www.editionhotels.com/new-york/,https://www.editionhotels.com/contact/,verified
US,The New York EDITION,New York,United States,Property,nyeditioninfo@editionhotels.com,+1 212 413 4200,https://www.editionhotels.com/new-york/,https://www.editionhotels.com/contact/,verified
US,The New York EDITION,New York,United States,Sales,gabrielle.harrison@editionhotels.com,+1 212 413 4200,https://www.editionhotels.com/new-york/,https://www.editionhotels.com/contact/,verified
US,The New York EDITION – Group Sales,New York,United States,Decision maker,gabrielle.harrison@editionhotels.com,+1 212 413 4179,https://www.editionhotels.com/new-york/,https://www.editionhotels.com/contact/,verified
US,The Standard East Village,New York,United States,Property,reservations.ev@standardhotels.com,212-475-5700,https://www.standardhotels.com/east-village,https://www.standardhotels.com/east-village/contact,verified
US,The Standard East Village,New York,United States,Sales,sev.sales@standardhotels.com,212-475-5700,https://www.standardhotels.com/east-village,https://www.standardhotels.com/east-village/contact,verified
US,The Standard High Line,New York,United States,Property,hlguestservices@standardhotels.com,212-645-4646,https://www.standardhotels.com,https://www.standardhotels.com/new-york/properties/high-line/faqs,verified
US,The Standard High Line,New York,United States,Reservations,hlreservations@standardhotels.com,212-645-4646,https://www.standardhotels.com,https://www.standardhotels.com/new-york/properties/high-line/faqs,verified
US,The Standard High Line,New York,United States,Sales,hlsales@standardhotels.com,212-645-4646,https://www.standardhotels.com,https://www.standardhotels.com/new-york/properties/high-line/faqs,verified
US,"The Standard, East Village",New York,United States,Property,reservations.ev@standardhotels.com,212-475-5700,https://www.standardhotels.com/new-york/properties/east-village,https://www.standardhotels.com/new-york/properties/east-village,verified
US,"The Standard, East Village",New York,United States,Sales,sev.sales@standardhotels.com,212-475-5700,https://www.standardhotels.com/new-york/properties/east-village,https://www.standardhotels.com/new-york/properties/east-village,verified
US,"The Standard, High Line",New York,United States,Property,hlreservations@standardhotels.com,212-645-4646,https://www.standardhotels.com/new-york/properties/high-line,https://www.standardhotels.com/new-york/properties/high-line,verified
US,The Times Square EDITION,New York,United States,Decision maker,rachel.mcguirl@editionhotels.com,212-398-7017,https://www.editionhotels.com/times-square/,https://www.editionhotels.com/times-square/contact/,verified
US,The Times Square EDITION,New York,United States,Property,gem.tmsq@editionhotels.com,212-398-7017,https://www.editionhotels.com/times-square/,https://www.editionhotels.com/times-square/contact/,verified
US,The Times Square EDITION,New York,United States,Reservations,reservations.tmsq@editionhotels.com,212-398-7017,https://www.editionhotels.com/times-square/,https://www.editionhotels.com/times-square/contact/,verified
US,The Times Square EDITION,New York,United States,Sales,sales.tmsq@editionhotels.com,212-398-7017,https://www.editionhotels.com/times-square/,https://www.editionhotels.com/times-square/contact/,verified
US,The Wall Street Hotel,New York,United States,Property,info@thewallsthotel.com,,https://www.thewallsthotel.com/,https://www.thewallsthotel.com/faqs,verified
US,The Wall Street Hotel,New York,United States,Reservations,reservations@thewallsthotel.com,,https://www.thewallsthotel.com/,https://www.thewallsthotel.com/faqs,verified
US,The Wall Street Hotel,New York,United States,Sales,sales@thewallsthotel.com,,https://www.thewallsthotel.com/,https://www.thewallsthotel.com/faqs,verified
US,The Whitby Hotel,New York,United States,Decision maker,kathrinapitz@firmdale.com,,https://www.firmdalehotels.com/hotels/the-whitby-hotel/,https://www.firmdalehotels.com/hotels/the-whitby-hotel/contacts-faqs,verified
US,The Whitby Hotel,New York,United States,Property,whitby@firmdale.com,,https://www.firmdalehotels.com/hotels/the-whitby-hotel/,https://www.firmdalehotels.com/hotels/the-whitby-hotel/contacts-faqs,verified
US,The Whitby Hotel,New York,United States,Reservations,reservations@thewhitbyhotel.com,,https://www.firmdalehotels.com/hotels/the-whitby-hotel/,https://www.firmdalehotels.com/hotels/the-whitby-hotel/contacts-faqs,verified
US,The Whitby Hotel,New York,United States,Sales,sales@firmdale.com,,https://www.firmdalehotels.com/hotels/the-whitby-hotel/,https://www.firmdalehotels.com/hotels/the-whitby-hotel/contacts-faqs,verified
US,Times Square EDITION,New York,United States,Decision maker,sales.tmsq@editionhotels.com,+1 212 398 7017,https://www.editionhotels.com/times-square/,https://www.editionhotels.com/contact/,verified
US,Times Square EDITION,New York,United States,Property,reservations.tmsq@editionhotels.com,+1 212 398 7017,https://www.editionhotels.com/times-square/,https://www.editionhotels.com/contact/,verified
US,Virgin Hotels New York,New York,United States,Property,info.newyork@virginhotels.com,212-213-0090,https://virginhotels.com/new-york/,https://virginhotels.com/new-york/contact-us/,verified
US,Virgin Hotels New York,New York,United States,Reservations,stay.newyork@virginhotels.com,212-213-0090,https://virginhotels.com/new-york/,https://virginhotels.com/new-york/contact-us/,verified
US,Virgin Hotels New York,New York,United States,Sales,sales.newyork@virginhotels.com,212-213-0090,https://virginhotels.com/new-york/,https://virginhotels.com/new-york/contact-us/,verified
US,Walker Hotel Greenwich Village,New York,United States,Property,greenwich@walkerhotels.com,,https://www.walkerhotels.com,https://www.walkerhotels.com/contact/,verified
US,Walker Hotel Tribeca,New York,United States,Property,tribeca@walkerhotels.com,,https://www.walkerhotels.com,https://www.walkerhotels.com/contact/,verified
US,Walker Hotels,New York,United States,Sales,sales@walkerhotels.com,,https://www.walkerhotels.com,https://www.walkerhotels.com/contact/,verified
US,Wall Street Hotel,New York,United States,Property,reservations@thewallsthotel.com,,https://www.thewallsthotel.com,https://www.thewallsthotel.com/,verified
US,Warren Street Hotel,New York,United States,Decision maker,nickhamdy@firmdale.com,,https://www.firmdalehotels.com/hotels/warren-street-hotel/,https://www.firmdalehotels.com/hotels/warren-street-hotel/contacts-faqs,verified
US,Warren Street Hotel,New York,United States,Property,warren@firmdale.com,,https://www.firmdalehotels.com/hotels/warren-street-hotel/,https://www.firmdalehotels.com/hotels/warren-street-hotel/contacts-faqs,verified
US,Warren Street Hotel,New York,United States,Sales,sales@firmdale.com,,https://www.firmdalehotels.com/hotels/warren-street-hotel/,https://www.firmdalehotels.com/hotels/warren-street-hotel/contacts-faqs,verified
US,Blueground Orlando,Orlando,United States,Property,cx-mco@theblueground.com,,https://www.theblueground.com,https://www.theblueground.com/contact,verified
US,Ace Hotel & Swim Club Palm Springs,Palm Springs,United States,Property,frontdesk@acehotelpsp.com,760-325-9900,https://www.acehotel.com/palmsprings/,https://www.acehotel.com/contact/,verified
US,Ace Hotel & Swim Club Palm Springs,Palm Springs,United States,Reservations,reservations.psp@acehotelpsp.com,760-325-9900,https://www.acehotel.com/palmsprings/,https://www.acehotel.com/contact/,verified
US,Ace Hotel & Swim Club Palm Springs,Palm Springs,United States,Sales,sales@acehotelpsp.com,760-325-9900,https://www.acehotel.com/palmsprings/,https://www.acehotel.com/contact/,verified
US,AKA Rittenhouse Square / AKA Philadelphia,Philadelphia,United States,Property,orsguestservices@stayaka.com,,https://www.stayaka.com/,https://www.stayaka.com/meetings-and-events,verified
US,AKA Rittenhouse Square / AKA Philadelphia,Philadelphia,United States,Sales,phlsales@stayaka.com,,https://www.stayaka.com/,https://www.stayaka.com/meetings-and-events,verified
US,"Club Quarters Hotel, Rittenhouse Square",Philadelphia,United States,Property,guestservices@clubquarters.com,,https://www.clubquartershotels.com/philadelphia/rittenhouse-square,https://www.clubquartershotels.com/philadelphia/rittenhouse-square,verified
US,The Logan Philadelphia,Philadelphia,United States,Property,livelogan@theloganhotel.com,215-963-1500,https://www.theloganhotel.com/,https://www.theloganhotel.com/faqs,verified
US,The Logan Philadelphia,Philadelphia,United States,Sales,sales@theloganhotel.com,215-963-1500,https://www.theloganhotel.com/,https://www.theloganhotel.com/faqs,verified
US,The Rittenhouse,Philadelphia,United States,Property,info@rittenhousehotel.com,215-546-9000,https://www.rittenhousehotel.com/,https://www.rittenhousehotel.com/contact,verified
US,The Rittenhouse,Philadelphia,United States,Reservations,reservations@rittenhousehotel.com,215-546-9000,https://www.rittenhousehotel.com/,https://www.rittenhousehotel.com/contact,verified
US,Blueground Portland,Portland,United States,Property,cx-portland@theblueground.com,,https://www.theblueground.com,https://www.theblueground.com/contact,verified
US,Blueground Portland,Portland,United States,Sales,sales-pdx@theblueground.com,,https://www.theblueground.com,https://www.theblueground.com/contact,verified
US,The Hoxton Portland,Portland,United States,Property,hello.portland@thehox.com,,https://thehoxton.com,https://thehoxton.com/contact,verified
US,The Hoxton Portland,Portland,United States,Sales,sales.portland@thehox.com,,https://thehoxton.com,https://thehoxton.com/contact,verified
US,"The Hoxton, Portland",Portland,United States,Property,hello.portland@thehox.com,503-770-0500,https://thehoxton.com/portland/,https://thehoxton.com/portland/contact/,verified
US,"The Hoxton, Portland",Portland,United States,Sales,sales.portland@thehox.com,503-770-0500,https://thehoxton.com/portland/,https://thehoxton.com/portland/contact/,verified
US,Graduate Richmond,Richmond,United States,Property,info@graduaterichmond.com,804 644 9871,https://graduatehotels.com/richmond,https://info.graduatehotels.com/emails/live-at-richmond,verified
US,Graduate Richmond,Richmond,United States,Sales,sales@graduatehotels.com,804 644 9871,https://graduatehotels.com/richmond,https://info.graduatehotels.com/emails/live-at-richmond,verified
US,Bahia Resort Hotel,San Diego,United States,Decision maker,bhirzel@bahiahotel.com,,https://www.bahiahotel.com/,https://www.bahiahotel.com/contact,verified
US,Bahia Resort Hotel,San Diego,United States,Property,reservations@bahiahotel.com,,https://www.bahiahotel.com/,https://www.bahiahotel.com/contact,verified
US,Bahia Resort Hotel,San Diego,United States,Sales,ibutler@bahiahotel.com,,https://www.bahiahotel.com/,https://www.bahiahotel.com/contact,verified
US,Blueground San Diego,San Diego,United States,Property,cx-sandiego@theblueground.com,,https://www.theblueground.com,https://www.theblueground.com/contact,verified
US,Blueground San Diego,San Diego,United States,Sales,sales-san@theblueground.com,,https://www.theblueground.com,https://www.theblueground.com/contact,verified
US,Horton Grand Hotel,San Diego,United States,Property,frontdesk@hortongrand.com,619-544-1886,https://www.hortongrand.com/,https://www.hortongrand.com/contact,verified
US,Horton Grand Hotel,San Diego,United States,Reservations,res@hortongrand.com,619-544-1886,https://www.hortongrand.com/,https://www.hortongrand.com/contact,verified
US,Horton Grand Hotel,San Diego,United States,Sales,sales@hortongrand.com,619-544-1886,https://www.hortongrand.com/,https://www.hortongrand.com/contact,verified
US,Paradise Point Resort & Spa,San Diego,United States,Property,reservations@paradisepoint.com,858-274-4630,https://paradisepoint.com/,https://paradisepoint.com/contact-us/,verified
US,Paradise Point Resort & Spa,San Diego,United States,Sales,sales@paradisepoint.com,858-274-4630,https://paradisepoint.com/,https://paradisepoint.com/contact-us/,verified
US,The Dana on Mission Bay,San Diego,United States,Property,res@thedana.com,,https://thedana.com/,https://www.thedana.com/contact,verified
US,The Dana on Mission Bay,San Diego,United States,Sales,sales@thedana.com,,https://thedana.com/,https://www.thedana.com/contact,verified
US,The Lafayette Hotel Swim Club & Resort,San Diego,United States,Property,info@lafayettehotel.com,,https://www.lafayettehotel.com,https://www.lafayettehotel.com/contact,verified
US,The Pines at La Jolla Cove,San Diego,United States,Property,reservations@lajollacove.com,858-459-2621,https://www.lajollacove.com/,https://www.lajollacove.com/contact-our-oceanfront-hotel,verified
US,The Pines at La Jolla Cove,San Diego,United States,Sales,sales@lajollacove.com,858-459-2621,https://www.lajollacove.com/,https://www.lajollacove.com/contact-our-oceanfront-hotel,verified
US,1 Hotel San Francisco,San Francisco,United States,Property,sanfrancisco-concierge@1hotels.com,,https://www.1hotels.com/san-francisco,https://www.1hotels.com/san-francisco/faq,verified
US,1 Hotel San Francisco,San Francisco,United States,Sales,sanfrancisco-sales@1hotels.com,,https://www.1hotels.com/san-francisco,https://www.1hotels.com/san-francisco/faq,verified
US,Argonaut Hotel,San Francisco,United States,Property,argonautconcierge@noblehousehotels.com,,https://www.argonauthotel.com,https://www.argonauthotel.com/contact/,verified
US,Argonaut Hotel,San Francisco,United States,Reservations,bookargonaut@noblehousehotels.com,,https://www.argonauthotel.com,https://www.argonauthotel.com/contact/,verified
US,Blueground San Francisco,San Francisco,United States,Property,cx-sanfrancisco@theblueground.com,,https://www.theblueground.com,https://www.theblueground.com/contact,verified
US,Blueground San Francisco,San Francisco,United States,Sales,sales-sfo@theblueground.com,,https://www.theblueground.com,https://www.theblueground.com/contact,verified
US,"Club Quarters Hotel, Embarcadero",San Francisco,United States,Property,guestservices@clubquarters.com,,https://www.clubquartershotels.com/san-francisco/embarcadero,https://www.clubquartershotels.com/san-francisco/embarcadero,verified
US,Fairmont San Francisco,San Francisco,United States,Property,saffrontdesk@fairmont.com,,https://www.fairmont.com/san-francisco,https://www.fairmont.com/san-francisco/contact/,verified
US,Fairmont San Francisco,San Francisco,United States,Reservations,saf.reservations@fairmont.com,,https://www.fairmont.com/san-francisco,https://www.fairmont.com/san-francisco/contact/,verified
US,Hotel Drisco,San Francisco,United States,Property,reservations@hoteldrisco.com,,https://www.hoteldrisco.com,https://www.hoteldrisco.com/contact,verified
US,Hotel Zelos,San Francisco,United States,Property,zelos.info@zhotelssf.com,,https://www.zhotelssf.com,https://www.zhotelssf.com/,verified
US,Hotel Zelos,San Francisco,United States,Reservations,zelos.reservations@zhotelssf.com,,https://www.zhotelssf.com,https://www.zhotelssf.com/,verified
US,Hotel Zelos San Francisco,San Francisco,United States,Property,zelos.info@zhotelssf.com,415-348-1111,https://www.zhotelssf.com/hotels/zelos,https://www.zhotelssf.com/hotels/zelos/faq,verified
US,Hotel Zelos San Francisco,San Francisco,United States,Reservations,zelos.reservations@zhotelssf.com,415-348-1111,https://www.zhotelssf.com/hotels/zelos,https://www.zhotelssf.com/hotels/zelos/faq,verified
US,Hotel Zelos San Francisco,San Francisco,United States,Sales,sfsales@zhotelssf.com,415-348-1111,https://www.zhotelssf.com/hotels/zelos,https://www.zhotelssf.com/hotels/zelos/faq,verified
US,Hotel Zephyr,San Francisco,United States,Property,concierge@hotelzephyrsf.com,,https://www.hotelzephyrsf.com,https://www.hotelzephyrsf.com/contact,verified
US,Hotel Zephyr,San Francisco,United States,Sales,sales@hotelzephyrsf.com,,https://www.hotelzephyrsf.com,https://www.hotelzephyrsf.com/contact,verified
US,Hotel Zephyr San Francisco,San Francisco,United States,Property,zteam@hotelzephyrsf.com,415-617-6565,https://www.hotelzephyrsf.com/,https://www.hotelzephyrsf.com/contact/,verified
US,Hotel Zephyr San Francisco,San Francisco,United States,Sales,sales@hotelzephyrsf.com,415-617-6565,https://www.hotelzephyrsf.com/,https://www.hotelzephyrsf.com/contact/,verified
US,Hotel Zeppelin,San Francisco,United States,Property,zeppelin.info@zhotelssf.com,,https://www.zhotelssf.com,https://www.zhotelssf.com/,verified
US,Hotel Zeppelin,San Francisco,United States,Reservations,zeppelin.reservations@zhotelssf.com,,https://www.zhotelssf.com,https://www.zhotelssf.com/,verified
US,Hotel Zeppelin San Francisco,San Francisco,United States,Property,zeppelin.info@zhotelssf.com,415-563-0303,https://www.zhotelssf.com/hotels/zeppelin,https://www.zhotelssf.com/hotels/zeppelin/faq,verified
US,Hotel Zeppelin San Francisco,San Francisco,United States,Reservations,zeppelin.reservations@zhotelssf.com,415-563-0303,https://www.zhotelssf.com/hotels/zeppelin,https://www.zhotelssf.com/hotels/zeppelin/faq,verified
US,Hotel Zeppelin San Francisco,San Francisco,United States,Sales,sfsales@zhotelssf.com,415-563-0303,https://www.zhotelssf.com/hotels/zeppelin,https://www.zhotelssf.com/hotels/zeppelin/faq,verified
US,Hotel Zetta,San Francisco,United States,Property,zetta.info@zhotelssf.com,,https://www.zhotelssf.com,https://www.zhotelssf.com/,verified
US,Hotel Zetta,San Francisco,United States,Reservations,zetta.reservations@zhotelssf.com,,https://www.zhotelssf.com,https://www.zhotelssf.com/,verified
US,Hotel Zetta San Francisco,San Francisco,United States,Property,zetta.info@zhotelssf.com,415-543-8555,https://www.zhotelssf.com/hotels/zetta,https://www.zhotelssf.com/hotels/zetta/faq,verified
US,Hotel Zetta San Francisco,San Francisco,United States,Reservations,zetta.reservations@zhotelssf.com,415-543-8555,https://www.zhotelssf.com/hotels/zetta,https://www.zhotelssf.com/hotels/zetta/faq,verified
US,Hotel Zetta San Francisco,San Francisco,United States,Sales,sfsales@zhotelssf.com,415-543-8555,https://www.zhotelssf.com/hotels/zetta,https://www.zhotelssf.com/hotels/zetta/faq,verified
US,Kensington Park Hotel,San Francisco,United States,Property,frontdesk@kensingtonparkhotel.com,,https://www.kensingtonparkhotel.com,https://www.kensingtonparkhotel.com/contact,verified
US,Kensington Park Hotel,San Francisco,United States,Sales,sales@kensingtonparkhotel.com,,https://www.kensingtonparkhotel.com,https://www.kensingtonparkhotel.com/contact,verified
US,Proper San Francisco,San Francisco,United States,Property,sfp.frontdesk@properhotel.com,,https://properhotel.com,https://properhotel.com/san-francisco/,verified
US,San Francisco Proper Hotel,San Francisco,United States,Property,sfp.frontdesk@properhotel.com,415-735-7777,https://www.properhotel.com/san-francisco/,https://www.properhotel.com/contact-us/,verified
US,San Francisco Proper Hotel,San Francisco,United States,Sales,sfp.sales@properhotel.com,415-735-7777,https://www.properhotel.com/san-francisco/,https://www.properhotel.com/contact-us/,verified
US,White Swan Inn,San Francisco,United States,Property,frontdesk@whiteswaninnsf.com,,https://www.whiteswaninnsf.com,https://www.whiteswaninnsf.com/contact,verified
US,Hotel Casa del Mar,Santa Monica,United States,Property,customercare@casa-del-mar.com,,https://www.casa-del-mar.com,https://www.casa-del-mar.com/contact,verified
US,Proper Santa Monica,Santa Monica,United States,Property,smp.info@properhotel.com,,https://properhotel.com,https://properhotel.com/santa-monica/,verified
US,Santa Monica Proper Hotel – Sales,Santa Monica,United States,Decision maker,smp.sales@properhotel.com,+1 310 620 9990,https://www.properhotel.com/santa-monica/,https://www.properhotel.com/wp-content/uploads/2025/05/SMP_Meeting-and-Event-Brochure_042425.pdf,verified
US,Shutters on the Beach,Santa Monica,United States,Property,reservations@shuttersonthebeach.com,,https://www.shuttersonthebeach.com,https://www.shuttersonthebeach.com/,verified
US,Viceroy Santa Monica,Santa Monica,United States,Reservations,vsm.reservations@viceroy.com,,https://www.viceroyhotelsandresorts.com,https://www.viceroyhotelsandresorts.com/santa-monica/contact,verified
US,Viceroy Santa Monica,Santa Monica,United States,Sales,vsm.sales@viceroy.com,,https://www.viceroyhotelsandresorts.com,https://www.viceroyhotelsandresorts.com/santa-monica/contact,verified
US,1 Hotel Seattle,Seattle,United States,Property,sea1hse-guestservices@1hotels.com,206-264-8111,https://www.1hotels.com/seattle,https://www.1hotels.com/seattle/faq,verified
US,Ace Hotel Seattle,Seattle,United States,Property,enquire.sea@acehotel.com,206-448-4721,https://acehotel.com/seattle,https://acehotel.com/contact/,verified
US,Ace Hotel Seattle,Seattle,United States,Sales,sales.sea@acehotel.com,206-448-4721,https://acehotel.com/seattle,https://acehotel.com/contact/,verified
US,Blueground Seattle,Seattle,United States,Property,cx-seattle@theblueground.com,,https://www.theblueground.com,https://www.theblueground.com/contact,verified
US,Blueground Seattle,Seattle,United States,Sales,sales-sea@theblueground.com,,https://www.theblueground.com,https://www.theblueground.com/contact,verified
US,Graduate Seattle,Seattle,United States,Property,info@graduateseattle.com,206-634-2000,https://graduatehotels.com/seattle,https://graduatehotels.com/seattle/contact,verified
US,Graduate Seattle,Seattle,United States,Sales,sales@graduateseattle.com,206-634-2000,https://graduatehotels.com/seattle,https://graduatehotels.com/seattle/contact,verified
US,Hotel Sorrento,Seattle,United States,Property,info@hotelsorrento.com,,https://www.hotelsorrento.com,https://www.hotelsorrento.com/contact-us,verified
US,Kimpton Hotel Vintage Seattle,Seattle,United States,Property,ki-reservationspacificnorthwest@ihg.com,206-624-8000,https://www.hotelvintage-seattle.com/,https://www.hotelvintage-seattle.com/downtown-seattle-hotels/accessible-hotel-features/,verified
US,The Edgewater,Seattle,United States,Sales,edgecatering@edgewaterhotel.com,,https://www.edgewaterhotel.com,https://www.edgewaterhotel.com/contact-us/,verified
US,The Edgewater Hotel,Seattle,United States,Property,edgdesk@edgewaterhotel.com,,https://www.edgewaterhotel.com,https://www.edgewaterhotel.com/contact,verified
US,The Edgewater Hotel,Seattle,United States,Reservations,reservations@edgewaterhotel.com,,https://www.edgewaterhotel.com,https://www.edgewaterhotel.com/contact,verified
US,The Edgewater Hotel,Seattle,United States,Sales,sales@edgewaterhotel.com,,https://www.edgewaterhotel.com,https://www.edgewaterhotel.com/contact,verified
US,Viceroy Snowmass,Snowmass Village,United States,Property,reservations@viceroysnowmass.com,+1 970 923 8000,https://www.viceroyhotelsandresorts.com,https://www.viceroyhotelsandresorts.com/snowmass/contact,verified
US,Blueground St. Louis,St. Louis,United States,Property,cx-stl@theblueground.com,,https://www.theblueground.com,https://www.theblueground.com/contact,verified
US,Graduate State College,State College,United States,Property,info@graduatestatecollege.com,814 231 2100,https://graduatehotels.com/state-college,https://info.graduatehotels.com/emails/live-at-state-college,verified
US,Graduate State College,State College,United States,Sales,sales@graduatehotels.com,814 231 2100,https://graduatehotels.com/state-college,https://info.graduatehotels.com/emails/live-at-state-college,verified
US,Graduate Storrs,Storrs,United States,Property,info@graduatestorrs.com,860 427 7888,https://graduatehotels.com/storrs,https://info.graduatehotels.com/emails/storrs-opening,verified
US,Graduate Storrs,Storrs,United States,Sales,sales@graduatehotels.com,860 427 7888,https://graduatehotels.com/storrs,https://info.graduatehotels.com/emails/storrs-opening,verified
US,Blueground Tampa,Tampa,United States,Property,cx-tpa@theblueground.com,,https://www.theblueground.com,https://www.theblueground.com/contact,verified
US,The Tampa EDITION,Tampa,United States,Sales,sales.tpa@editionhotels.com,,https://www.editionhotels.com,https://www.editionhotels.com/contact/,verified
US,Graduate Tempe,Tempe,United States,Property,info@graduatetempe.com,480 967 9431,https://graduatehotels.com/tempe,https://info.graduatehotels.com/emails/live-at-tempe,verified
US,Graduate Tempe,Tempe,United States,Sales,sales@graduatehotels.com,480 967 9431,https://graduatehotels.com/tempe,https://info.graduatehotels.com/emails/live-at-tempe,verified
US,Graduate Tucson,Tucson,United States,Property,info@graduatetucson.com,520 467 5900,https://graduatehotels.com/tucson,https://info.graduatehotels.com/emails/tucson-opening,verified
US,Graduate Tucson,Tucson,United States,Sales,sales@graduatehotels.com,520 467 5900,https://graduatehotels.com/tucson,https://info.graduatehotels.com/emails/tucson-opening,verified
US,Blueground Tulsa,Tulsa,United States,Property,cx-tul@theblueground.com,,https://www.theblueground.com,https://www.theblueground.com/contact,verified
US,Trump Hotels – Global Sales,United States,United States,Decision maker,globalsales@trumphotels.com,+1 855 878 6700,https://www.trumphotels.com,https://www.trumphotels.com/contact-us,verified
US,Blueground Washington DC,Washington,United States,Property,cx-washingtondc@theblueground.com,,https://www.theblueground.com,https://www.theblueground.com/contact,verified
US,Blueground Washington DC,Washington,United States,Sales,sales-wdc@theblueground.com,,https://www.theblueground.com,https://www.theblueground.com/contact,verified
US,YOTEL Washington DC,Washington,United States,Property,washington.contact@yotel.com,,https://www.yotel.com,https://www.yotel.com/en/hotels/yotel-washington-dc,verified
US,YOTEL Washington DC,Washington,United States,Sales,washington.sales@yotel.com,,https://www.yotel.com,https://www.yotel.com/en/hotels/yotel-washington-dc,verified
US,Arlo Washington DC,Washington DC,United States,Property,hellodc@arlohotels.com,,https://arlohotels.com/,https://arlohotels.com/about/contact-us/,verified
US,Arlo Washington DC,Washington DC,United States,Reservations,reservations@arlohotels.com,,https://arlohotels.com/,https://arlohotels.com/about/contact-us/,verified
US,Arlo Washington DC,Washington DC,United States,Sales,dcsales@arlohotels.com,,https://arlohotels.com/,https://arlohotels.com/about/contact-us/,verified
US,"Club Quarters Hotel, White House",Washington DC,United States,Property,guestservices@clubquarters.com,,https://www.clubquartershotels.com/washington-dc/white-house,https://www.clubquartershotels.com/washington-dc/white-house,verified
US,Hotel Hive,Washington DC,United States,Property,info@hotelhive.com,202-849-8499,https://www.hotelhive.com/,https://www.hotelhive.com/contact-us,verified
US,Hotel Lombardy,Washington DC,United States,Property,info@hotellombardy.com,202-828-2600,https://www.hotellombardy.com,https://www.hotellombardy.com/contact-us,verified
US,Hotel Zena,Washington DC,United States,Property,dc.reservations@viceroy.com,+1 202 737 1200,https://www.hotelzena.com,https://www.hotelzena.com/contact,verified
US,Melrose Georgetown Hotel,Washington DC,United States,Property,info@melrosehoteldc.com,202.955.6400,https://www.melrosehoteldc.com,https://www.melrosehoteldc.com/contact,verified
US,Riggs Washington DC,Washington DC,United States,Property,reservations@riggsdc.com,202-638-1800,https://www.riggsdc.com/,https://www.riggsdc.com/contact/,verified
US,Riggs Washington DC,Washington DC,United States,Sales,sales@riggsdc.com,202-638-1800,https://www.riggsdc.com/,https://www.riggsdc.com/contact/,verified
US,The Darcy Hotel,Washington DC,United States,Property,frontoffice@thedarcyhotel.com,202-232-7000,https://www.thedarcyhotel.com/,https://www.thedarcyhotel.com/contact,verified
US,The Darcy Hotel,Washington DC,United States,Reservations,reservations@thedarcyhotel.com,202-232-7000,https://www.thedarcyhotel.com/,https://www.thedarcyhotel.com/contact,verified
US,The Darcy Hotel,Washington DC,United States,Sales,salesinquiries@thedarcyhotel.com,202-232-7000,https://www.thedarcyhotel.com/,https://www.thedarcyhotel.com/contact,verified
US,The LINE DC,Washington DC,United States,Property,reservations.dc@thelinehotel.com,202-588-0525,https://www.thelinehotel.com/dc/,https://www.thelinehotel.com/contact/,verified
US,The LINE DC,Washington DC,United States,Sales,sales.dc@thelinehotel.com,202-588-0525,https://www.thelinehotel.com/dc/,https://www.thelinehotel.com/contact/,verified
US,The LINE Hotel DC,Washington DC,United States,Property,info@thelinehotel.com,+12025880525,https://www.thelinehotel.com,https://www.thelinehotel.com/dc,verified
US,The LINE Hotel DC,Washington DC,United States,Reservations,reservations.dc@thelinehotel.com,+12025880525,https://www.thelinehotel.com,https://www.thelinehotel.com/dc,verified
US,Chateau Marmont,West Hollywood,United States,Property,concierge@chateaumarmont.com,,https://www.chateaumarmont.com,https://www.chateaumarmont.com/contact,verified
US,Petit Ermitage,West Hollywood,United States,Property,reservations@petitermitage.com,,https://www.petitermitage.com,https://www.petitermitage.com/,verified
US,Sunset Tower Hotel,West Hollywood,United States,Property,info@sunsettowerhotel.com,,https://www.sunsettowerhotel.com,https://www.sunsettowerhotel.com/contact,verified
US,Sunset Tower Hotel,West Hollywood,United States,Reservations,reservations@sunsettowerhotel.com,,https://www.sunsettowerhotel.com,https://www.sunsettowerhotel.com/contact,verified
US,Sunset Tower Hotel,West Hollywood,United States,Sales,events@sunsettowerhotel.com,,https://www.sunsettowerhotel.com,https://www.sunsettowerhotel.com/contact,verified
US,West Hollywood EDITION,West Hollywood,United States,Decision maker,marketing.weho@editionhotels.com,+1 310 953 9899,https://www.editionhotels.com/west-hollywood/,https://www.editionhotels.com/contact/,verified
US,West Hollywood EDITION,West Hollywood,United States,Property,info.weho@editionhotels.com,+1 310 953 9899,https://www.editionhotels.com/west-hollywood/,https://www.editionhotels.com/contact/,verified
US,West Hollywood EDITION,West Hollywood,United States,Sales,weho.catering@editionhotels.com,+1 310 953 9899,https://www.editionhotels.com/west-hollywood/,https://www.editionhotels.com/contact/,verified
