company,unique_domains,domains_sample
Care UK Community Partnerships Ltd,15,amberleylodgepurley.co.uk; care.com; careuk.com; cumberlandmitcham.co.uk; darlingtoncourtrustington.co.uk; farmlanefulham.co.uk; forrestercourtpaddington.co.uk; grevillehouserichmond.co.uk; heaverscourtcroydon.co.uk; jubileehousegodalming.co.uk; lennoxhouseislington.co.uk; manorlodgechelmsford.co.uk; stvincentshousehammersmith.co.uk; tiltwoodcobham.co.uk; whitbydeneeastcote.co.uk
Dentex Clinical Limited,11,advancedentalclinic.com; essexdentist.co.uk; finndentalspecialists.com; gavinismydentist.com; lincolnorthodontics.co.uk; moorcaredental.com; scarsdaledental.co.uk; shinedentalcare.co.uk; smilemoredentalcare.com; theperfectsmile.co.uk; thrapstondentists.co.uk
Oasis Dental Care Limited,10,611dental.co.uk; beestondental.co.uk; bishopaucklanddental.co.uk; forsythhousedental.co.uk; gilesgatedental.co.uk; heckmondwikedental.co.uk; holdernessroaddental.co.uk; morecombedental.co.uk; roytondental.co.uk; walkerscourtdental.co.uk
Portman Healthcare Limited,8,ashbydental.co.uk; cr-dp.co.uk; garstangdrp.co.uk; hawkinswilson.co.uk; portmanhealthcare.co.uk; smilesbetter.co.uk; thecosmeticdentalclinic.com; whitehalldentalpractice.co.uk
Our Health Partnership,7,birmingham-doctors.co.uk; collegeroadsurgery.co.uk; greenridgesurgery.co.uk; ourhealthpartnership.com; themeadowsmedicalpractice.co.uk; woodgatevalley.co.uk; yardleywoodhc.co.uk
AT Medics Limited,6,camdenhubs.co.uk; canberraoldoaksurgery.co.uk; kingsroadgp.co.uk; randolphsurgery.co.uk; silverlockmedicalcentre.co.uk; stannsroadsurgery.co.uk
Dr Don Jude Mahadanaarachchi,6,bousfieldhealthcentre.nhs.uk; bousfieldsurgery.nhs.uk; drjuderiversideandpicton.nhs.uk; firtreemc.nhs.uk; gillmossmedicalcentre.nhs.uk; sandringhammc.nhs.uk
HCA International Limited,5,iseh.co.uk; londonbridgehospital.com; theharleystreetclinic.com; thelisterhospital.com; thewellingtonhospital.com
Mountain Healthcare Limited,5,beechhousesarc.org; casasuite.org.uk; saturncentre.org; topazcentre.org; westmidsregionalcypsas.co.uk
Rodericks Dental Partners Limited,5,beaumonthousedental.co.uk; mackworthdental.co.uk; oundlehousedental.co.uk; rugbydental.co.uk; stonydental.co.uk
Acer Healthcare Operations Limited,4,appletreecourtcarehome.co.uk; chestnut-courtcarehome.co.uk; highfieldprivatecarehome.co.uk; parkviewhousecarehome.co.uk
Modality Partnership,4,bcfp.co.uk; modalitypartnership.nhs.uk; stjohnsmedicalcentrewalsall.nhs.uk; wellspringsurgerynottingham.co.uk
North Cumbria Primary Care Limited,4,edenmedicalgroup.co.uk; fellviewhealthcare.nhs.uk; jamesstreet-workington.nhs.uk; lowthermedical.co.uk
Oasis Dental Care (Southern) Limited,4,greenlawnsdental.co.uk; newchurchroaddental.co.uk; rayleighdental.co.uk; thefivewaysdentalpractice.co.uk
The Village Dental Practice,4,culchethvillagedental.co.uk; grangedentalcentre.co.uk; villagedentalpractice.co.uk; westlandsdentalstudio.co.uk
Willow Tower Opco 1 Limited,4,averyhealthcare.co.uk; signature-care-homes.co.uk; sunrise-care.co.uk; sunrise.care.co.uk
Achieve Together Limited,3,achievetogether.co.uk; dehealthcare.co.uk; rnid.org.uk
Community Integrated Care,3,c-i-c.co.uk; communityintegratedcare.co.uk; lot-uk.org.uk
Dentex Assets Limited,3,ameryhouse.com; heatondental.co.uk; kgcdentalpractice.co.uk
Diagrama Healthcare Services Limited,3,cabrini.org.uk; diagramafoundation.org; diagramafoundation.org.uk
Gensmile Dental Care Limited,3,dental100.com; norfolkhousedentalcare.co.uk; smileforlife.co.uk
Healthcare Homes Group Limited,3,haughgatehouse.co.uk; healthcarehomes.co.uk; theoldvicarage-leigh.co.uk
JK Healthcare Limited,3,kingfisherscarehome.co.uk; manorbarncarehome.co.uk; sohalhealthcare.co.uk
Mr Ravi Nathwani,3,ashbournedentalpractice.co.uk; kedlestondental.com; msdental.co.uk
Oasis Dental Care (Central) Limited,3,salemoordentist.co.uk; sandringhamroaddental.co.uk; thayerstreetdental.co.uk
Park Homes (UK) Limited,3,c-i-c.co.uk; each-step.co.uk; parkhomesuk.co.uk
Primary Care 24 (Merseyside) Limited,3,garstonfamilyhealthcentre.nhs.uk; northparkhc.nhs.uk; primarycare24.org.uk
Raycare Limited,3,alsleylodge.co.uk; hillcroftcarehome.co.uk; summerhillcare.com
Riverside Medical Practice,3,riverside-medical.co.uk; riversidemedicalpractice.com; theriversidemedicalpractice.co.uk
Royal Devon University Healthcare NHS Foundation Trust,3,castleplacepractice.nhs.uk; northdevonhealth.nhs.uk; rdehospital.nhs.uk
Support for Living Limited,3,certitude.london; certitude.org.uk; supportforliving.org.uk
Symphony Healthcare Services Limited,3,burnhamandberrowmedicalcentre.co.uk; crewkernehc.co.uk; hamdonmc.co.uk
Target Dental Limited,3,otleydentalcentre.com; starbeckdentalcentre.co.uk; yeadondentalcentre.co.uk
The Riverside Group Limited,3,care.onehousing.co.uk; onehousing.co.uk; onehousing.org.uk
WT UK Opco 4 Limited,3,careuk.com; gracewell.co.uk; gracewellbath.co.uk
Windsar Care Limited,3,heathlandscarecentre.co.uk; salthillcare.co.uk; windsorcarecentre.co.uk
A L A Care Limited,2,ala-care.co.uk; alacare.co.uk
Abbey Medical Practice,2,abbeymedical.com; abbeymedicalpractice.uk.com
Abbey Road Surgery,2,abbey-practice.co.uk; abbeyroadsurgery.org.uk
Advantage Healthcare Limited,2,advantagehealthcare.co.uk; interservehealthcare.com
Agincare Homes (North) Limited,2,agincare.co.uk; agincare.com
Alternative Futures Group Limited,2,afgroup.org.uk; alternativefuturesgroup.org.uk
Anchusa Care Limited,2,anchusacare.co.uk; lukes-place.co.uk
Apex Dental Care Limited,2,3sl-dental.co.uk; apex-dental.co.uk
Apex Prime Care Ltd,2,apexprimecare.co.uk; apexprimecare.org
Aria Healthcare Group LTD,2,ariacare.co.uk; hwww.ariacare.co.uk
Ashdown Care Limited,2,halcyon-care.co.uk; halcyoncare.co.uk
Ashmere Nottinghamshire Limited,2,ashmere.co.uk; ashmerenotts.co.uk
Autism Unlimited Limited,2,autism-unlimited.org; autismwessex.org.uk
Avenues South,2,avenuesgroup.org.uk; welmede.org.uk
"Balbir Singh Bhandal, Amrik Singh Bhandal & Baljit Singh Bhandal",2,bhandaldentalpractice.co.uk; bhandaldentalpractices.co.uk
Barts Health NHS Trust,2,bartshealth.nhs.uk; whippsx.nhs.uk
Bedfordshire Hospitals NHS Foundation Trust,2,bedfordhospital.nhs.uk; ldh.nhs.uk
Betsy Clara and Southdowns Limited,2,betsyclarahouse.com; southdownsnursinghome.co.uk
Birmingham Women's and Children's NHS Foundation Trust,2,bch.org.uk; bwc.nhs.uk
Bolton NHS Foundation Trust,2,boltonft.nhs.uk; boltonhospitals.nhs.uk
Bright Futures Care Limited,2,brightfuturescare.co.uk; cornerstonesuk.com
Brook Medical Partnership Limited,2,branstonsurgery.co.uk; thebrookmedicalcentre.co.uk
Bupa Care Homes (ANS) Limited,2,bupa.co.uk; bupa.com
Bupa Occupational Health Limited,2,bupa.co.uk; bupa.com
CIMA Care (Burton) Limited,2,cimacare.co.uk; cimacareburton.co.uk
Care at Home Group Ltd,2,careathomegroup.co.uk; careathomegroup.com
Carmel Care & Support Limited,2,carmelcare.co.uk; valorumcaregroup.com
Central and North West London NHS Foundation Trust,2,cnwl.nhs.uk; justice.gov.uk
"Change, Grow, Live",2,cgl.org.uk; changegrowlive.org
Chelsea and Westminster Hospital NHS Foundation Trust,2,chelwest.nhs.uk; west-middlesex-hospital.nhs.uk
Cheshire and Wirral Partnership NHS Foundation Trust,2,cwp.nhs.uk; oldhallsurgery.co.uk
Chilvers & McCrea Limited,2,thepracticelincolngreen.co.uk; thepracticestalbans.co.uk
Church Lane Surgery,2,church-lane-surgery.co.uk; thechurchlanesurgery.co.uk
Coast Care Homes Ltd,2,coastcarehomes.co.uk; coastcommunitycare.co.uk
Comfort Call Limited,2,candchealthcare.co.uk; comfortcall.co.uk
Community Health and Eyecare Limited,2,communityeyecare.org.uk; communityhealthservices.co.uk
Connifers Care Limited,2,conniferscare.co.uk; pavilionleisurecentre.com
Consensus Support Services Limited,2,consensussupport.com; grettonhomes.co.uk
Countess of Chester Hospital NHS Foundation Trust,2,coch.nhs.uk; coch.org
Croftwood Care UK Limited,2,minstercaregroup.co.uk; minstercaregroup.org.uk
Cumbria Health Limited,2,centrallakesmedicalgroup.co.uk; upperedenmedicalpractice.co.uk
Deepdene Care Limited,2,deepdenecare.com; deepdenecare.org
Dentalcare Limited,2,dentalcare.ltd.uk; dentalcarepangbourne.co.uk
Diaverum UK Limited,2,diaverum.com; diverum.com
Doncaster and Bassetlaw Teaching Hospitals NHS Foundation Trust,2,dbh.nhs.uk; dbth.nhs.uk
Dr Harpreet Singh Kalra,2,browneyhousesurgery.com; parkhousesurgery.co.uk
Dr Kiranmayi Penumka,2,edgbastonwellness.co.uk; quarrybankmedicalcentre.co.uk
Dr. Baber Nisar,2,carnabystreetdentist.co.uk; centrepointdental.co.uk
Dr. Robert De Villiers,2,grovefielddentalsurgery.co.uk; treetopsdental.com
Dr. Zubair Sacranie,2,solihulldentalcentre.co.uk; waterortondentalcentre.co.uk
Dulwich Medical Centre,2,chadwickroad.nhs.uk; dmccrystalpalaceroad.co.uk
East Croydon Medical Centre,2,eastcroydonmc.co.uk; edridgeroadchc.co.uk
East Suffolk and North Essex NHS Foundation Trust,2,colchesterhospital.nhs.uk; esneft.nhs.uk
Education and Services for People with Autism Limited,2,epsa.org.uk; espa.org.uk
Eleanor Nursing and Social Care Limited,2,eleanorcare.co.uk; eleanorhealthcaregroup.co.uk
English Care Limited,2,bowbrookhouse.co.uk; englishcare.co.uk
Envisage Dental UK Limited,2,smilemakers.co.uk; theparks.co.uk
Esteem Care Ltd,2,banksfieldnursing.co.uk; brandonhouse.co.uk
Europe Care Holdings Limited,2,abrahamhousepreston.co.uk; berwickcare.com
Finbrook Limited,2,berrycroftcare.co.uk; berrycroftmanor.co.uk
First City Nursing Services Limited,2,charmes-care.co.uk; firstcitynursing.co.uk
FitzRoy Support,2,efitzroy.org.uk; fitzroy.org
Franklin Care Group Limited,2,fieldhousecarehome.co.uk; franklincaregroup.co.uk
Gloucestershire Hospitals NHS Foundation Trust,2,gloshospitals.nhs.uk; gloshospitals.org.uk
GrayAreas Limited,2,kingsmount.co.uk; mountolivet.co.uk
Green Valleys Health,2,emersonsgreenmedicalcentre.co.uk; leapvalleysurgery.co.uk
Grove Care Limited,2,allegracare.co.uk; thegroveonline.co.uk
Grove Surgery,2,grovesurgerychadwellheathlane.co.uk; grovesurgerythetford.co.uk
H I C A,2,hica-uk.com; hicagroup.co.uk
H&F Partnership,2,brookgreenmc.co.uk; parkmedicalcentre.com
Hales Group Limited,2,halescare.co.uk; halesgroup.co.uk
Hazelwood Care Limited,2,bywellhouse.co.uk; hazelwoodcare.co.uk
Health Vision UK Limited,2,healthvisionuk.co.uk; healthvisionuk.com
Healthcare Homes (LSC) Limited,2,foxearthlodge.co.uk; healthcarehomes.co.uk
Hollyman Care Homes Limited,2,broadlandhouse.com; broadlandspark.co.uk
Homes Together Limited,2,homestogether.co.uk; homestogether.net
I Care (GB) Limited,2,icare.co.uk; icaregroup.co.uk
Inspire Dental Eastwood Limited,2,familydentaleastwood.co.uk; familydentalwestcliff.co.uk
J.E.M. Care Limited,2,jemcareltd.co.uk; tollingtonlodge.co.uk
Jewish Care,2,jewishcare.org; sunridgecourt.org.uk
Jubilee Medical Group,2,jubileemedical.com; longfield-newashgreen-surgeries.co.uk
Kismet House Care Home Limited,2,hotmail.co.uk; kismethouse.co.uk
Lancashire Teaching Hospitals NHS Foundation Trust,2,lancashireteachinghospitals.nhs.uk; lancsteachinghospitals.nhs.uk
Landona House Limited,2,delamerelodgecarehome.com; landonahousecarehome.co.uk
Leeds Teaching Hospitals NHS Trust,2,leedsteachinghospitals.com; leedsth.nhs.uk
Liaise (South) Limited,2,liaise.co.uk; liaise.com
Liverpool University Hospitals NHS Foundation Trust,2,aintreehospital.nhs.uk; aintreehospitals.nhs.uk
Lodge Group Care UK Limited,2,lodgegroup.com; lodgegroupcareuk.com
London Care Limited,2,customcare.co.uk; londoncare.co.uk
Malhotra Care Homes Limited,2,heathefieldcaregroup.com; prestwickcare.co.uk
Marantomark Limited,2,stgeorgescarecentre.co.uk; stmaryscarecentre.co.uk
Marriott's Medical Practices,2,baconroadmedicalcentre.nhs.uk; tavershampartnership.co.uk
Medway Practices Alliance Limited,2,medwaypracticesalliance.co.uk; mpagrouppractices.co.uk
Memory Lane Care Homes Limited,2,memorylanecarehomes.co.uk; readhouse.org
Mid and South Essex NHS Foundation Trust,2,mse.nhs.uk; southend.nhs.uk
Midshires Care Limited,2,helpinghands.co.uk; helpinghandshomecare.co.uk
Midway Care Ltd,2,midwaycare.co.uk; midwaycaregroup.co.uk
Milkwood Care Ltd,2,elderlycare.co.uk; milkwoodcare.co.uk
Millennium Support Ltd,2,mcare.info; millenniumsupport.co.uk
Moorgate Care Village Limited,2,moorgatecarevillage.co.uk; parklanehealthcare.co.uk
Moorville Developments Limited,2,moorville-residential.co.uk; moorville.com
Mr & Mrs Ryan Godwin,2,homecareservices-rossendale.co.uk; lifestyle-homecare.co.uk
Mr Donald Smith,2,beech-tree-hall.co.uk; beechtreehall.com
National Autistic Society (The),2,autism.org.uk; nas.org.uk
Newbarn Limited,2,freeholdcottage.com; newbarnltd.co.uk
Newlife Care Services Limited,2,salutemcareandeducation.co.uk; salutemcareers.co.uk
North Staffordshire Combined Healthcare NHS Trust,2,combined.nhs.uk; holmcroftsurgery.nhs.uk
North West Anglia NHS Foundation Trust,2,hinchingbrooke.nhs.uk; peterboroughandstamford.nhs.uk
Northwest Orthodontists Limited,2,oldhamorthodontics.co.uk; rochdaleorthodontics.co.uk
Oak Tree Forest Limited,2,ellenmede.org; ellernmede.org
One Medicare Ltd,2,onemedicalgroup.co.uk; onemedicare-thelight.co.uk
Outlook Care,2,outlookcare.org.uk; stgeorgescare.com
PAKS Trust,2,pakstrust.co.uk; pakstrust.com
Pages Homes Limited,2,amherstcourt.org; woodvilleresthome.org
Park Lane Surgery,2,parklanesurgeryallestree.co.uk; parklanesurgerybroxbourne.secure-gpsite.nhs.uk
Parkcare Homes (No.2) Limited,2,prioryadultcare.co.uk; priorygroup.com
Parkview Care Homes Limited,2,macleodpinsentcarehomes.co.uk; mpch.co.uk
Partnerships in Care 1 Limited,2,prioryadultcare.co.uk; priorygroup.com
Partnerships in Care Limited,2,prioryadultcare.co.uk; priorygroup.com
Pier Health Group Limited,2,grahamroadsurgery.nhs.uk; phglservices.co.uk
Pilgrims' Friend Society,2,emmaushouse.co.uk; pilgrimsfriend.org.uk
Potensial Limited,2,potens-uk.com; potensial.co.uk
Precious Homes Limited,2,precious-homes.co.uk; precious-homes.com
Pressbeau Limited,2,pressbeau.co.uk; villagegreencarehome.co.uk
Primary Care Sheffield Limited,2,buchananroadsurgery.co.uk; clovercitypractice.co.uk
Prime Care Domiciliary Limited,2,primecaredomiciliaryltd.co.uk; primecareltd.com
Primula Care Limited,2,primroselodge-southbourne.co.uk; primroselodge-weymouth.co.uk
Priory Supported Living Limited,2,prioryadultcare.co.uk; priorygroup.com
RCH Care Homes Limited,2,ranccare.co.uk; rchcarehomes.co.uk
Ramsay Health Care UK Operations Limited,2,ramsayhealth.co.uk; ramsayhelath.co.uk
Ranworth Surgery,2,caradocsurgery.co.uk; greenelms.co.uk
Royal Bay Care Homes Ltd,2,castlefarmcare.co.uk; royalbay.co.uk
Royal Free London NHS Foundation Trust,2,barnet.nhs.uk; royalfree.nhs.uk
Ruby Care Limited,2,ruby-care.com; woodlandsresidentialcare.com
Runwood Homes Limited,2,runwoodhomes.co.uk; runwwodhomes.co.uk
SSP Health GPMS Ltd,2,ssphealth.com; warwickroadsurgery.co.uk
Saint John of God Hospitaller Services,2,saintjohnofgod.org; sjog.org.uk
Sandwell and West Birmingham Hospitals NHS Trust,2,swbh.nhs.uk; yhp.org.uk
Select Support Partnerships Ltd,2,selectsupportpartnerships.co.uk; selectsupportpartnerships.com
Solehawk Limited,2,ashtoncourtcare.co.uk; craigieleacare.co.uk
Somerset NHS Foundation Trust,2,sompar.nhs.uk; yeovilhospital.co.uk
South Yorkshire Housing Association Limited,2,shsc.nhs.uk; syha.co.uk
St Andrew's Healthcare,2,stah.org; standrewshealthcare.co.uk
St Anne's Community Services,2,st-annes.org.uk; stannes.org.uk
St. Martin's Care Limited,2,smcgroup.co.uk; stmartinscare.co.uk
Stow Healthcare Group Limited,2,brandonpark.co.uk; stowhealthcare.co.uk
Suffolk Primary Care,2,oakfieldsurgery.org.uk; suffolkprimarycare.co.uk
Swanton Care & Community (Autism North) Limited,2,barchester.com; swantoncare.com
T.L. Care Limited,2,hillcare.net; tlcare.co.uk
TLC CARE HOMES CLACTON RESIDENTIAL LIMITED,2,ivolve.care; tlccarehomes.co.uk
The Forward Trust,2,actiononaddiction.org.uk; forwardtrust.org.uk
The Human Support Group Limited,2,homecaresupport.co.uk; humansupportgroup.co.uk
The Ormsby Group Limited,2,ormsbygroup.org.uk; ormsbylodge.org.uk
Torbay and South Devon NHS Foundation Trust,2,sdhct.nhs.uk; torbayandsouthdevon.nhs.uk
Trust Care Ltd,2,minstercaregroup.co.uk; trustcare.co.uk
Tudor Bank Limited,2,altpark.co.uk; douglasbank.co.uk
UK Addiction Treatment Limited,2,recoverylighthouse.com; sanctuarylodge.com
Ultimate Care Limited,2,biltonhall.co.uk; wecaregroup.co.uk
University Hospitals Sussex NHS Foundation Trust,2,bsuh.nhs.uk; westernsussexhospitals.nhs.uk
University Hospitals of Leicester NHS Trust,2,leicestershospitals.nhs.uk; uhl-tr.nhs.uk
Voyage 1 Limited,2,voyagecare.com; voyageccare.com
Walsall Healthcare NHS Trust,2,walsallhealthcare.nhs.uk; walsallhospitals.nhs.uk
Waythrough,2,humankindcharity.org.uk; newvisionbradford.org.uk
Wirral Community NHS Foundation Trust,2,wchc.nhs.uk; wirralict.nhs.uk
Yew Tree Care Limited,2,churchfieldscare.co.uk; yewtreecare.co.uk
(IECC Care) Independent Excel Care Consortium Limited,1,iecc-care.co.uk
02 Care Ltd,1,o2care.co.uk
108 Medical Ltd,1,108harleystreet.co.uk
132 Harley Street Limited,1,132harleystreet.com
152 Harley Street Limited,1,152harleystreet.com
168 Medical Group,1,newcourtsurgery.nhs.uk
1Eclipse Care Solutions Limited,1,eclipsecare.uk
1st Enable Ltd,1,1stenable.co.uk
1st Healthcare Ltd,1,1sthealthcare.uk
1st Homecare Solutions Limited,1,1st-homecare.com
1st Practice Limited,1,firstpractice.uk
21D Clinical Limited,1,21d.co.uk
222 Healthcare Services Limited,1,222healthcare.co.uk
247 Dental Limited,1,the247dentist.com
247 Home Care Ltd,1,247homecare.org
24Hrs HC Home Care Services Limited,1,24hrshc.com
2M Health & Home Care Services Ltd,1,2mhealthandhomecare.co.uk
3 Star Health Care Limited,1,3starhealthcare.com
360 Dentalcare Limited,1,360dentalcare.co.uk
360 Visualise Limited,1,360v.co.uk
365 Homecare Ltd,1,gacarers.co.uk
365 Support Limited,1,365support.org
3A Care (Altrincham) Limited,1,oldfieldbank.co.uk
3A Care (Bromsgrove) Ltd,1,regentscourtcare.co.uk
4319 Fountain Care Ltd,1,4319fountaincare.net
4ME&U LTD,1,devoncare.co.uk
5 Care Services Ltd,1,5careservices.co.uk
5 Star TLC Limited,1,clifftopcare.co.uk
543 Dental Centre Limited,1,543dentalcentre.co.uk
58 Queen Square Limited,1,58queensquare.com
76 Dental,1,76dental.com
7Jay Home Care Ltd,1,rightathomeuk.com
@HomeDental Limited,1,athomedental.co.uk
A & D Homecare Ltd,1,chelmsford.myhomecare.co.uk
A & J McLellan Limited,1,bluebirdcare.co.uk
A & T Healthcare Agency Limited,1,goodoakshomecare.co.uk
A B C Kindergarten Limited,1,thedentalgroup.co.uk
A Better Carehome Ltd,1,bretoncourt.co.uk
A C S Care Services Ltd,1,acscare.co.uk
A Caring Hand Ltd,1,acaringhand.uk
A Chance for Life Limited,1,achanceforlife.co.uk
A F J Limited,1,afjtravel.com
A Pokkakkillath,1,rosehillhouse.uk.com
A Wilks,1,seatonhallrh.co.uk
A and L Clinics Limited,1,aandlclinics.com
A&F Prime Care Ltd,1,sylviancare.co.uk
A. Charles Thomas (Care) Limited,1,beachcombercarehome.co.uk
A.C Sika Limited,1,bluebirdcare.co.uk
A.G.E. Nursing Homes Limited,1,brockfieldhouse.co.uk
A.I. Care Services Ltd,1,caremark.co.uk
A.K.R. Limited,1,percystravel.co.uk
A2Z Home Care Services Limited,1,a2zhomecare.co.uk
AAT Quality Care Agency Ltd,1,aatqualitycare.co.uk
AB Advanced Practice Limited,1,abclinical.co.uk
ABC Care Home Ltd,1,burnsidecourt.co.uk
ABC Training Services Limited,1,abc-trainingservices.co.uk
ACE Community Services Limited,1,capranicare.com
ACL Homes Plus Limited,1,aclcarehomes.co.uk
ADHD Care Ltd,1,adhdcare.co.uk
ADHD360 Limited,1,adhd-360.com
ADL Plc,1,aldcare.com
ADR Care Homes Limited,1,adrcare.co.uk
AJC Hereford Limited,1,collinshouse.co.uk
AJSS Limited,1,bluebirdcare.co.uk
AJT Prestige Ltd,1,radfieldhomecare.co.uk
AKD Care Limited,1,facebook.com
AL Aesthetics Ltd,1,alaesthetics.co.uk
ALS Support Ltd,1,als-support.co.uk
AM-R-AZ LLP,1,bluebirdcare.co.uk
AMG Consultancy Services Limited,1,amgnursing.com
AMP Healthcare Limited,1,askernmedicalpractice.co.uk
AMS Care Limited,1,ams-care.co.uk
AMS Care Wiltshire Limited,1,ams-care.co.uk
APMS Solutions Limited,1,akermanmedicalpractice.com
APT Care Limited,1,aptcare.co.uk
AR & NAM Medical Ltd,1,croydoncosmeticclinic.com
AS Care Solutions Limited,1,ascaresolutions.co.uk
AS Hillingdon Homecare Limited,1,caremark.co.uk
ASD Care Limited,1,gosbertonhouse.co.uk
ASET Hospital Limited,1,asethospital.co.uk
ASHER EXCELLENT LTD,1,asherexcellent.co.uk
ASI London F Limited,1,onewelbeck.com
ASI London I Limited,1,onewelbeck.com
ASNP Limited,1,kingstondental.co.uk
AW Surgeries,1,awsurgeries.co.uk
Aaban Partnership Ltd,1,aaban.co.uk
Aadi Trading Ltd,1,caremark.co.uk
Aamevol Home Care Ltd,1,aamevol-care.com
Aapna Services Ltd,1,aapnaservices.com
Aaroncare Limited,1,newcenturycare.co.uk
Abbendon Healthcare Ltd,1,abbendonhealthcare.co.uk
Abbey Care (NW) Limited,1,abbeycareuk.co.uk
Abbey Care Complex Limited,1,abbeycarecomplex.co.uk
Abbey Dental Practice,1,abbeydentalpractice.com
Abbey Healthcare (Aaron Court) Limited,1,abbeyhealthcare.org.uk
Abbey Healthcare (Cromwell) Ltd,1,abbeyhealthcare.org.uk
Abbey House Medical Practice,1,ahmp.org.uk
Abbey Medical Centre,1,abbeymedicalreading.co.uk
Abbey Ravenscroft Park Limited,1,ravenscroftparknursinghome.co.uk
Abbeycliffe Limited,1,abbeycliffe.co.uk
Abbeyfield Hoylake & West Kirby Society Limited,1,abbeyfieldwestkirby.co.uk
Abbeyfield Lancashire Extra Care Society Limited,1,abbeyfieldcarehomeclitheroe.org
Abbeyfield Lancaster Society Limited(The),1,abbeyfieldlancaster.co.uk
Abbeyfield Society (The),1,abbeyfield.com
Abbeyfield The Dales Limited,1,abbeyfieldthedales.co.uk
Abbeyfield Wey Valley Society Limited,1,abbeyfieldweyvalley.co.uk
Abbeywell Surgery,1,abbeymeadsurgery.co.uk
Abbeywood (Tottington) Limited,1,abbeywood-bury.co.uk
Abbie Udall Associates Limited,1,auassociates.co.uk
Abbington 28 Ltd,1,abingdon-house.onqor.group
Abbots Care Limited,1,abbotscare.com
Abbotsbury Court Practice Limited,1,abbotsburydental.co.uk
Abbottswood Medical Centre,1,abbottswoodmedicalcentre.co.uk
Abel Care Ltd,1,abelcare.co.uk
Abele Care Limited,1,abelecare.com
Abhi Rose Ltd,1,abhirose.org.uk
Abi-Support Ltd,1,abi-support.co.uk
Abicare Services Limited,1,abicare.co.uk
Abide Home Care Limited,1,abidehomecare.co.uk
Abihealth Solutions Ltd,1,abicarehealth.co.uk
Abingdon Family Health Care Centre,1,abingdonmc.nhs.uk
Abington Park Surgery,1,abingtonparksurgery.com
Able Homecare Ltd,1,ablehomecare.co.uk
Ablecare (Helston) Limited,1,godolphincarehome.co.uk
Ablecare Homes Limited,1,ablecare-homes.co.uk
Ablecross Limited,1,ablecross.co.uk
Ablegrange Severn Heights Limited,1,ablegrange.co.uk
Abney & Baker (Bath) Ltd,1,abneyandbaker.com
About with Friends,1,aboutwithfriends.co.uk
Absolute Care At Home Ltd,1,absolutecareathome.com
Absolute Care Homes (Central) Limited,1,boldmerecourt.co.uk
Absolute Care Services Ltd,1,absolutecareservice.co.uk
Absolute Care and Support (UK) Limited,1,absolutecareandsupport.com
Abundant Care & Recruitment Intl Ltd,1,abundantcare.co.uk
Accede Support Limited,1,accedesupport.com
Accept Care Ltd,1,acceptcare.org.uk
Access Dignity Care Limited,1,accessdignitycare.co.uk
Accolade Care Services UK Limited,1,rhemacare.co.uk
Accomplish Group Limited,1,accomplish-group.co.uk
Accomplish Group Support Limited,1,accomplish-group.co.uk
Accurate Care Services Limited,1,accuratecareservices.co.uk
Accuvision Limited,1,accuvision.co.uk
Ace Homecare Services Limited,1,acehomecareservices.co.uk
Ace Social Care Ltd,1,acesocialcare.com
Acerta24 Limited,1,acerta24.com
Aceso Services Ltd,1,acesohomecare.co.uk
Achievers Care Solutions Limited,1,achieverscare.com
Achieving for Children Community Interest Company,1,achievingforchildren.org.uk
Acorn Care Service Ltd,1,acorncareservice.org
Acorn Dental (York) Limited,1,acorndentalpractice-york.co.uk
Acorn Implant & Dental Practice Ltd,1,aidp.co.uk
Acorn Recovery Projects,1,acornrecovery.org.uk
Acorns Children's Hospice Trust,1,acorns.org.uk
Acquiesce Ltd,1,acquiesce.org.uk
Acre Care Ltd,1,acrecare.co.uk
Across The Lifespan Ltd,1,dr-giaroli.org
Action for Care Limited,1,action4care.org
Active Adult Limited,1,activecaregroup.co.uk
Active Homecare Ltd,1,activehomecare.co.uk
Active Neuro Limited,1,activecaregroup.co.uk
Active Pathways Limited,1,active-pathways.com
Active Prospects,1,activeprospects.org.uk
Active Young People Limited,1,activecaregroup.co.uk
Adam Patel 2 Ltd,1,xodental.co.uk
Adara Healthcare Limited,1,adarahealthcare.co.uk
Addison House - Haque Practice,1,addison-surgery.nhs.uk
Adelaide Care Limited,1,adelaidecare.com
Adelaide Surgery,1,adelaidestreetfp.co.uk
Adelfi Care Services Limited,1,adelficare.co.uk
Adelphi Dental Care,1,adelphidentalcentre.co.uk
Adico Care Ltd,1,adicocare.co.uk
Adina Home Care Services Ltd,1,adinahomecare.com
Adonai Services Limited,1,adonaihealthcareservices.co.uk
Adopt Healthcare Ltd,1,adopt-healthcare.co.uk
Adrian O'Brien,1,scorerstreet.co.uk
Adswood Lodge Health Care Limited,1,exemplarhc.com
Advance Health Care UK Ltd,1,advancehealthcare.co.uk
Advance Housing and Support Ltd,1,advanceuk.org
Advanced Hair Technology Limited,1,farjo.com
Advanced Oral Care Ltd,1,thedentsistuk.com
Advent Estates Limited,1,fieldfarmhouse.net
Advinia Care Homes Limited,1,advinia.com
Aegis Care Solutions Ltd,1,aegiscaresolutions.co.uk
Aegis Residential Care Homes Limited,1,pearlcare.co.uk
Affinity Care,1,affinitycare.nhs.uk
Affinity Healthcare Limited,1,priorygroup.com
Affinity Supporting People (South) Limited,1,nationalcaregroup.com
Affinity Trust,1,affinitytrust.org
Agacia Care Ltd,1,brightstarcare.uk
Age Concern Manchester,1,ageukmanchester.org.uk
Age UK Northamptonshire,1,ageuknorthants.org.uk
Age UK Wakefield District,1,ageuk.org.uk
AgeCare MG2 Ltd,1,agecare.uk.com
AgeCare PT1 Ltd,1,muscliffcarehome.co.uk
Agincare (Somerset) Limited,1,agincare.com
Agincare Enable Limited,1,agincare.com
Agincare UK Limited,1,agincare.com
Agno Smile Limited,1,qualidental.co.uk
Ahavah Healthcare Limited,1,oversealcarehome.com
Aid Homecare Limited,1,harmonyhomecaresuffolk.co.uk
Aikou Ker Limited,1,radfieldhomecare.co.uk
Aim Up,1,aimup.co.uk
Aim24 Care Limited,1,aim24care.co.uk
Airedale NHS Foundation Trust,1,airedale-trust.nhs.uk
Ajit Ltd,1,bluebirdcare.co.uk
Akaba Social UK Ltd,1,akaba.org.uk
Akari Care Limited,1,akaricare.co.uk
Akwaaba Care and Support Ltd,1,akwaabacare.co.uk
Al-Fal Medical Group,1,alfal.medical.group.co.uk
Al-Hariri and Law,1,dentessentials.com
Alabare,1,alabare.co.uk
Albany Care (Portchester) Ltd,1,albanyfarmcare.co.uk
Albion Health Centre,1,albionhealth.nhs.uk
Albrighton Medical Practice,1,albrightonmedicalpractice.co.uk
Alcedo Blue Limited,1,alcedocare.co.uk
Alcedo Orange Limited,1,alcedocare.co.uk
Alcester Home Care Agency Ltd,1,alcesterhomecareagency.co.uk
Alchita Care Limited,1,alchitcare.co.uk
Aldanat Care Services Limited,1,aldanatcare.co.uk
Aldbourne Nursing Home Limited,1,aldbournenursinghome.co.uk
Alde Care Ltd,1,rightathome.co.uk
Alder Hey Children's NHS Foundation Trust,1,alderhey.nhs.uk
Alderson Limited,1,libertas.co.uk
Alef Care Ltd,1,alefcare.co.uk
Aleksha Care Limited,1,dallinghouse.co.uk
Alexandra Care (Leicester) Limited,1,bayswoodcare.co.uk
Alexandra Health Care Limited,1,alexandraprivatehospital.com
Alexandra Homes (Bristol) Limited,1,aspergercare.co.uk
Alexandra House Care Services Limited,1,stonebridgenursinghome.co.uk
Alexandra Road Surgery,1,alexandracrestviewsurgeries.co.uk
Alexandra Surgery,1,alexandra.gpsurgery.net
Ali Gibson Support Limited,1,aligibsonsupport.co.uk
AliMo Care Ltd,1,alimocare.co.uk
Aligie Limited,1,nottinghamroadclinic.com
Aliizor Ltd,1,lizorcareconcept.co.uk
Alina Homecare Ltd,1,alinahomecare.com
Alina Homecare Services Limited,1,alinahomecare.com
Alison Brett Dentalcare LLP,1,mydentist.co.uk
Alix Daniel,1,phpservice.co.uk
All About Care Limited,1,all-about-care.co.uk
All About Care South West Limited,1,aacare.co.uk
All Care (GB) Limited,1,all-care.co.uk
All Clear Dental Limited,1,allcleardental.co.uk
All Health Matters Limited,1,allhealthmatters.co.uk
All Saints Medical Centre PMS,1,allsaints-medicalcentre.co.uk
All Seasons Care Homes,1,allseasonscarehomes.co.uk
All Seasons Care Limited,1,ascaregroup.com
All Smiles Dental Care,1,allsmilesdentalcare.co.uk
Allag Care Limited,1,allagcare.co.uk
Allcare Agency Limited,1,allcareagency.com
Allegra Dental Ltd,1,yoursmileclinic.co.uk
Allegra Fairmile Grange Limited,1,fairmilegrange.co.uk
Allenbrook Care Limited,1,allenbrook-fordingbridge.co.uk
Allerton C&S GL Limited,1,allerton.co.uk
Allfor Care Services Limited,1,allforcare.co.uk
Alliance Dental Care Limited,1,westcountrydental.co.uk
Alliance Home Care (Learning Disabilities) Limited,1,alliedcare.co.uk
Alliance Home Care Limited,1,alliedcare.co.uk
Alliance Medical Limited,1,alliancemedical.co.uk
Alliance Primary Care Limited,1,lakeside-surgery.co.uk
Allington Healthcare Limited,1,beckfieldhouse.com
Allot Healthcare Services Ltd,1,allothcs.co.uk
Alma Dental Limited,1,almadental.co.uk
Alma Terrace Dental Practice Partnership,1,almadental.co.uk
Alpenbest Limited,1,alpenbestcare.co.uk
Alpha Care and Support Services Limited,1,alphacareandsupport.co.uk
Alpha Dental Studio Fairfield,1,alphadental.co.uk
Alpha Dental Studio Northallerton,1,alphadental.co.uk
Alpha Health & Care Services Limited,1,alphahealthandcare.co.uk
Alpha Health & Social Care Services Ltd,1,alphahealthcareservices.co.uk
Alpha Health Care Limited,1,alphacarehomes.com
Alpha Quality Care LTD,1,alphaqualitycare.co.uk
Alpha Windmill (York) Limited,1,alphadental.com
Alpha-Imperial Private Ltd,1,alpha-imperialcare.co.uk
Alpine Health Care Limited,1,highgatecare.co.uk
Alrewas Surgery,1,alrewassurgery.co.uk
Alston View Nursing Home Limited,1,alstonviewnursinghome.co.uk
Althea HealthCare Limited,1,kingsleyhealthcare.co.uk
Altogether Care - Care At Home Limited,1,altogethercare.co.uk
Altogether Care LLP,1,altogethercare.co.uk
Altrincham Dental Partnership,1,altrinchamdentalpractice.co.uk
Altrincham Medical Practice,1,altrinchammedicalpractice.co.uk
Altruistic Care Limited,1,swanvale.com
Alum Rock Medical Centre,1,alumrockmedicalcentre.nhs.uk
Alva Healthcare Ltd,1,alvahealthcare.co.uk
Alverna House Dental Practice Ltd,1,alvernahouse.co.uk
Alwdo Assist Ltd,1,alwdoassist.co.uk
Alysia Caring (Aspen Manor) Ltd,1,alysiacaring.co.uk
Alysia Caring (Silver Birch) Ltd,1,silverbirchcarehome.co.uk
Alysia Caring (Stamford) Ltd,1,grandviewcarehome.co.uk
Alyson House RCH Ltd,1,alysonhouse.co.uk
AmBience Healthcare Ltd,1,ambiencehealthcare.co.uk
Amar Dave And Rahul Patel,1,basildontdentalpractice.co.uk
Amara Care Limited,1,amaracare.co.uk
Amazin Care Limited,1,amazincare.co.uk
Amazingly Care Ltd,1,amazinglycare.com
Amber Care Limited,1,stonebowhouse.co.uk
Amber Home Carers Ltd,1,hiveslodges.co.uk
Amber Valley Total Care Ltd,1,ambervalleytotalcare.com
Amberley Care Home Limited,1,amberleycarehome.com
Amberley Healthcare Limited,1,devonlodgecare.co.uk
Ambiance Care Limited,1,ambiancecare.co.uk
Ambient Support Limited,1,heritagecare.co.uk
Ambitious about Autism,1,st-johns.co.uk
Ambresbury Care Limited,1,homeinstead.co.uk
Ambrose Avenue Group Practice,1,ambroseavenue.com
Amersham Dental Care Limited,1,amershamdentalcare.com
Amersham Vale Practice,1,amershamvale.co.uk
Amherst Medical Practice,1,amherstmedicalpractice.co.uk
Amica Care (Plymouth) Ltd,1,amicacare.co.uk
Amica Care Trust,1,amicacare.co.uk
Amicura Limited,1,minstercaregroup.co.uk
Amicus Homecare Limited,1,amicushomecare.co.uk
Amkare Limited,1,rightathomeuk.co.uk
Amore Social Care Limited,1,amore-group.co.uk
Ampleforth Surgery,1,ampleforth-surgery.co.uk
Amplelime Healthcare Limited,1,amplelime.co.uk
Amrial Care Limited,1,amrial.co.uk
Amy Adams Homecare UK Limited,1,amyadamshomecare.co.uk
Anaisa Services Ltd,1,percurra.com
Anavo Care (Brampton) Limited,1,anavogroup.com
Anavo Care (Hailsham) Limited,1,aurem-care.com
Anavo Care (Surbiton) Limited,1,anavogroup.com
Anchor Hanover Group,1,anchor.org.uk
Anderson Nursing Limited,1,anderson-nursing.co.uk
Anesh Patel,1,cliftonvilledentalcare.com
Angel Care Homes Limited,1,angelcarehomes.co.uk
Angel Care Staffing Ltd,1,angelcarestaffing.co.uk
Angel Dental Care,1,angeldentalcare.co.uk
Angel Healthcare Limited,1,angelhealthcare.co.uk
Angel Holistic Care Limited,1,angelhc.co.uk
Angel's & Saint's Homecare Services Limited,1,ashsltd.co.uk
Angela Labsan Donsol,1,ultrasoundbest.co.uk
Angelcare Uk Ltd,1,angelcareresidentialliving.co.uk
AngelcareservicesUK Ltd,1,angelcareservice.co.uk
Angels Care Home Limited,1,angelshomecareltd.com
Angels Care Solutions Limited,1,angelscaresolutions.co.uk
Angels Care at Home Limited,1,angelscareathome.co.uk
Angels Domiciliary Care Ltd,1,visiting-angels.co.uk
Angila Care Ltd,1,fisherhealthcare.co.uk
Angle House Orthodontics,1,anglehouseorthodontics.com
Angle House Orthodontics (Chingford),1,anglehouseorthodontics.co.uk
Angle House Whetstone Ltd,1,anglehouse.com
Anglia Community Eye Service Limited,1,aces-eyeclinic.co.uk
Anglia Living Care Services Ltd,1,angliacare.co.uk
Anglian Care Limited,1,angliancare.com
Aniis Ltd,1,aniiscare.co.uk
Ann Tuplin Care Homes Ltd,1,carseld.co.uk
Anna Medical Aesthetics Limited,1,annamedical.co.uk
Anne Gray Care Limited,1,ccstiverton.co.uk
Annix Care Limited,1,annixcare.org
Anrapheal Care Agency Limited,1,anrapheal.com
Ansa Care Limited,1,ansacareltd.co.uk
Ansar Projects,1,thera.co.uk
Anson Care Services Limited,1,ansoncare.co.uk
Apasen,1,apasen.org.uk
Apex Care Homes Limited,1,apexcare.co.uk
Apex Dental Care Partnership,1,apex-dental.co.uk
Apex Healthcare Services Ltd,1,apexcare.info
Apex Wellness Solutions Ltd,1,tlcrehab.co.uk
Apollo Dental Health Clinic Limited,1,apollodentalhealthclinic.co.uk
Apollo Home Healthcare Limited,1,apollohomehealthcare.com
Appcourt Limited,1,ruislipcarehomes.co.uk
Apple House Limited,1,applehouse.co.uk
Appleford Limited,1,daneswood.org
Applegarth Healthcare Limited,1,applegarthhealthcare.com
Applewood Support Limited,1,applewoodsupport.com
Approved Care and Support Limited,1,approvedcareandsupport.co.uk
Apsley Surgery,1,apsleysurgery.co.uk
Aqua Dental Clinic Limited,1,aquadentalclinic.co.uk
Aqua Robson Care Ltd,1,aquarobsoncare.co.uk
Aquamarine Medicals Limited,1,aquamarinemedicals.co.uk
Arale Group Limited,1,aralecare.co.uk
Arc Care Ltd,1,arccareltd.com
Arc Orthodontics Limited,1,shrewsbury-orthodontics.co.uk
Arcadian Gardens Surgery,1,arcadiangardenssurgery.nhs.uk
Archenfield Enterprises Limited,1,broadstreetdentalsurgery.com
Archers Healthcare Limited,1,braintreenursinghome.co.uk
Archway NHS Medical Centre,1,archwaymedicalcentre.co.uk
Arck Living Solutions Ltd,1,arcklivingsolutions.com
Ardale (Oakham) Limited,1,ardale.co.uk
Ardis Services Ltd,1,visiting-angels.co.uk
Aregon Care Ltd,1,aregoncare.co.uk
Arggen 1 Limited,1,dentcare1.com
Ariya Neuro Care (Residential) Limited,1,ariya-neurocare.com
Ark Care Homes Limited,1,arknursing.co.uk
Ark Care Services Limited,1,arkcare.co.uk
Ark House Rehab Ltd,1,arkhouserehab.com
Ark Nursing and Care Agency Limited,1,arknursing.co.uk
Armour Care Services Ltd,1,armourcareservices.co.uk
Arogya Connected Health LTD,1,manchesterprivatehospital.uk
Aroma Care People Ltd,1,aromaservices.co.uk
Aronel Cottage Care Home Ltd,1,aronelcottage.co.uk
Artisan Care Godmanchester Limited,1,averyhealthcare.co.uk
Artisan Care Kettering Limited,1,averyhealthcare.co.uk
Artisan Care Northants Limited,1,averyhealthcare.co.uk
Artisan Ivy Opco Limited,1,averyhealthcare.co.uk
Artsermon Ltd,1,bionicare.co.uk
Arundel Dental Practice,1,arundeldentalpractice.co.uk
Ascot Care North East Limited,1,ascotcare.co.uk
Aseda Care LTD,1,asedacare.com
Ash Grove Medical Centre,1,ashgrovesurgery.co.uk
Ash Hall Limited,1,ashhallnursinghome.co.uk
Ash Paddock Homes Limited,1,springcare.org.uk
Ash Sharma Sunjay Rai,1,rivendalelodge.co.uk
Ashberry Healthcare Limited,1,ashberry.net
Ashbourne Group Limited,1,ashbournehealthcare.co.uk
Ashburton House Care Home Ltd,1,ashburton-house.co.uk
Ashdown Medical Group,1,ashdownmedical.org.uk
Ashfield Healthcare Limited,1,ashfieldin2focus.com
Ashfield Nursing Home Limited,1,ashfieldnursing.co.uk
Ashfield Specialist Care Limited,1,ashahealthcare.co.uk
Ashfields Primary Care Centre,1,sandbachgps.nhs.uk
Ashford Medical Partnership,1,willesboroughhealthcentre.co.uk
Ashford and St. Peter's Hospitals NHS Foundation Trust,1,ashfordstpeters.nhs.uk
Ashgate Care Limited,1,ashgatehouse.org.uk
Ashgate Hospicecare Limited,1,ashgatehospice.org.uk
Ashgate House Limited,1,alliedcare.co.uk
Ashill Lodge Care Limited,1,ashill-lodge.co.uk
Ashiq Ghauri and Sarfraz Ghauri t/a Ghauri Dental Centre,1,ghauridentalcentre.com
Ashking House Limited,1,alliedcare.co.uk
Ashleigh Manor Residential Care Home,1,ashleighmanor.co.uk
Ashley Community Care Services Limited,1,ashleycare.com
Ashley Gardens(Uk) Ltd,1,ashley-gardens.co.uk
Ashley Grange Nursing Home Limited,1,ashleygrange.co.uk
Ashley House Specialist Dental Practice Ltd,1,dental-specialists.com
Ashmere Derbyshire Limited,1,ashmere.co.uk
Ashray Holdings Limited,1,brighterkind.com
Ashton Care (Bognor Regis) Limited,1,ashtoncare.co.uk
Ashton Lodge Limited,1,ashtoncare.org
Ashton Meadows Limited,1,ashtonmeadows.co.uk
Ashton Medical Group Ltd,1,ashtonmedicalgroup.co.uk
Ashville Medical Practice PMS Practice,1,ashvillemedicalpractice.co.uk
Ashwood House Limited,1,ashwoodhouse.org
Asian People's Disability Alliance Limited,1,apda.org.uk
Ask Care Limited,1,ask-care.com
Askham Village Community Limited,1,askhamcarehomes.com
Aspect Domiciliary Care Limited,1,aspectallcare.co.uk
Aspects Care Homes Ltd,1,aspectscarehomes.co.uk
Aspects Care Limited,1,aspectscare.co.uk
Aspen Care Limited,1,aspencare.co.uk
Aspen Hill Healthcare Limited,1,aspenhillvillage.com
Aspen Village Limited,1,foresthc.com
Aspens Charities,1,aspens.org.uk
Aspirations (SL) Ltd,1,aspirationscare.com
Aspirations Care Limited,1,aspirationscare.com
Aspire Care Services Ltd,1,aspirecareservices.org.uk
Aspire Care Support Services Ltd,1,aspirecss.uk
Aspire Dental Care Limited,1,aspiredentalltd.co.uk
Aspire Health and Care Limited,1,aspirehealthandcare.co.uk
Aspire Healthcare Limited,1,aspireheathcare.co.uk
Asprey Healthcare Limited,1,aspreyhealthcare.co.uk
Assisted Care Solutions Limited,1,assistedcaresolutions.net
Assisted Lives Ltd,1,assistedlives.co.uk
Assistwide Limited,1,richmondresidentialhome.co.uk
Associated Wellbeing Limited,1,associatedwellbeing.co.uk
Assure HealthCare Group (South) Ltd,1,assurehealthcaregroup.com
Assured Lifestyle Limited,1,homeinstead.co.uk
Aston Care Limited,1,astoncarehomes.co.uk
Aston Healthcare Limited,1,astonhealth.nhs.uk
Aston University Consulting Limited,1,aston.ac.uk
Astoria Homecare Limited,1,astoriahomecare.com
Astra Homes Limited,1,astrahomes.co.uk
At Home Support Services Limited,1,athomesupportsergices.com
Ateef Azam and Achmad Da Costa,1,princesenddentist.com
Athena Care Homes (Bretton) Limited,1,athenacarehomes.co.uk
Athena Care Homes (Gaywood) Limited,1,athenacarehomes.co.uk
Athena Care Homes (Kings Lynn) Limited,1,athenacarehomes.co.uk
Athena Medical Centre,1,athenamedicalcentre.co.uk
Atlas Care Homes Limited,1,windor-care-home.co.uk
Atlas Care Services Ltd,1,atlascare.org.uk
Atman Care LTD,1,atmancare.co.uk
Attenborough Surgery,1,attenboroughsurgery.co.uk
Auckland Care Limited,1,aucklandcareltd.co.uk
Auckland Surgery,1,aucklandsurgery.co.uk
Audagio Services Ltd,1,bluebirdcare.co.uk
Aura Care Living Ltd,1,auracareliving.com
Aurem Care (Buxton Lodge) Limited,1,newcenturycare.co.uk
Aurem Care (Kenwood) Limited,1,newcenturycare.co.uk
Aurem Care (South Haven Lodge) Limited,1,newcenturycare.co.uk
Aurem Care (Westbank) Limited,1,newcenturycare.co.uk
Aurielle Aesthetics Ltd,1,aurielleaesthetics.co.uk
Aurora LD Limited,1,the-aurora-group.com
Aurora Medcare,1,kingedwardsmedicalgroup.com
Austen Road Surgery,1,austenroadsurgery.co.uk
Austin Ben Ltd,1,austinben.co.uk
Authentic Care Services Limited,1,acsl.me.uk
Autism Anglia,1,autism-anglia.org.uk
Autism Care (Bedford) Limited,1,autismcareuk.com
Autism Care (UK) Limited,1,autismcareuk.com
Autism East Midlands,1,autismeastmidlands.org.uk
Autism Initiatives (UK),1,autisminitiatives.org
Autism Together,1,wirral.autistic.org
Autonomy Health Ltd,1,arc-home.org
Autonomy Healthcare Limited,1,autonomyhealthcare.co.uk
Autonomy Life Ltd,1,autonomygroup.net
Autumn House Care Limited,1,autumnhousecare.co.uk
Autumn Lodge Hove Ltd,1,autumn-lodge.co.uk
Ava Care Liverpool Ltd,1,avacareliverpool.co.uk
Avalon Group (Social Care),1,avalongroup.org.uk
Avante Care and Support Limited,1,avantepartnership.org.uk
Ave Maria Care Ltd,1,avemariacare.co.uk
Aveley Medical Centre,1,aveleymedicalcentre.co.uk
Avengers Prime Care Ltd.,1,avengersprimecare.co.uk
Avens Ltd,1,avens.co.uk
Avenues East,1,lqgroup.org.uk
Avenues London,1,avenuesgroup.org.uk
Avenues South East,1,avenuesgroup.org.uk
Avery (Glenmoor) Limited,1,averyhealthcare.co.uk
Avery At The Miramar (Operations) Limited,1,averyhealthcare.co.uk
Avery Homes (Nelson) Limited,1,averyhealthcare.co.uk
Avery Homes Cliftonville Limited,1,averyhealthcare.co.uk
Avery Homes Derby Limited,1,averyhealthcare.co.uk
Avery Homes Downend Limited,1,averyhealthcare.co.uk
Avery Homes Hinckley Limited,1,averyhealthcare.co.uk
Avery Homes Kirkstall Limited,1,averyhealthcare.co.uk
Avery Homes Moston Limited,1,averyhealthcare.co.uk
Avery Homes Nuneaton Limited,1,averyhealthcare.co.uk
Avery Homes TH Limited,1,averyhealthcare.co.uk
Avery Homes Wellingborough Limited,1,averyhealthcare.co.uk
Avery Homes Weybridge Limited,1,averyhealthcare.co.uk
Avery of Leicester (Operations) Limited,1,averyhealthcare.co.uk
Aviva Dentistry Limited,1,avivacosmeticdentistry.com
Avocet Trust,1,avocettrust.co.uk
Avom Care Limited,1,caringhomes.org
Avon Homecare Ltd,1,clarityhomecare.co.uk
Avon Lee Lodge Limited,1,avonleelodge.co.uk
Avon Road Surgery,1,thesurgerycranham.co.uk
Avon and Wiltshire Mental Health Partnership NHS Trust,1,awp.nhs.uk
Avondalecare (Kent) Limited,1,avondalecare.co.uk
Awesome Healthcare Solutions Limited,1,awesomecaresolutions.co.uk
Axelbond Limited,1,acornnursinghome.co.uk
Aylestone Grange Ltd,1,aylestonegrange.co.uk
Aylmer Lodge Cookley Partnership,1,aylmerlodge.nhs.uk
Azamay Ltd,1,azamay.com
Azthetics Ltd,1,aztheticsclinic.co.uk
Azure Care Ltd,1,azurecare.co.uk
Azure Charitable Foundation,1,azure-charitable.co.uk
B & H Care Ltd,1,bhcaresolutions.co.uk
B & M Investments Limited,1,bmcare.co.uk
B Dental Limited,1,bdental.co.uk
B J Westwood & W F Westwood,1,slipshoedental.com
B. N. Gibson Limited,1,bngibson.co.uk
B24 Healthcare Solution Limited,1,infob24healthcaresolution.co.uk
BBC Care Service Limited,1,bbccareservices.com
BHT Sussex,1,bht.org.uk
BI FLEXI SUPPORT LTD,1,biflexisupport.co.uk
BJP Home Support Limited,1,bjphomesupport.co.uk
BK Health Limited,1,berryfieldsmedicalcentre.co.uk
BM Care Limited,1,albany-house.co.uk
BM Care Warwick Limited,1,bromsonhill.co.uk
BMBC Services Limited,1,barnsley.gov.uk
BNP Care Ltd,1,manor-house-care.co.uk
BOC Limited,1,bocclinicalservices.co.uk
BS Care Management Services Ltd,1,bscaremanagement.co.uk
BVSS Ltd,1,bankviewsmilestudios.co.uk
BW Care Ltd,1,homeinstead.co.uk
Baba Scans Limited,1,babascans.uk
Babbacombe Care Limited,1,babbacombecare.co.uk
Baby Grows Scan Clinic Limited,1,baby-grows.co.uk
Baby Scan Studio Ashford Limited,1,babyscanstudio.com
BabyBump Limited,1,babybumpuk.co.uk
Backwell Dental Care Limited,1,smileforlife.co.uk
Badgers Lodge Limited,1,trustcare.co
Bagshot Rehab Centre Limited,1,chdliving.co.uk
Baildon Dental Centre Limited,1,baildondentalcentre.com
Baildon Dental Services Limited,1,baildondentalcentre.com
Bakersfield Medical Centre,1,bakersfieldmedicalcentre.nhs.uk
Bakewell Cottage Care Home Limited,1,bakewellcottage.com
Bakewell Vicarage Care Home Limited,1,bakewellvicarage.com
Balby Care and Home Services Ltd,1,balbycare.co.uk
Balmoral Surgery,1,balmoralsurgery.com
Balsall Common Dental Practice Limited,1,balsallcommondental.com
Baltic Medical Centre Limited,1,northwayclinic.co.uk
Banbury Heights Ltd,1,strettonnursinghome.co.uk
Bandlish & Auplish Dental Surgery,1,bandlishauplish.co.uk
Bange Nursing Homes Limited,1,bangenursinghomes.com
Banning Dental Group Ltd,1,banningdental.co.uk
Bannockburn PMS,1,bannockburnsurgery.co.uk
Banstead Dental Care,1,bansteaddentalcare.com
Baobab Care UK Limited,1,baobabcare.co.uk
Baobab Social Care Ltd,1,baobabsocialcare.co.uk
Barchester Healthcare Homes Limited,1,barchester.com
Barchester Hellens Limited,1,barchester.com
Barclay Specialist Care Ltd,1,barclaycare.co.uk
Bargain Dentist.Com Limited,1,novocaredental.co.uk
Barker Care Limited,1,cedarcarehomes.com
"Barking, Havering and Redbridge University Hospitals NHS Trust",1,bhrhospitals.nhs.uk
Barnabas Care Limited,1,gacarers.co.uk
Barnfield Dental Studio Ltd,1,barnfielddentalstudio.com
Barnsley Healthcare Federation CIC,1,highgatesurgery.nhs.uk
Barnsley Hospice Appeal,1,barnsleyhospice.org
Barnsley Hospital NHS Foundation Trust,1,barnsleyhospital.nhs.uk
Barnt Green Dental Centre Limited,1,barntgreendentalcentre.co.uk
Barrow Smile Centre Ltd,1,barrowdentalaesthetics.co.uk
Bartholomew Medical Group,1,bartholomewavesurgery.co.uk
Barton Court Care Home Limited,1,bartoncourtcare.co.uk
Barton House Medical Practice,1,bartonhousemedicalpractice.co.uk
Barton Lodge Ltd,1,dmphealthcare.co.uk
Barton Place Limited,1,barton-place.com
Barty House Nursing Home Limited,1,bartyhouse.co.uk
Baschurch Care Limited,1,selecthealthcaregroup.com
Baslow Health Centre,1,ashenfellsurgery.co.uk
Bath Road Surgery,1,bathroadsurgery.co.uk
Battersea Bridge House Limited,1,inmind.co.uk
Battersea Fields Practice,1,batterseafieldspractice.co.uk
Battersea Place Retirement Village Ltd,1,lifecareresidences.com
Baxter Life Care Limited,1,baxterlifecare.co.uk
Baxters Homecare LTD,1,bhars.co.uk
Bay Care Domiciliary Care Ltd,1,baycaregroup.co.uk
Bay Home Care Limited,1,bayhomecare.org.uk
Bay House Care Ltd,1,bayhousecare.co.uk
Bay Medical Group,1,baymedicalgroup.co.uk
Baydan Ltd,1,baydan.co.uk
Bayfield Court Operations Limited,1,bayfieldcourt.co.uk
Bayford New Horizons Limited,1,bluebirdcare.co.uk
Baytree Community Care (London) Limited,1,baytree.org.uk
Baywater Healthcare UK Limited,1,baywater.co.uk
Bcs Medical (Shackleton) Ltd,1,shackletoncare.co.uk
Be Caring Ltd,1,becaring.org.uk
BeTo Solutions Ltd,1,jollyhouse.co.uk
Beacon Medical Centre,1,beaconmedicalcentre.com
Bearwardcote Hall Residential Home Limited,1,bearwardcotehall.co.uk
Beauchamp House Dental Partners,1,dental100.com
Beaufort Park Limited,1,agincare.com
Beaumond House Community Hospice,1,beaumondhouse.co.uk
Beaumont Lodge Limited,1,beaumontlodge.com
Beaumont Park Surgery,1,beaumontparkmedicalgroup.co.uk
Because We Care Northampton Ltd,1,becausewecarenorthamptonltd.co.uk
Beckoning House Limited,1,beckoninghouse.com
Bedford Borough Council,1,bedford.gov.uk
Bedford Citizens Housing Association Limited,1,bchal.org
Bedfordshire Supported Housing Limited,1,bedssupportedhousing.co.uk
Bedstone Limited,1,the-westgate.co.uk
Bedwell Medical Centre,1,bedwellandroebucksurgery.com
Bee Home Care Limited,1,beehomecareltd.co.uk
Bee's Care Agency Limited,1,beescareagency.co.uk
Beech Haven Limited,1,beechhaven.co.uk
Beech Hill Grange Limited,1,beechhillgrange.co.uk
Beech Hill Medical Practice,1,beechhillmedical.co.uk
Beech House Dental Surgery,1,beechhousedental.com
Beech Lawn Care Limited,1,beechlawnnursinghome.co.uk
Beechcroft Dental Practice,1,beechcroftdental.com
Beechwood Homecare Limited,1,bluebirdcare.co.uk
Behnam Limited,1,mbdental.co.uk
Bela Home Care Limited,1,belahomecare.co.uk
Bella Home Care Ltd,1,bellahomecare.co.uk
Bellastouch Ltd,1,bellastouch.co.uk
Bellbrooke Surgery,1,bellbrookesurgery.co.uk
Belle Vue Dental Practice Ltd,1,bellevuedentalpractice.co.uk
Belmont Healthcare (Madeira) Limited,1,belmonthealthcare.co.uk
Belmont Healthcare (Wombwell) Limited,1,belmonthealthcare.co.uk
Belmont Healthcare (Woodbury) Limited,1,fshcgroup.com
Belmont Homecare Services Limited,1,belmonthealthcare.co.uk
Belmont House (Devon) Limited,1,belmonthousedevoncarehome.com
Belmont Medical Centre,1,belmontmedicalcentre.co.uk
Belong Limited,1,belong.org.uk
Belrose Limited,1,bluebirdcare.co.uk
Belvoir Healthcare Ltd,1,rhencullencaregroup.co.uk
Belvoir Vale Care Homes Limited,1,mmcg.co.uk
Benedon Healthcare Limited,1,benedonhealthcare.com
Benridge Care Homes Limited,1,benridgecaregroup.co.uk
Benslow Management Company Limited,1,benslow-care-homes.co.uk
Benson Dental Practice Limited,1,sabensondental.co.uk
Bentley House Limited,1,bentleyhousecarecentre.co.uk
Benton Care Limited,1,selecthealthcaregroup.com
Bere Peninsula Care Limited,1,westviewcarehome.co.uk
Berkeley Health Care Limited,1,newlandscare.org
Berkeley Home Health Limited,1,berkeleyhomehealth.com
Berkley Care (Badminton) Limited,1,badmintonplace.co.uk
Berkley Care (Jubilee House) Limited,1,jubileehousecare.co.uk
Berkley Care (Portobello Place) Limited,1,portobelloplace.com
Berkley Care Active Limited,1,cumnorhillhouse.com
Berkley Care Blenheim Limited,1,blenheimhousecare.com
Berkley Care Ryefield Limited,1,ryefieldcourt.com
Berry Pomeroy Home For Elderly People,1,berrypomeroy.org.uk
Besi Care Ltd,1,besi-care.com
Bespoke Care Services East Dorset Ltd,1,bespokecaredorset.com
Bespoke Care and Support Ltd,1,bespokecaresupport.co.uk
Best At Home Domiciliary Care Services Ltd,1,bestathomecareservices.com
Best Care Liverpool Limited,1,bestcareliverpool.co.uk
Best Choice Care Limited,1,bestchoicecare.uk.com
Best Dental Limited,1,queensgate-dental-practice.co.uk
Best In Care Ltd,1,clarityhomecare.co.uk
Bestcare UK Limited,1,chapelgarthcare.com
Beth Richardson Orthodontics Ltd,1,basingstokeortho.co.uk
Beth-Ezra Trust,1,bethezra.co.uk
Bethany Lodge Kent Limited,1,activecaregroup.co.uk
Better Lives (Northants) Limited,1,betterlivesnorthants.co.uk
Better Vision Care Ltd,1,bvcare.co.uk
Betts Avenue Medical Group,1,bettsavenue.nhs.uk
Bevan Community Benefit Society,1,bevanhealthcare.co.uk
Bevan Group Practice,1,beaconsfield-surgery.co.uk
Bevancare LTD,1,bevancare.com
Bevington Care Services Limited,1,homeinstead.co.uk
Bewick Crescent Surgery,1,bewickcrescentsurgery.nhs.uk
Bexleyheath Dental Practice Limited,1,bexleyheathdental.co.uk
Beyond Dementia,1,alzheimerswiltshire.org.uk
Beyond Limits (Plymouth) Ltd,1,beyondlimits-uk.org
Bhandal Care Group (1ST Care UK) Ltd,1,redcotehouse.co.uk
Bhandal Care Group (BSB Care) Ltd,1,russellgreencarehome.co.uk
Bhandal Care Ltd,1,bhandalcare.co.uk
Bicester Dental Care & Implant Centre,1,bicesterdental.co.uk
Biddlestone Health Group,1,biddlestonehealthgroup.co.uk
Bideaway Homes (2) Limited,1,svl-care.co.uk
Bidford Dental Partnership,1,bidforddental.co.uk
Bilbrook Medical Centre,1,bilbrookmedicalcentre.com
Bildeston Health Centre,1,bidestonhealthcentre.co.uk
Biliv Care Limited,1,bilivcare.co.uk
Binscombe Medical Centre,1,binscombe.net
Birchfield Residential Care Home Limited,1,birchfieldcarehome.co.uk
Birchwood Homecaring Services Limited,1,birchwoodhomecaringservices.co.uk
Birchwood Medical Practice,1,birchwoodmedicalpractice.com
Birmingham And District General Practitioner Emergency Room Limited,1,badger-group.com
Birmingham Business Associate Ltd,1,bbacare.com
Birmingham Circumcision Services,1,birminghamcircumcisionservices.co.uk
Birmingham City Council,1,birmingham.gov.uk
Birmingham Community Healthcare NHS Foundation Trust,1,bhamcommunity.nhs.uk
Birmingham and Solihull Mental Health NHS Foundation Trust,1,bsmhft.nhs.uk
Birstall Care Services Limited,1,cinnamoncc.com
Birtley Medical Group,1,birtleymedicalgroup.nhs.uk
Bishopsford Road Medical Centre,1,bishopsfordroadmedicalcentre.nhs.uk
Black Country Healthcare NHS Foundation Trust,1,blackcountryhealthcare.nhs.uk
Black Swan International Limited,1,blackswan.co.uk
Blackberry Clinic Limited,1,blackberryclinic.co.uk
Blackberry Hill Limited,1,foresthc.com
Blackburn Road Medical Centre,1,broughtonhousesurgerybatley.co.uk
Blackford House Medical Centre,1,blackfordhmc.co.uk
Blackfriars Medical Practice,1,blackfriarsmedicalpractice.co.uk
Blackheath Medical Practice,1,bhgp.co.uk
Blackmoor Croft Health Care Limited,1,exemplarhc.com
Blackpool Teaching Hospitals NHS Foundation Trust,1,bfwh.nhs.uk
Blackrod House Limited,1,blackrodhouse.co.uk
Blake House Surgery,1,blakehousesurgery.co.uk
Blake UK Care Services Limited,1,bridlingtonlodge.co.uk
Blakewater Homecare Services Ltd,1,blakewaterhomecare.co.uk
Blessing's Care Ltd,1,blessingscare.com
Bliss Care Torquay Limited,1,avelandcourt.co.uk
Bliss Care and Training Ltd,1,blisscare.org.uk
Bloom & Care Limited,1,bloomandcare.co.uk
Bloomsbury Home Care Limited,1,bloomsburyhomecare.com
Blossom Care For You LTD,1,blossomcareforyou.co.uk
Blossom Home Care Ltd,1,blossomhomecare.co.uk
Blue Bay Home Care Limited,1,homeinstead.co.uk
Blue Mar Limited,1,bluemarltd.com
Blue Ribbon Healthcare Limited,1,brhw.co.uk
Blue Skies Addiction Centre Ltd,1,primroselodge.com
Blue Sky Enabling Limited,1,blueskyenabling.org
Bluebell Wood Children's Hospice,1,bluebellwood.org
Blueboard Care Services Ltd,1,blueboardcareservices.co.uk
Bluecroft Estates Limited,1,bluecroftestates.co.uk
Bluecrosslifecare Ltd,1,bluecrosslifecareltd.co.uk
Bluefield Care Services Limited,1,blufieldcare.co.uk
Bluestar Care & Support LTD,1,bluestar-caresupport.co.uk
Bluewood Care Limited,1,bluewoodcare.com
Bodmin Road Health Centre,1,bodminroadhealthcentre.co.uk
Bodyvie Limited,1,bodyvie.com
Bognor Regis Dental Limited,1,knightsdentalsurgery.co.uk
Boldglen Limited,1,boldglen.co.uk
Bolff Healthcare Services Ltd,1,bolffhealthcare.com
Bolingo Care Ltd,1,bolingo-care.co.uk
Bolton Hospice,1,boltonhospice.org
Bondcare (Ambassador) Limited,1,bondcare.co.uk
Bondcare (Bromford) Limited,1,bondcare.co.uk
Bondcare (Halifax) Limited,1,bondcare.co.uk
Bondcare (London) Limited,1,bondcare.co.uk
Bondcare (Regions) Limited,1,bondcare.co.uk
Bondcare Willington Limited,1,bondcare.co.uk
Boo Health Limited,1,boobabyscan.co.uk
Boomerang Healthcare Ltd,1,boomeranghealthcare.com
Borough Care Ltd,1,boroughcare.org.uk
Botonics Limited,1,botonics.co.uk
Boughton Green Road Limited,1,richardsoncares.co.uk
Boulevard Care Limited,1,boulevardcare.co.uk
Boulevard Medical Practice Ltd,1,boulevardpractice.co.uk
Bourne2Care Limited,1,bourne2care.co.uk
Bournemouth Rainbow Ltd,1,bournemouthrainbow.com
Bowden Derra Park Limited,1,bowdenderra.co.uk
Bowerfield House Limited,1,mmcgcarehomes.co.uk
Bowling Green Dental Care Limited,1,genixhealthcare.com
Bowling Highfield Medical Practice,1,bowlinghallmedicalpractice.co.uk
Bowood Care Homes Limited,1,adeptcarehomes.co.uk
Brackenlea Care Homes Limited,1,brookvalehealthcare.co.uk
Bradcare Limited,1,bradcare.co.uk
Bradford District Care NHS Foundation Trust,1,bdct.nhs.uk
Bradford Teaching Hospitals NHS Foundation Trust,1,bradfordhospitals.nhs.uk
Bradnet,1,bradnet.org.uk
Brain Injury Rehabilitation Trust,1,thedtgroup.org
Bramble Homecare Limited,1,bramblehomecare.co.uk
Bramham Medical Centre,1,bramhammedicalcentre.co.uk
Bramingham Dental Clinic Limited,1,braminghamdental.com
Bramley Health Limited,1,bramleyhealth.co.uk
Bramley Village Health and Wellbeing Centre Ltd,1,bramleyvillage.co.uk
Bramling Cross Care Limited,1,graycaregroup.co.uk
Brampton Health Centre,1,bramptonhealthcentre.co.uk
Brampton Medical Practice,1,bramptonmedicalpractice.com
Brampton Practice Limited,1,bramptondentalpractice.co.uk
Brampton View Limited,1,barchester.com
Brancaster Care Homes Limited,1,brancastercare.co.uk
Branch Court Limited,1,krinvestcaregroup.com
Breakthru Care Ltd,1,breakthrucare.co.uk
Brecknock Dental Surgery Limited,1,brecknockdental.co.uk
Bredon Hill Surgery,1,bredonsurgery.nhs.uk
Brendoncare Foundation(The),1,brendoncare.org.uk
Brentwood Homes Limited,1,brookvalehealthcare.co.uk
Brentwood Orthodontic and Implant Centre Ltd,1,orthodonticcentre.co.uk
Bretton Park Healthcare,1,brettonhealthcare.co.uk
Brewood Surgery,1,brewoodsurgery.nhs.net
Bricket Wood Care Limited,1,deesgroup.co.uk
Bridge Care Limited,1,bridgecare.org.uk
Bridge Dental Practice Limited,1,bridgedentalsmiles.co.uk
Bridge House (Elmwood) Limited,1,fishercaregroup.co.uk
Bridge House Holdings Limited,1,bridgehouseoftwyford.co.uk
Bridgefoot Developments Limited,1,jasonhyltoncourt.co.uk
Bridgemary Medical Centre,1,bridgemarymedicalcentre.co.uk
Bridgewater Family Planning Service Association Limited,1,bridgewater-fps.co.uk
Bridgeway Practice,1,bridgewaypractice.co.uk
Briercliffe Road Dental Practice,1,brdpdentist.co.uk
Briercliffe Road Dental Practice Limited,1,brdp.co.uk
Brierley Park Medical Group,1,huthwaitesurgery.co.uk
Bright Care at Home Ltd,1,brightcare.co.ukjavascript:{app().gotoview(service request detail view w
Bright Horizons Care Recruitment Limited,1,brighthorizonscarerecruitment.com
Brigstock Medical Centre,1,brigstockandsouthnorwood-medicalpractice.co.uk
Brisca Healthcare Ltd,1,briscarecruitment.co.uk
Brisegene Care Ltd,1,brisegene.com
Brisen Company Limited,1,brisen.co.uk
Bristol Care Homes Limited,1,bristolcarehomes.co.uk
Bristol Menopause Limited,1,bristolmenopause.com
Bristol Urology Associates Ltd,1,bristolurology.com
British Pregnancy Advisory Service,1,bpas.org
Broadway Lodge Limited,1,broadwaylodge.org.uk
Broadway Medical Practice,1,broadwaymedicalpractice.nhs.uk
Brockwell Gate Ltd,1,brockwellhealthcare.com
Brockwell Park Surgery,1,brockwellparksurgery.com
Bromley GP Alliance Limited,1,bromleygpalliance.org
Bromley by Bow Health Partnership,1,bbbhp.co.uk
Brondesbury Medical Centre,1,brondesburymedicalcentre.co.uk
Bronte Care Services,1,brontecare.co.uk
Brook View Health Care Limited,1,exemplarhc.com
Brook Young People,1,brook.org.uk
Brookes Home Care Services Limited,1,brookeshomecare.co.uk
Brooklands Care Home Ltd,1,brooklandsnursinghome.co.uk
Brooklands Dental Clinic Limited,1,brooklandsdentalclinic.co.uk
Brookvale Practice,1,brookvalepractice.nhs.uk
Broomgrove Trust(The),1,broomgrove-trust.co.uk
Browne's Dental Surgery Limited,1,brownesdental.co.uk
Brunelcare,1,brunelcare.org.uk
Buadu Limited,1,bluebirdcare.co.uk
Buckingham Home Care Limited,1,buckinghamhomecare.co.uk
Buckinghamshire Council,1,buckinghamshire.gov.uk
Buckinghamshire Healthcare NHS Trust,1,buckinghamshirehospitals.nhs.uk
Buckland Care Limited,1,bucklandcare.co.uk
Bumade Healthcare Services Ltd,1,bumadehealthcare.com
Bupa Care Homes (BNH) Limited,1,bupa.co.uk
Bupa Care Homes (CFHCare) Limited,1,bupa.co.uk
Bupa Care Homes (HH Leeds) Limited,1,bupa.com
Bupa Care Homes (HH Northumberland) Limited,1,bupa.com
Bupa Care Homes (PT Lindsay) Limited,1,thelindsayhome.com
Bupa Care Homes (PT Links) Limited,1,thelinkshome.com
Bureaucom Limited,1,njch.co.uk
Burlington Nursing Home Limited,1,burlingtonnursinghome.net
Burn Brae Medical Group,1,burnbraemedicalgroup.nhs.uk
Burnham Lodge Limited,1,burnhamlodgecare.com
Burnside Care Limited,1,priorygroup.com.
Burrow Down Support Services Limited,1,burrowdown.co.uk
Bury Hospice,1,buryhospice.org.uk
Bury Metropolitan Borough Council,1,bury.gov.uk
Bush & Company Rehabilitation Limited,1,bushco.co.uk
Bushby Care Ltd,1,stgeorgeslodge.com
Bushloe Surgery,1,bushloesurgery.co.uk
Buttercup Home Care Ltd,1,visiting-angels.co.uk
Butterfly Days Limited,1,butterflydays.co.uk
Butterwick Limited,1,butterwick.org.uk
Buxton Medical Practice,1,buxtonmedicalpractice.co.uk
Bykare Services Limited,1,bykareservices.co.uk
Bymead House Limited,1,bymeadhouse.co.uk
Byron Court Care Home Limited,1,byroncourt.co.uk
Byron Lodge (West Melton) Limited,1,byronlodge.co.uk
Byron Lodge Care Home Ltd,1,crownwoodhealthcare.com
C & S Homecare Ltd,1,cshomecare.co.uk
C&V Care Solutions Ltd,1,cvcaresolutions.co.uk
C.B.Patel & Partners,1,hayesmedicalcentre.co.uk
C.T.C.H. Limited,1,ctch.co.uk
CARE 4 CARE SERVICES LTD,1,care4care.co.uk
CARECONCEPTS (CHESHIRE) LTD,1,trewanhouse.co.uk
CASA Care Limited,1,casacare.uk
CCNH Limited,1,curaa.co.uk
CDP (UK) Ltd,1,camberleydentalpractice.co.uk
CH Medical,1,ch-medical.co.uk
CHRISTCHURCH PHARMACY LIMITED,1,christchurchclinics.co.uk
CJP Outreach Services Ltd,1,cjpos.co.uk
CLNQ Limited,1,clnq.com
CM Supported Living Services,1,cmsupportedliving.com
CMDSOUZA LTD,1,thedsouzaclinic.com
CS Practice Services Limited,1,solihullorthodonticcentre.co.uk
CSK Support 24 Ltd,1,csksupport24.co.uk
CSS Care Ltd,1,csscare.co.uk
CTRC Community Interest Company,1,ctrcservices.com
CW & DK Limited,1,blossomhomecare.co.uk
CYM Limited,1,lighttouchclinic.co.uk
Caafi Health Care Limited,1,caafihealth.org.uk
Caballus Home Care Limited,1,homeinstead.co.uk
Caemac Investments Limited,1,caemac.com
Caerus Care Limited,1,caeruscare.co.uk
Caireach Limited,1,cygnethealth.co.uk
Caldecott Dental Practice Partnership,1,caldecottdental.com
Calder View Surgery,1,drsmedleyconwayspencer.nhs.uk
Calderdale Home Care Limited,1,calderdalehomecare.co.uk
Calderdale and Huddersfield NHS Foundation Trust,1,cht.nhs.uk
Calico Enterprise Limited,1,barleyview.org.uk
Call4Care Services Limited,1,call4care.uk
Calm Homecare Ltd,1,calmhomecare.co.uk
Calton House Ltd,1,caltonhouse.co.uk
Calvercare Limited,1,foresthc.com
Cam & Uley Family Practice,1,cam-and-uley.nhs.uk
Cambian Asperger Syndrome Services Limited,1,cambiangroup.com
Cambian Whinfell School Limited,1,cambiangroup.com
Cambrian Surgery,1,cambriansurgery.co.uk
Cambridge Medical Group,1,cambridgemedicalgroup.co.uk
Cambridge Nursing Home Ltd,1,elmlodgecarehome.co.uk
Cambridge University Hospitals NHS Foundation Trust,1,cuh.org.uk
Cambridgeshire and Peterborough NHS Foundation Trust,1,cpft.nhs.uk
Camden Place Dental Implant Centre Limited,1,camdenplace.co.uk
Camellia Care (Chandler's Ford) Ltd,1,valleylodge.co.uk
Camelot Care (Yeovil) Ltd,1,camelotcare.co.uk
Camelot Care Homes Limited,1,xcelcarehomes.co.uk
Camillus Health Care ltd,1,pembrokesurgery.com
Campaigne Limited,1,cthedentist.com
Campden Home Nursing CIO,1,campdenhomenursing.org
Camphill Village Trust Limited(The),1,cvt.org.uk
Canaryford Limited,1,bjp-healthcare.co.uk
Candlelight Homecare Services Limited,1,candlelightcare.co.uk
Cannon Hill Clinic Limited,1,cannonhillclinic.co.uk
Canova Medical Limited,1,canovamedical.com
Canterbury Oast Trust,1,c-o-t.org.uk
Canterbury Ultrasound Ltd,1,windowtothewomb.co.uk
Cantilupe Surgery,1,cantilupe.com
Cantourage Clinic Ltd,1,cantourage.clinic
Capel Dental Limited,1,capeldental.co.uk
Capella Care Limited,1,expertisehomecare.co.uk
Capital Healthcare Management Services Limited,1,capitalcareservices.co.uk
Capstone Care Limited,1,walshawhall.co.uk
Caram (AH) Limited,1,athollhouse.co.uk
Cardea Healthcare Limited,1,cardeahealthcare.co.uk
Cardiac Screen Limited,1,cardiacscreen.co.uk
Care & Grace Ltd,1,careandgrace.co.uk
Care & Support Solutions (North East) Limited,1,careandsupportsolutions.co.uk
Care 2 U Limited,1,care2ultd.co.uk
Care 4 All Ltd,1,care4alltd.com
Care @ Home Newbury Limited,1,careathomenewbury.co.uk
Care @ Rainbow's End Limited,1,carerainbowsend.com
Care Advocates Ltd,1,careadvocates.co.uk
Care And Support Ltd,1,aegiscare.co.uk
Care Angels Homecare Limited,1,careangelshomecare.com
Care By Us Ltd,1,carebyus.com
Care Connect Bury Ltd,1,careconnectbury.co.uk
Care Delivered Ltd,1,caredelivered.uk
Care Direct (Salford) Limited,1,caredirectsalford.com
Care Dynamics (Yorkshire) Limited,1,caredynamics-yorkshire.co.uk
Care Dynamics Limited,1,caredynamics.com
Care Education Ltd,1,staffingconnect.co.uk
Care Excel 247 Ltd,1,rightathomeuk.com
Care Expertise Group Limited,1,careexpertise.co.uk
Care For Your Life Ltd,1,eastholmecarehome.com
Care Futures,1,carefutures.org
Care Homes UK Ltd,1,care-homesuk.co.uk
Care Is Central Limited,1,careiscentral.org.uk
Care Line Homecare Limited,1,carelinehomecare.co.uk
Care Matters (Homecare) Limited,1,carematters.co.uk
Care Network Solutions Limited,1,milewood.co.uk
Care Outlook Ltd,1,careoutlook.co.uk
Care Pilot Limited,1,care-pilot.co.uk
Care Plus Devon Ltd,1,helpathand.org
Care Plus Suppliers Ltd,1,thesmilesuite.co.uk
Care Preference Ltd,1,carepreference.co.uk
Care Provision Healthcare Limited,1,philialodge.co.uk
Care Relief Team Limited,1,crtcare.co.uk
Care Sante Kent Limited,1,caresante.co.uk
Care Services Thirsk Limited,1,careservicesthirskltd.com
Care South,1,care-south.co.uk
Care Specialist Services Limited,1,carespecialistservices.co.uk
Care Support Empower Ltd,1,caresupportempower.com
Care Support MK Ltd,1,caresupportmk.co.uk
Care U Care Ltd,1,careucare.com
Care With Pride Ltd,1,carewithpride.co.uk
Care Within Ltd,1,surecare.co.uk
Care Worldwide (Bradford) Limited,1,bondcare.co.uk
Care Worldwide (Manchester) Limited,1,bondcare.co.uk
Care Worldwide (Southwell) Limited,1,bondcare.co.uk
Care and Normalisation Limited,1,milestone-house.com
Care and Resolve Limited,1,bondcare.co.uk
Care at Hand Limited,1,careathand.co.uk
Care at Home (Midlands) Limited,1,careathomemidlands.co.uk
Care at Home Services (South East) Limited,1,careathomeservices.co.uk
Care for Veterans,1,careforveterans.org.uk
Care-Away Limited,1,caresupport.co.uk
Care2Victory Services Ltd,1,care2victory-services.com
Care4MilkTeeth Limited,1,toothbeary.co.uk
Care4U (Leicestershire) Limited,1,care4u-ltd.co.uk
CareTech Community Services Limited,1,caretech-uk.com
Careaid Limited,1,careaid.co.uk
Carebase (Hemel) Limited,1,watermillhousecarehome.co.uk
Carebase (Histon) Limited,1,carebase.org.uk
Carebase (Sewardstone) Limited,1,ashbrookcourtcarehome.co.uk
Careconcepts (Manchester) Ltd,1,careconcepts.co.uk
Caredom Healthcare Limited,1,caredomehealthcare.co.uk
Careline Lifestyles (UK) Ltd,1,carelinelifestyles.co.uk
Carelytical Home Care Ltd,1,carelytical.co.uk
Caremax Homecare Services Limited,1,caremaxltd.co.uk
Carepoint HC Limited,1,carepointhc.co.uk
Carers Direct Homecare Ltd,1,caresdirecthomecare.com
Carers and Companions Limited,1,carersandcompanions.co.uk
Careuk247 Home Care Ltd,1,careuk247.co.uk
Carewell (Health Care) Limited,1,gainfordcarehomes.com
Carewise Homes Limited,1,oaktreelodgecare.com
Caring Circle Limited,1,caringcircle.co.uk
Caring Connections Limited,1,caringconnections.org.uk
Caring Hands Leicester Limited,1,caringhandsleicester.co.uk
Caring Hands Nottingham Ltd,1,caringhandsnottingham.co.uk
Caring Hearts (Essex) Ltd,1,fuchsiahomecare.co.uk
Caring Homes (Broadbridge) Limited,1,caringhomes.org
Caring Partnership Ltd,1,caringpartnership.org
Caring Stars Limited,1,caringstarslimited.com
Caringsmart LTD,1,caringsmart.uk
Caritas Care Solutions Ltd,1,caritascaresolutions.co.uk
Caritas Health Partnership,1,caritasgp.co.uk
Caritas Services Limited,1,caritasservices.com
Caritate Limited,1,laninvalhouse.com
Carleton Court Residential Home Ltd,1,carletoncourtskipton.co.uk
Carlton Care Homes Ltd,1,carltoncaregroup.co.uk
Carlton House Residential Care Home Limited,1,farringtoncare.com
Carlton House Rest Home Limited,1,carltonhouseresthome.co.uk
Carmel Medical Practice,1,carmelmedicalcentre.co.uk
Carmen Jimenez Vallejo Limited,1,foxburydental.com
Carn to Coast Health Centres,1,poolhealthcentre.co.uk
Carpenters Company,1,rustcon.co.uk
Casa Di Cura Ltd,1,casadicura.co.uk
Casbrook Home Care Ltd,1,casbrookhomecare.co.uk
Cassiobury Court Ltd,1,cassioburycourt.com
Castel Froma Neuro Care Limited,1,helenley.org.uk
Castle Dental Practice Limited,1,castledentalpractice.com
Castle Grove Retirement Home Partnership,1,castle-grove.co.uk
Castle and Costa,1,castleandcosta.co.uk
Cathedral Care Services Limited,1,cathedral.care
Catherine House Surgery,1,catherinehousesurgery.co.uk
Catherine Miller House Limited,1,catherinemillerhouse.co
Cathrolls' UK Limited,1,cathrollscare.co.uk
Catto International Limited,1,cattohomecare.co.uk
Cavendish Health Centre,1,cavendishhealth.nhs.uk
Caythorpe & Ancaster Medical Practice,1,villagedoctor.co.uk
Cedar Care Homes Limited,1,cedarcarehomes.com
Cedar Court Care Ltd,1,cedar-court.co.uk
Cedar Hope Care Services Ltd,1,cedarhopecare.co.uk
Cedar Practice,1,cedarpractice.co.uk
Cedarlea Practice Limited,1,cedarlea.co.uk
Cedars Care (Winscombe Hall) Limited,1,cedarscaregroup.co.uk
Cedars Rest Home Limited(The),1,caringuk.com
Cedarwood House Limited,1,cedarscaregroup.co.uk
Ceeda Ltd,1,ceedacare.co.uk
Ceibraxs Limited,1,ceibraxs.co.uk
Celtic Care Services Limited,1,celticcareservices.co.uk
Central Bedfordshire Council,1,centralbedfordshire.gov.uk
Central Dental Care,1,centraldentalcare.co.uk
Central England Healthcare (Great Wyrley) Limited,1,conifersnursinghome.co.uk
Central England Healthcare (Stoke) Limited,1,theoldvicaragenursinghome.co.uk
Central England Healthcare (Wolverhampton) Limited,1,eversleighcarecentre.co.uk
Central England Specialist Referral Centre Ltd,1,centralenglandreferrals.co.uk
Central London Community Healthcare NHS Trust,1,clch.nhs.uk
Central Medical Centre,1,centralmedicalcentre-morden.nhs.uk
"Central Medical Services, East Midlands",1,centralmedicalservices.co.uk
Central Orthodontics,1,central-ortho.co.uk
Central and Cecil Housing Trust,1,ccht.org.uk
Centralized Ambulance Transport Services Ltd,1,catsambulance.com
Centre 404,1,centre404.org.uk
Centre For Reproductive Medicine Limited,1,crmlondon.co.uk
Centre of Dental Excellence Ltd,1,stcode.co.uk
Centrust Care Homes Limited,1,centrustcarehomes.co.uk
Centurion Health Care Limited,1,centurioncare.co.uk
Century Healthcare Limited,1,centuryhealthcare.co.uk
Cephas Care Limited,1,cephas-care.co.uk
Cera Care Operations Limited,1,ceracare.co.uk
Cera Homecare Limited,1,crghomecare.uk.com
Chadwell Heath Dental Practice,1,chadwellheathdental.co.uk
Chalgrove Care Home Limited,1,agincare.com
Chana & Thandi Dental,1,collegeroaddentalpractice.co.uk
Changes Clinic Limited,1,changesclinic.co.uk
Chantry Retirement Homes Limited,1,chantryhomes.com
Chaos Support Ltd,1,chaossupport.co.uk
Chapel Road Orthodontics Limited,1,mydentist.co.uk
Charing Cross Practice,1,chxpractice.co.uk
Charing Gardens Limited,1,charinghealthcare.co.uk
Charing Hill Limited,1,charinghealthcare.co.uk
Charing Lodge Limited,1,stmichaelscare.org
Charing Park Investments Limited,1,charinghealthcare.co.uk
Charing Vale Limited,1,charinghealthcare.co.uk
Charing Way Limited,1,charinghealthcare.co.uk
Charis House Limited,1,gardeniacourt.co.uk
Charismatic Care Ltd,1,charismaticcare.net
Charles Daker,1,swanhillhousecarehome.com
Charlesworth 247 Ltd,1,charlesworth247.co.uk
Charlotte's Compassionate Care Services Ltd,1,charlottes-cc-s.com
Charnley House Limited,1,charnleyhouse.co.uk
Charnock Health Primary Care Centre,1,charnockhealth.nhs.uk
Charnwood Park Residential Home Limited,1,charnwoodpark.co.uk
Chartbeech Ltd,1,hayhousecare.com
Chartwell Care Services Limited,1,chartwelltrustcare.org
Chartwell Private Hospital and Diagnostics Limited,1,chartwelldiagnostics.co.uk
Cheadle Care Ltd,1,cheadlecare.co.uk
Chelford Surgery,1,chelfordsurgery.co.uk
Chelmer Village Associates Limited,1,chelmervillagedental.co.uk
Chelmsford Care Centre Ltd,1,trustcare.co
Chelsea Outpatient Centre LLP,1,chelseaoutpatientcentre.com
Chelsea and Fulham Dentist Partnership,1,chelseaandfulhamdentist.co.uk
Chelsfield Surgery,1,chelsfieldsurgery.co.uk
Chelwood Dental Practice Partnership,1,chelwooddentalleeds.co.uk
Chenai Holistic Home Care Agency Ltd,1,chhca.co.uk
Cherish UK Limited,1,cherishuk.co.uk
Cherish-UK Ultrasound Scans Limited,1,cherish-uk.com
Cherished Care Services Limited,1,cherishedcareservices.com
Cheriton Care Centre Limited,1,agincare.com
Cherry Tree Surgery LTD,1,cherrytreesurgery.co.uk
Cherryfield Homes Limited,1,swanvale.com
Chesford Grange Care Limited,1,capitalcaregroup.co.uk
Cheshire Cat Orthodontics Limited,1,cheshirecatorthodontics.com
Chesterfield Royal Hospital NHS Foundation Trust,1,chesterfieldroyal.nhs.uk
Chestfield Dental Practice,1,chestfielddentalpractice.co.uk
Chestfield Dental Surgery Limited,1,banningdental.co.uk
Chestnut Grove Rest Home Ltd,1,chestnutgroveresthome.co.uk
Chestnuts Home Ltd,1,chestnutscarehome.co.uk
Chet Valley Medical Practice,1,loddondoctorssurgery.co.uk
Chetwynd House Care Home Limited,1,adeptcarehomes.co.uk
Chichele Road Surgery,1,chicheleroadsurgery.co.uk
Chilcote Surgery,1,chilcotesurgery.co.uk
Children's Hospice South West,1,chsw.org.uk
Chilmington Homes Limited,1,chilmingtonhomes.co.uk
Chiltern Support & Housing Ltd,1,chilternsupport.com
Chilton Care Homes Ltd,1,chiltoncroft.co.uk
Chinese Association of Tower Hamlets,1,chinesehomecare.org.uk
Chislehurst Healthcare Ltd,1,chislehursthealthcare.co.uk
Chiswick Medical Practice,1,chiswickmedicalpractice.co.uk
Chiswick Park Dental Practice Limited,1,chiswickparkdentalpractice.co.uk
Chloe Drury Limited,1,caremark.co.uk
Choice Global Limited,1,choiceglobal.co.uk
Choice Independent Living Limited,1,choiceindependentliving.co.uk
Choicecare 2000 Limited,1,selecthealthcaregroup.com
Choices Healthcare Limited,1,choiceshealthcare.co.uk
Choices Homecare Ltd (South Yorkshire),1,tlc-homecare.co.uk
Choices Housing Association Limited,1,choiceshousing.co.uk
Chorlton Family Practice,1,chorltonfamilypractice.nhs.uk
Chosen Care Limited,1,nationalcaregroup.com
Chris Bird Dental Care Limited,1,chrisbird-dentalcare.co.uk
Chris Homecare Limited,1,caremark.co.uk
Christ The King Residential Care Homes Limited,1,ctkresidentialcarehomes.co.uk
Christchurch Care Limited,1,christchurchcare.co.uk
Christchurch Court Limited,1,activecaregroup.co.uk
Christchurch Dental Practice Limited,1,christchurchdental.co.uk
Christian Care Homes,1,christiancarehomes.org
Christies Care - Mid & South Buckinghamshire Ltd,1,walfinch.com
Christopher James Webb,1,inglesideresidentialhome.com
Christopher Read and Jonathan Cowie T/A Triangle Dental,1,triangledental.co.uk
Church Farm Nursing Home Limited,1,churchfarmcare.co.uk
Church Farm at Rusticus Limited,1,churchfarmcare.co.uk
Church Lane Medical Centre,1,churchlanemedicalcentre.co.uk
Church Langley Medical Centre,1,clmp.co.uk
Church Street Dental Practice,1,churchstreetdentalpractice.com
Church Street Dental Surgery Ltd,1,churchstreetdentalsurgery.com
Churchfields Surgery,1,churchfieldssurgery.co.uk
Churchill Health Care Ltd,1,churchillhealthcare.com
Churchill Medical Centre,1,churchillmedicalcentre.com
Churchill Residential Care And Nursing Homes Limited,1,stjudesnursinghome.co.uk
Cima Care Consortium Ltd,1,cimacare.co.uk
Circle Dental Care Limited,1,circledental.co.uk
Circle Health Group Limited,1,circlehealthgroup.co.uk
City Care Agency Ltd,1,citycareagency.com
City Care Partnership Limited,1,citycarepartnership.co.uk
City Health Care Partnership CIC,1,holynamecarehome.com
City Health Centre,1,cityhealthcentre.org.uk
City Home Care Limited,1,cityhomecare.co.uk
City Square Medical Group,1,citysquaremedical.nhs.uk
City Way Surgery,1,citywaymedicalpractice.co.uk
Civic Care Ltd,1,civic-care.co.uk
Civic Medical Centre,1,civicmc.nhs.uk
Clacton Dental Care Ltd,1,together.dental
Clapham Village Care Ltd,1,claphamlodge.co.uk
Claregrange (Trading) Limited,1,aslocktonhall.com
Claremont Bank Surgery,1,claremontbanksurgery.co.uk
Claremont Care Services Limited,1,warrengate.com
Claremont Hospital LLP,1,spirehealthcare.com
Claremont Lodge Care Home Ltd,1,claremontlodgecarehome.co.uk
Clarence House Dental Health Centre,1,clarence-house.co.uk
Clarendon Care Group Limited,1,myfordhouse.co.uk
Clarendon Care Limited,1,clarendoncarehome.co.uk
Clarendon Home Care Limited,1,clarendonhomecare.com
Clarendon House Dental Centre Ltd,1,clarendonhousedentalcentre.co.uk
Clarendon Medical Practice,1,clarendonsurgery.co.uk
Clarity Bristol Ltd,1,bluebirdcare.co.uk
Classic Care Limited,1,bricklehamptonhall.co.uk
Claverley Medical Practice,1,claverleymedicalpractice.co.uk
Claydon Care Services Limited,1,claydoncareservices.co.uk
Claydon Cheltenham Limited,1,claydondental.co.uk
Claydon Lodge Care Home Limited,1,claydonlodge.co.uk
Clear Dentistry,1,cleardentistry.co.uk
Clear Thinking Care Limited,1,clearthinkingcare.co.uk
Clearly Orthodontics Limited,1,clearlyortho.co.uk
Clearwater Care (Hackney) Limited,1,salutemcareandeducation.co.uk
Clee Medical Centre,1,cleemedicalcentre.nhs.uk
Cleggs Lane Medical Practice Limited,1,cleggslanepractice.nhs.uk
Cleobury Dental Practice Partnership,1,cleoburydental.co.uk
Cleveland Clinic London Ltd,1,clevelandcliniclondon.uk
Cleveland Terrace Dental Practice,1,clevelandterracedental.com
Clia Care Ltd,1,cliacare.com
Clifton Dental Practice Limited,1,cliftondentalpractice.co.uk
Clifton Orthodontics,1,cliftonorthodontics.co.uk
Clifton View Ltd,1,cliftonviewcarehome.com
Clinical Partners Limited,1,clinical-partners.co.uk
Clinics Operations Limited,1,careoncologyclinic.com
Clive Jones Dental Practice,1,clivejonesdentalpractice.co.uk
Clock Tower Dental Clinic Limited,1,clocktowerdental.com
Clova House Ltd,1,facebook.com
Clover Dental Care Limited,1,cloverdentalcare.co.uk
Clover House Dental Practice Sleaford Limited,1,teethuk.com
Clover Practice Limited,1,cloverdental.co.uk
Coate Water Care (Arbory) Limited,1,coatewatercare.co.uk
Coate Water Care Company (Church View Nursing Home) Limited,1,coatewatercare.co.uk
Coate Water Care Company Limited,1,coatewatercare.co.uk
Coatham Surgery,1,coathamsurgery.co.uk
Cobalt Health,1,cobalthealth.co.uk
Cobham Care Ltd,1,cobhamcare.co.uk
Cobham Health Hub Limited,1,healthfirstsystems.co.uk
Codeko Homes Limited,1,codekohomesltd.co.uk
Cognacity Health Limited,1,cognacity.co.uk
Cojam Limited,1,bluebirdcare.co.uk
Colchester Dental Referral Centre Limited,1,colchesterdentalreferral.co.uk
Colchester Orthodontic Centre,1,colchesterorthodontics.co.uk
Coldbrock Healthcare Ltd,1,coldbrockhealthcare.co.uk
Coleridge Medical Centre,1,coleridgemedicalcentre.co.uk
Coleshill Smile Care Limited,1,coleshilldentalcentre.co.uk
Collaborative Care Services Ltd,1,collaborativecareservice.com
College Health Limited,1,commonwealthhealthcentre.nhs.uk
Colleycare Limited,1,bmcare.co.uk
Collingham Church View Surgery,1,collinghamsurgery.co.uk
Collingswood Care Limited,1,collingswoodcare.co.uk
Collingwood Health Ltd,1,sloughtravel.clinic
Collingwood Services Ltd,1,collingwoodservices.co.uk
Colosseum Dental,1,colosseumdental.co.uk
Colten Care (1693) Limited,1,coltencare.co.uk
Colten Care (1993) Limited,1,coltencare.co.uk
Colten Care (2009) Limited,1,coltencare.co.uk
Colten Care Limited,1,coltencare.co.uk
Colville Care Limited,1,colvillecare.co.uk
Comberton Dental Surgery Limited,1,combertondental.co.uk
Comficare Limited,1,comficare.co.uk
Comfort Care at Home Limited,1,comfortcareathome.co.uk
Comforting Hands Ltd,1,comfortinghands.co.uk
Comforting Healthcare Ltd,1,comfortinghealthcare.co.uk
Comitis LII Limited,1,homeinstead.co.uk
Commit2Care Services Ltd,1,commit2care.co.uk
Communitas Clinics Ltd,1,brigstockfamilypractice.com
Community Care Experts Ltd,1,communitycareexperts.com
Community Care Matters Limited,1,communitycarematters.co.uk
Community Care Options,1,comco.org.uk
Community Care Solutions Limited,1,communitycaresolutions.com
Community Care Worker Limited,1,communitycareworker.com
Community Health Services Limited,1,paisleycourtliverpool.co.uk
Community Homes of Intensive Care and Education Limited,1,choicecaregroup.com
Community Housing and Therapy,1,cht.org.uk
Community Of St Mary At The Cross,1,edgwareabbey.org.uk
Community Places Limited,1,communityplaces.co.uk
Community Practitioner Alliance C.I.C.,1,cpa.healthcare
Community Therapeutic Services Limited,1,cts-homes.co.uk
Companion Homecare Ltd,1,companionhomecare.co.uk
Compass Care Homes Limited,1,compasscarehomes.co.uk
Compassion Care Service Limited,1,compassioncareservices.co.uk
Compassion First Care Ltd,1,compassionfirstcare.co.uk
Compassionate Care & Support LTD,1,creativesupport.co.uk
Compassionate Care Ltd,1,compassionatecareltd.co.uk
Compassionate Care for You Ltd,1,compassionatecare4u.co.uk
Compassionate Herts Ltd,1,compassionate-herts.co.uk
Competent Healthcare Ltd,1,competenthealthcareltd.co.uk
Complete Care (UK) Limited,1,careplushomes.com
Complete Care 4 U Limited,1,completecare4u.co.uk
Complete Care Services Limited,1,completecare.org.uk
Complete Service Solutions Ltd,1,localhomecare.uk
Complex Care Professionals Limited,1,complexcareprofessionals.com
Concept Care Solutions Limited,1,conceptcaresolutions.com
Confident Dental Practices Limited,1,mydentist.co.uk
Confident Orthodontics Limited,1,confi-demt.co.uk
Confident Smile Ltd,1,smileconfident.co.uk
Conifer Lodge Limited,1,coniferlodge.co.uk
Conifers Care Homes Ltd,1,coniferscaregroup.com
Connaught Care (Bedhampton) Ltd,1,portsdownview.co.uk
Connect 2 Flexicare Limited,1,connect2flexicare.co.uk
Connect Care Consultancy Ltd,1,connectcareandsupport.co.uk
Connect Care Ltd,1,connectcareltd.com
Connect Care Services Ltd,1,connectcareservices.co.uk
Connect Nursing Limited,1,connectnursing.co.uk
Conquest Care Homes (Norfolk) Limited,1,prioryadultcare.co.uk
Consensus Community Support Limited,1,consensussupport.com
Consett Medical Centre,1,consettmedicalcentre.co.uk
Constantia Care Limited,1,constantiacare.co.uk
Constantia Healthcare Limited,1,constantiacarehomes.co.uk
Consumer Watch Ltd,1,homecareessex.co.uk
Consummate Care (UK) Ltd,1,consummatecare.org
Consummate Care Limited,1,consummatecare.co.uk
Contemplation Homes Limited,1,contemplation-homes.co.uk
Continuity Healthcare Services Ltd,1,continuityhealthcare.co.uk
Cookham Medical Centre,1,cookhammedicalcentre.co.uk
Cooperscroft Care Home Limited,1,cooperscroftcarehome.co.uk
Cope Children's Trust,1,rainbows.co.uk
Coppice View Dental (Harrogate) Limited,1,coppiceviewdental.co.uk
Coptfold Dental Ltd,1,coptfolddentalbrentwood.co.uk
Cora Health Ltd,1,healthshare.org.uk
Cora Health Pain Services Ltd,1,corahealth.co.uk
Core Prospects Care Services Limited,1,coreprospects.co.uk
Cornerstone Care Services Professionals Ltd,1,cornerstonecareservices.co.uk
Cornerstone Family Practice,1,cornerstonefamilypractice.nhs.uk
Cornerstone Home Care Limited,1,rightathomeuk.com
Cornerstones (UK) Ltd,1,nationalcaregroup.com
Cornwall Ambulance Service Limited,1,cornwallambulanceservice.org
Cornwall Hospice Care Limited,1,cornwallhospicecare.co.uk
Cosmetic Perfection Limited,1,cosmeticperfection.co.uk
Cosmetics Surgery Limited,1,myhairtransplantclinics.com
Coton Care Limited,1,cotonhouse.co.uk
Cotswold Dental Care,1,cotswolddentalcare.co.uk
Cotswold Dental Limited,1,broadwaydentalcare.co.uk
Cott's Care Limited,1,cottscareltd.co.uk
Council of the Isles of Scilly,1,scilly.gov.uk
Country Care (Nafferton) Ltd,1,lavendercourt.co.uk
Country Court Care Homes 10 Limited,1,countrycourtcare.co
Country Court Care Homes 2 Limited,1,countrycourtcare.co
Country Court Care Homes 3 OpCo Limited,1,countrycourtcare.co
Country Court Care Homes 5 Limited,1,countrycourtcare.co
Country Court Care Homes 6 Limited,1,baycroft.co.uk
Country Court Care Homes 7 OpCo Limited,1,countrycourtcare.co
Country House Care Limited,1,spetisburymanor.co.uk
Country Retirement & Nursing Homes Ltd,1,kingsleyhealthcare.co.uk
County Care Homes Limited,1,countycarehomes.co.uk
County Care Independent Living Ltd,1,countycare.co.uk
County Durham and Darlington NHS Foundation Trust,1,cddft.nhs.uk
Courage Limited,1,courage4u.co.uk
Court House Care Services (Devon) Ltd,1,courthousecare.co.uk
Coveberry Limited,1,uplandsindependenthospital.co.uk
Covenant Healthcare Ltd,1,heritagehealthcare.co.uk
Coventry Road Practice,1,coventryroadpractice.co.uk
Coventry and Warwickshire Partnership NHS Trust,1,covwarkpt.nhs.uk
Cow Lees Care Home Ltd,1,cowleescarehome.com
Coxbench Hall Limited,1,coxbench-hall.co.uk
Coyle Personnel Limited,1,coylecare.co.uk
Crabbs Cross Surgery,1,crabbscrosssurgery.nhs.uk
Crabtree Care Homes,1,crabtreecarehomes.co.uk
Crabtree Care Homes Services Limited,1,ladies-in-waiting.co.uk
Cradley Care Services Ltd,1,cradleycareservices.co.uk
Cranbrook Medical Practice,1,cranbrookmedicalpractice.nhs.uk
Cranley Clinic Limited,1,cranleyclinic.com
Cranstoun,1,cranstoun.org.uk
Crawshaw Hall Healthcare Limited,1,constantiacarehomes.co.uk
Craysell Limited,1,hestiacare.co.uk
Creative Care (East Midlands) Limited,1,creativecare.org.uk
Creative Support Limited,1,creativesupport.co.uk
Creedy Number 1 Limited,1,abodecarehomes.co.uk
Crescent Community Care Services Limited,1,crescentcare.co.uk
Crescent Dental Practice Limited,1,crescent-dental.co.uk
Crescentworth Limited,1,royalgarden.net
Crestar Healthcare Limited,1,crestarhealthcare.co.uk
Crewton Care Limited,1,crewtoncare.com
Crimson Hill Support Ltd,1,crimsonhillsupport.co.uk
Cristal Care Limited,1,cristalcare.co.uk
Cristina's Care Ltd,1,sylviancare.co.uk
Criticare UK Ambulance Service Limited,1,criticareuk.net
Croft Medical Services Limited,1,croftmedcentrehudds.co.uk
Croft Surgery,1,willenhallmedicalcentre.nhs.uk
Crofton and Sharlston Medical Practice,1,croftonandsharlston.co.uk
Croftwood Care (Cheshire) Limited,1,minstercaregroup.co.uk
Cromwell Care Osgodby Limited,1,caytonview.co.uk
Croston Park Limited,1,parklanehealthcare.co.uk
Crouch Hall Dental Care,1,crouchhalldentalcare.com
Crowley Care Homes Limited,1,crowleycaregroup.co.uk
Crown Care Homes Ltd,1,crown-care.co.uk
Crown Care IV Limited,1,crowncaregroup.co.uk
Crown Care VII Limited,1,crowncaregroup.co.uk
Crown Care VIII Limited,1,crowncaregroup.co.uk
Crown Care X Limited,1,crowncaregroup.co.uk
Crown Care XIV Ltd,1,crowncaregroup.co.uk
Crown Heights Medical Centre,1,crownheightsmedicalcentre.co.uk
Crown Street Surgery,1,crownstreetsurgeryswinton.nhs.uk
Croydon Health Services NHS Trust,1,croydonhealthservices.nhs.uk
Crystal Care Homes Ltd,1,crystalcarehomes.com
Crystalize Care Services Ltd,1,crystalizecare.co.uk
Cuckoo Care Ltd,1,cuckoocarers.co.uk
Cuerden Developments Ltd,1,cuerden.com
Culpeper Care Limited,1,willowtreenursinghome.co.uk
Cumberland House Surgery,1,cumberlandhousesurgery.nhs.uk
"Cumbria, Northumberland, Tyne and Wear NHS Foundation Trust",1,ntw.nhs.uk
Cura Care Limited,1,curacare.co.uk
Cura Muneris Limited,1,everycare.co.uk
Curado Ltd,1,lonalodge.co.uk
Curis Healthcare Limited,1,enhancemedicalgroup.com
Curtis Homes Limited,1,hamptonhousecare.co.uk
Cygnet (OE) Limited,1,cygnethealth.co.uk
Cygnet - Advanced Beauty and Dental Clinics Ltd,1,cygnetadvancedbeautyanddentalclinic.co.uk
Cygnet Behavioural Health Limited,1,cygnethealth.co.uk
Cygnet Care Services Limited,1,cygnethealth.co.uk
Cygnet Clifton Limited,1,cygnethealth.co.uk
Cygnet Health Care Limited,1,cygnethealth.co.uk
Cygnet Learning Disabilities Midlands Limited,1,cygnethealth.co.uk
Cygnet NW Limited,1,cygnethealth.co.uk
Cygnet Surrey Limited,1,cygnethealth.co.uk
Czajka Properties Limited,1,czajka.co.uk
Czech-Pol Ltd,1,dentystabirmingham.co.uk
D & K Care Limited,1,thewillowcarehome.co.uk
D S Essex Limited,1,the-dental-studio.com
D and L Jordan Limited,1,mydentist.co.uk
D. Gregory Ltd,1,spencedental-ulverston.co.uk
D. I. Harries Greater Manchester Ltd,1,windowtothewomb.co.uk
D.I. Harries Cramlington Limited,1,windowtothewomb.co.uk
DALO Living & Travel Limited,1,dalo.org.uk
DCL-PRO Services Ltd,1,dclpro-services.com
DCO Dental Group,1,dcodental.co.uk
DCSL Limited,1,sohamlodge.co.uk
DFB (Care) Limited,1,palmcourtnursinghome.co.uk
DFY (Marham) Ltd,1,dentistryforyou.co.uk
DHCH14 Limited,1,dovehavencarehomes.co.uk
DHU Health Care C.I.C.,1,dhuhealthcare.com
DM Senior Care Limited,1,rightathomeuk.co.uk
DMC Imaging Ltd,1,dmchealthcare.co.uk
DMD Consultancy Limited,1,beclearortho.co.uk
DOCS UK Limited,1,castleviewdental.net
DW Homecare (Derby) Ltd,1,derby.myhomecare.co.uk
DaVita (UK) Limited,1,renalservices.com
Daily Comfort Healthcare Ltd,1,dailycomfort.co.uk
Dale Care Limited,1,dalecare.co.uk
Dale Care and Support Ltd,1,heritagehealthcare.co.uk
Dalemain House Residential Home Ltd,1,dalemainhouse.co.uk
Dalemead Care Home Limited,1,dalemead.co.uk
Daleside Nursing Home Limited,1,wecaregroup.co.uk
Dalesview Partnership Limited,1,dalesviewpartnership.co.uk
Dalton Terrace Surgery,1,daltonterracesurgery.nhs.uk
Dame Hannah Rogers Trust,1,damehannah.com
Damira Dental Studios Limited,1,damiradental.co.uk
Dandais Care Limited,1,dandais.co.uk
Dandelion Limited,1,cathedraldentalpractice.co.uk
Danforth Care No. 1 Limited,1,danforthcarehomes.co.uk
Danielle & Daisy Care Ltd,1,danielleanddaisycareltd.co.uk
Darlington & District Hospice Movement,1,darlingtonhospice.org.uk
Darlington Home Care Ltd,1,homeinstead.co.uk
Dartford and Gravesham NHS Trust,1,dvh.nhs.uk
Dartmouth Medical Practice,1,dartmedical.co.uk
Dauntsey House Care Limited,1,dauntseyhouse.co.uk
Davard Care Homes Limited,1,welshwoodmanor.com
David Adeolu Adekola,1,wurelhouse.co.uk
David Gartry Eye Surgery Ltd,1,davidgartry.co.uk
David Reeves Dental Practice Partnership,1,crowndentalcare.co.uk
Day and Nite Services Ltd,1,dayandniteservices.co.uk
De Vere Care Partnership Ltd,1,dvcgroup.co.uk
Deafway,1,deafway.org.uk
Deane Medical Centre,1,deanemedicalcentre.co.uk
Dearden Avenue Medical Practice,1,deardenavenuemedicalpractice.nhs.uk
Dearne Valley Group Practice,1,dearnevalleygrouppractice.co.uk
Delight Essential Services UK Limited,1,dolphinhealthcare.co.uk
Delphine Homecare Limited,1,allegracare.co.uk
Delrose House Limited,1,delrosehouse.co.uk
Delta Care Ltd,1,deltacare-ltd.com
Delta Dental Care Limited,1,deltadentalcare.co.uk
Delta Healthcare Group Limited,1,delta-healthcare.co.uk
Delta Homecare and Training Services Ltd,1,deltahomecareandtraining.co.uk
Delves Court Care Home Ltd,1,selecthealthcaregroup.com
Demelza House Childrens Hospice,1,demelza.org.uk
Dementia Care & Support at Home Limited,1,dementiacarenw.co.uk
Denbeigh House Ltd,1,denbeighhouse.co.uk
Denmark Street Dental Practice Limited,1,denmarkstreetpractice.co.uk
Dennyson Care Limited,1,dennysoncare.co.uk
Denora Healthcare Ltd,1,denora.co.uk
Dentaire Limited,1,dentaire.co.uk
Dental Arts Studio (Dental Care) Limited,1,dentalartsstudio.co.uk
Dental Arts Studio-Clapham (Dental Care) Limited,1,together.dental
Dental Beauty Romford Limited,1,dentalbeautyromford.co.uk
Dental Concepts Partnership,1,dental-concepts.com
Dental Design Studio,1,thedentaldesignstudio.co.uk
Dental Excel Limited,1,lighthoursedentalpractice.co.uk
Dental Health Care,1,dental-health-care.co.uk
Dental Health Limited,1,dfdc.co.uk
Dental Monkey Wem LLP,1,chapelstreetdental.co.uk
Dental Partners Conisbrough Limited,1,genixhealthcare.com
Dental Scan Ltd,1,dental-scan.co.uk
Dental Seminars Ltd,1,cavendishhouse.com
Dental Worx Oral Care Ltd,1,dentalworx.co.uk
Dentalcare Brackley Ltd,1,dentalcarebrackley.co.uk
Dentalcare Langley 2 Ltd,1,dentalcare.ltd.uk
Dentalcare Winterbourne Limited,1,dentalcarewinterbourne.co.uk
Dentaprime UK Plc,1,dentaprime.co.uk
Dentasmile Limited,1,queensgatedental.co.uk
Dentistry @ Holme Limited,1,dentistryatholme.com
Dentists At Redhouse Ltd,1,dentistatredhouse.co.uk
Denton Orthodontic Centre Limited,1,dentonorthodontics.co.uk
Denville Hall,1,denvillehall.org.uk
Dependability Limited,1,dependability-care.org
Dependable Care for You Ltd,1,dependablecare4u.co.uk
Dependable Health Care Ltd,1,dependablehealth.co
Dependable Home Care Services Limited,1,dependablehomecareservices.co.uk
Dera Care Limited,1,homeinstead.co.uk
Derbyshire Community Health Services NHS Foundation Trust,1,dchs.nhs.uk
Derbyshire County Council,1,derbyshire.gov.uk
Derbyshire Healthcare NHS Foundation Trust,1,derbyshirehealthcareft.nhs.uk
Derma Reading Ltd,1,derma.co.uk
Dermaesthetics Limited,1,mandygarner.co.uk
Dermaspa (London) Ltd,1,skinplusiq.co.uk
Dermasurge Limited,1,dermasurge.co.uk
Derriford House Limited,1,derrifordhouse.co.uk
Derwen College,1,derwen.ac.uk
Derwent Practice,1,derwentpractice.com
Destiny Intergrated Care Limited,1,destinyintegratedcare.co.uk
Dev's Dental Practice,1,devsdentalpractice.co.uk
Devaglade Limited,1,superiorcarehomes.com
Developing Lives Services (2000) Limited,1,dls.co
Devon County Council,1,devon.gov.uk
Devon Partnership NHS Trust,1,dpt.nhs.uk
Devon. C. Air Limited,1,devoncair.com
Devonshire House Surgery Limited,1,brentwoodsmiles.co.uk
Devonshire Lodge Practice,1,devonshirelodge.co.uk
Devoted To Care Ltd,1,devotedtocare.co.uk
Dhek Bhal,1,dhekbhal.org.uk
Dhody's Ltd,1,thedentistwestmidlands.co.uk
Diagnostic Healthcare Limited,1,dhc.uk.com
Diamond Gate Care Services Limited,1,diamondgatecareservices.co.uk
Diamond Health Group,1,hendfordlodge.co.uk
Diamond Skin Care Limited,1,diamondskincare.co.uk
Diaverum Facilities Management Limited,1,diaverum.com
Didcot Care Home Limited,1,advinia.co.uk
Didsbury Medical Centre,1,didsburymedicalcentre.co.uk
Different Care Holdings Ltd,1,differentcare.co.uk
Digital Medical Supply UK Limited,1,livi.co.uk
Dignity Care UK Limited,1,meadowscourt.net
Dignity In Life Ltd,1,sonacare.org
Dignus Healthcare Limited,1,dignushealthcare.com
Dimensions (UK) Limited,1,dimensions-uk.org
Dion Care Services Limited,1,dioncareservices.co.uk
Disablement Association of Barking and Dagenham,1,dabd.org.uk
Discover Laser Ltd,1,discoverlaser.co.uk
Distinctive Dentistry Limited,1,distinctivedentistry.co.uk
District Care Ltd,1,districtcare.org
Diverse Care Services Limited,1,diversecareltd.co.uk
Diversity Health and Social Care Limited,1,diversityhealthandsocialcare.co.uk
Diversity Social Care Ltd,1,diversitysocialcare.co.uk
Divine Care Connections Ltd,1,divinecareconnections.co.uk
Divine Healthcare Solutions Limited,1,divinehealthcaresolutions.co.uk
Divinity Limited,1,windowtothewomb.co.uk
Docmar Limited,1,respectfulcare.co.uk
Doctor Now Limited,1,doctornow.org
Dolphin Care Limited,1,dolphin-care.co.uk
Dolphin Homes (Southern) Limited,1,dolphinhomes.co.uk
Dolphin Homes Limited,1,dolphinhomes.co.uk
Dominion Care Services Limited,1,dominioncareservices.co.uk
Donneybrook Medical Centre,1,donneybrookmediclacentre.nhs.uk
Dons Care Limited,1,donscare.com
Dormers Wells Medical Centre,1,dormerswellsmedicalcentre.co.uk
Dormy Care Communities South Ltd,1,dormycare.co.uk
Dorset County Hospital NHS Foundation Trust,1,dchft.nhs.uk
Dorset Healthcare Ltd,1,oakdenecare.co.uk
Dorset Healthcare University NHS Foundation Trust,1,dorsethealthcare.nhs.uk
Dot Medical Limited,1,dot-medical.com
Double Ark Ltd,1,doubleark.co.uk
Dove House Hospice Limited,1,dovehouse.org.uk
Dovecare Services Limited,1,dovecareservices.co.uk
Dovecote Manor Healthcare Limited,1,excelcareholdings.com
Dovehouse Practice Limited,1,dovehousedentistry.co.uk
Dover House (GC) Limited,1,dover.house.com
Down House Dental Practice Limited,1,downhouse-dental.co.uk
Down House Limited,1,mayhaven.com
Downlands Care Limited,1,aci.care
Dr A Aderogba and Partners,1,hanhamhealth.co.uk
Dr A Sudderuddin & Dr S Patel,1,hamptonmedicalcentre.co.uk
Dr A Supple & Partners,1,brookhealthcentre.co.uk
Dr Aaron Paul Dean Campbell,1,lockswooddentalpractice.co.uk
Dr Aarti Bedi,1,brownleygreendental.com
Dr Abanti Paul,1,primrosehillsurgery.co.uk
Dr Abhijit Banerjee,1,abbeyviewsurgery.net
Dr Abiodun Obisesan,1,stanwaysurgery.co.uk
Dr Alan Clive Gold,1,knightsbridgedental.co.uk
Dr Alexander Francis Champelovier,1,tiptreedentist.co.uk
Dr Alexandra Chambers Medical and Aesthetic Practice,1,dralexchambers.co.uk
Dr Ali Dogan,1,oakwoodmedicalcentren14.nhs.uk
Dr Alison Hue-Williams,1,drjoy.co.uk
Dr Altaf Hussain,1,ellandsmiles.co.uk
Dr Amitosh Sahi,1,matleydental.co.uk
Dr Amjed Ali,1,woodlanddrivemedicalcentre.co.uk
Dr Ammar Ahmad,1,theelmssurgery.co.uk
Dr Anand Kumar Sinha and Dr Minaxi Verma,1,bracestreethealthcentre.nhs.uk
Dr Anastasia Zipa,1,greenlanedentalpractice.co.uk
Dr Anita Rajda Bolczyk,1,thebroadwaysurgerywhitehawk.co.uk
Dr Anjum Zaidi and Partners,1,northwicksurgery.co.uk
Dr Anmol Chander,1,stcode.co.uk
Dr Annapurna Kumar,1,skumargpnel.nhs.uk
Dr Anthony Milner,1,anlabysurgery.co.uk
Dr Anushika Brogan,1,damiradental.co.uk
Dr Apollonius Allen & Dr Margarita Allen,1,arkgservices.com
Dr Azim Khan,1,unitysurgery.co.uk
Dr B Bhatti & Dr R Das,1,b-spa.co.uk
Dr Bamdad Mohri,1,fawdondental.com
Dr Barber and Partners,1,parklandssurgery.co.uk
Dr Bathla & Partners,1,hockleymedicalpractice.com
Dr Baxter and Partners,1,sheffordhealthcentre.gpsurgery.net
Dr Benning & Partners,1,westendroadsurgery.nhs.uk
Dr Bernadette McKenna & Dr Sera Shoukru,1,pixieandsera.com
Dr Bhimas Practice,1,drbhimapracticerochdale.nhs.uk
Dr C J Studds and Partners,1,meadowsidemedicalcentre.co.uk
Dr C Kanneganti & Partners,1,goldenhillmedicalcentre.nhs.uk
Dr Carol Adeloye,1,caringdentists.co.uk
Dr Charles Rowland Harris,1,barbournehealthcentre.nhs.uk
Dr Chryssanthi Rados,1,ashcroftdental.co.uk
Dr Corina Ciobanu,1,haverfieldsurgery.co.uk
Dr Cotterell and Partners,1,nenevalleysurgery.co.uk
Dr Daniel Bunstone,1,chapelfordmedicalcentre.nhs.uk
Dr Daniel Stephen Allen,1,phoenix-mhs.com
Dr David Jansen,1,thurlowdentalcare.co.uk
Dr David William Reade,1,hallstreetmedicalcentre.nhs.uk
Dr Dev Acharya,1,trianglesurgery.co.uk
Dr Dilip Patel & Partners,1,civicmedicalcentre.com
Dr Dipesh Kaushik Patel,1,harwooddentalcare.co.uk
Dr Dipti Lad Ltd,1,andrewsdentalcare.co.uk
Dr Donna Marie Samuels,1,boundaryhouse.co.uk
Dr Elizabeth Hartle,1,aycliffedentistry.com
Dr Ewa Craven,1,lostcokhallmedicalcentre.co.uk
Dr Faro Zhand Limited,1,smilestyledental.co.uk
Dr Farrook Ahmed Mondol,1,churchhillsurgery.co.uk
Dr Fouzia Rizvi,1,firsthealthmedical.co.uk
Dr GS Chana's Practice,1,yiewsleyfamilypractice.com
Dr Geetha Ramachandran & Dr Prasanna Balakrishnan,1,hirselmedicalcentre.co.uk
Dr Geetika Parson,1,fishertondentalcare.co.uk
Dr Gemma Moore and Dr Louise Stepien,1,ombersleymedicalcentre.co.uk
Dr Gora Abubaker Bangi,1,thesurgerychorley.co.uk
Dr Gustavo Adolfo Berni,1,42kingsway.nhs.uk
Dr HP Borse & Partner,1,drborseandpartner.nhs.uk
Dr Haider Razban,1,kingsdentalclinic.co.uk
Dr Harpreet Sethi,1,cranfordmedicalcentre.co.uk
Dr Harprit Singh Jandu,1,oldburysmilespa.co.uk
Dr Haus Dermatology Clinics Ltd,1,drhausdermatology.com
Dr Huma Kashif Latif,1,kensingtonroadsurgery.co.uk
Dr Humaira Ramzan,1,parklanepractice.com
Dr Ian Daniel Martin,1,pennsurgery.co.uk
Dr Idress Said Kamal,1,greenwrythesurgery.nhs.uk
Dr Imran Zaman,1,2theslieve.co.uk
Dr Inder Singh,1,hollyhurstmedicalcentre.nhs.uk
Dr Irfan Khan,1,staffordshireclinic.co.uk
Dr Irlam and Partners,1,central-surgery.co.uk
Dr Ivan Camphor,1,heatherlandsmcwirral.nhs.uk
Dr JI Solomon's Practice,1,themedicalcentreruislip.co.uk
Dr Jai Bir Singh Arhi,1,willowsdentistry.co.uk
Dr Javed Arshad Khan,1,wrenthorpedentalcare.co.uk
Dr Jay Patel,1,aspendentalcare.co.uk
Dr Jedth Phornnarit,1,garwaymedical.co.uk
Dr Jennifer Ann Helen Preston,1,longroydesurgery.nhs.uk
Dr Jerome Kaine Ikwueke,1,ikwuekegrovesurgery.co.uk
Dr Jillian Geaney,1,wedgwood-house.com
Dr Jinmi & Partners,1,houghtonregismedicalcentre.co.uk
Dr Joann Amin,1,thewillowssurgery.co.uk
Dr John William Keen,1,bedford-park.co.uk
Dr Jon Edward Martin,1,wiggintondentalpractice.co.uk
Dr Jones & Partners,1,mattishallsurgery.co.uk
Dr Julian Sinclair Osen,1,thewickhealthcentre.co.uk
Dr K Manivannan & Dr B Gurung,1,thames-avenue-surgery.co.uk
Dr Kamrul Hasan,1,circumcision-clinic.com
Dr Kanwar Singh Ratra,1,lhdpsmilecare.co.uk
Dr Kiren Kaur,1,doctorsatmoorside.co.uk
Dr Kirupambikai Thillainathan,1,wallingtondentalsurgery.co.uk
Dr Konstantina Kostakopoulou,1,baddeleygreensurgery.com
Dr Kripa Sharmilla Radia,1,bdc-centre.co.uk
Dr Leah Limited,1,drleah.co.uk
Dr Lisa Ann Boruch and Miss Deborah Elaine Rattray,1,daybrookmedicalpractice.co.uk
Dr Livingstone Solomon,1,woodlanddrivemedicalcentre.co.uk
Dr Luna Das,1,boileauroadsurgery.nhs.uk
Dr M Keersmaekers and Partners,1,harleystreetmedicalpractice.org.uk
Dr Mahmood & Partners,1,drmahmoodandpartners.co.uk
Dr Mahreen Chawdhery,1,306medicalcentre.nhs.uk
Dr Manjit Singh Kainth,1,drmskainthprimroselane.nhs.uk
Dr Mariam Azmi,1,eaglehousedental.co.uk
Dr Martina Vivienne  Hodgson,1,thedentalarchitect.com
Dr Matthew John Lowis,1,earlsfielddental.com
Dr Maxwell-Jones & Partners,1,thesurgeryashbourne.co.uk
Dr Mayoni Limited,1,drmayoni.co.uk
Dr Meena Anand,1,brookfieldparksurgery.co.uk
Dr Melwyn Richard,1,canveyvillagesurgery.com
Dr Michael Alan Green,1,claycrosssurgery.co.uk
Dr Minoli Rehana Handalage,1,willowtreesurgery.co.uk
Dr Mohammad Khan,1,mremedicalpractice.co.uk
Dr Mohammed Ahmed Abdel Latif Al-Gholmy,1,universitydentalpractice.com
Dr Monica Bhardwaj,1,newsquaredentalpractice.co.uk
Dr My Ngoc Thi Vo,1,sunburydental.co.uk
Dr N Issac's Surgery,1,actonhealthcentre.nhs.uk
Dr Navaid Alam,1,leasowemedicalpractice.co.uk
Dr Naveed Sethu,1,quintidental.co.uk
Dr Navin Jaiveloo,1,laurbelsurgery.nhs.uk
Dr Nederlof and Partners,1,riversidesurgery.co.uk
Dr Nicola White,1,beaumondedental.co.uk
Dr Niketkumar G Patel,1,smileessential.co.uk
Dr Nishita Thakker,1,elmtreessurgery.nhs.uk
Dr Nitin Prasad,1,redhousedentists.co.uk
Dr Okeahialam and Partners,1,leylandsmedicalcentre.nhs.uk
Dr Oladapo Adetokunbo Alalade and Dr Babatunde Temitope Ayo,1,unicitymedicalcentre.com
Dr Olagoke Ayodele Aiyegbayo,1,rickletonmedicalcentre.nhs.uk
Dr Olusegun Olatokunbo Omosini,1,theholliesgpsurgery.co.uk
Dr P D Cregor & Partners,1,galletly.co.uk
Dr Parminder Singh,1,grovehillmedicalcentre.nhs.uk
Dr Patrick McDaid,1,mildmaymedicalpractice.co.uk
Dr Paul Chatterjee,1,estonsugery.co.uk
Dr Paul Nicholas Mamak,1,frimleygreendental.co.uk
Dr Pauline Selley,1,barnbrookdentalpractice.co.uk
Dr Pezhman Nouraei-Fard,1,vauxhallsurgery.co.uk
Dr Philip Gnana Asirvatham Bauliah,1,eldenesurgery.com
Dr Pierina Kapur and Dr David Dillon,1,chapelgroupmedicalcentre.co.uk
Dr Poonam Jha,1,peelparksurgery.co.uk
Dr Prathap Jana,1,janasurgery.co.uk
Dr Pratheep Suntharamoorthy,1,abbamoorsurgery.co.uk
Dr Praveen Gutta,1,patiencelanesurgery.nhs.uk
Dr Puneet Dubb,1,walsallwoodhealthcentre.nhs.uk
Dr Purav Bhagirath Patel,1,kenleydentalpractice.com
Dr Qamar Ahmad,1,crostonvillagesurgery.co.uk
Dr Qamar Siddiqi,1,cambridgehousesurgery.co.uk
Dr R Adams and Partners,1,woodlands-surgery.co.uk
Dr Rachel Ng & Partners,1,westroadandlouisa.co.uk
Dr Rachel Suzy Vine,1,stockportorthodontics.co.uk
Dr Rashmi Kunwardia,1,northwoodhillsdental.com
Dr Rashpal Kaur Saggi,1,dentael.com
Dr Rebecca Bayne,1,poppletondentalpractice.co.uk
Dr Reema Nawaz,1,thegreensdentalsurgery.com
Dr Renju Mathews,1,drmathewssurgery.co.uk
Dr Richard Douglas Charles Williamson,1,waysidesurgery.nhs.uk
Dr Richard Lloyd Davies,1,theridgewaysurgery.co.uk
Dr Ritu Dhariwal,1,smartdentalcare.co.uk
Dr Ritu Prasad,1,cedarsmedicalcentre.co.uk
Dr Robert John Cammack,1,vaughan-dental.co.uk
Dr Robert Richard Caudwell,1,marshsidesurgery.nhs.uk
Dr Robert Stuart Shields,1,great-staughton-surgery.co.uk
Dr Roger Kennedy,1,tcfp.org.uk
Dr Rosalind Elizabeth Bonsor,1,beaconprimarycare.org.uk
Dr Rowland Payne Dermatology Ltd,1,thelondonclinic.co.uk
Dr Rumeet Patel,1,cheshuntdentalpractice.co.uk
Dr Ruth Balami Thom,1,phoenixsurgery-burham.nhs.uk
Dr S Mahmood & Dr A Majid,1,centralclinicdudley.co.uk
Dr Saaqib Ali and Dr Farah Alam,1,sherwooddentalpractice.com
Dr Sajjad Sarwar,1,churchroadsurgery.co.uk
Dr Sam Bunting Limited,1,drsambunting.com
Dr Samuel Stephen Chapman,1,russell-street.co.uk
Dr Sandeep Bolia Private Medical Services,1,drbolia.com
Dr Sara Ramond-Stokes,1,aelfgarsurgery.co.uk
Dr Sarada Padma Bhanu Garapati,1,yorkroadgpsurgery.co.uk
Dr Sarah Johnson and Partners,1,almaroad.nhs.uk
Dr Sarah Swales,1,brucegatedentalpractice.co.uk
Dr Sarmad Zaidi,1,roxbournemc.com
Dr Satnam Sodhi,1,smsmedicalpractice.co.uk
Dr Satveer Singh Poonian,1,millview.nhs.net
Dr Satya Koya and Dr Lalitha Chalasani,1,houghgreenhealth.co.uk
Dr Savita Kumar,1,lancelotmedicalcentre.co.uk
Dr Scott Phillips,1,darlingtondentistry.co.uk
Dr Seema Dewa,1,redhousedental.co.uk
Dr Sekhar Karyampudi and Dr. Karuna Karyampudi,1,vittoriamcwirral.nhs.uk
Dr Shepherd & Partners,1,fileysurgery.co.uk
Dr Shiv Dhawan,1,henleygreen.mc.nhs.uk
Dr Shoeb Khan Suryani & Mrs Aamira Zeba Suryani,1,themedicalcentrecrabbscross.nhs.uk
Dr Simon Paul Wright,1,glencairndental.com
Dr Sinnadurai Thillainathan,1,arnosgrovemedicalcentre.nhs.uk
Dr Sreedhar Babu Jyothi,1,sjyothi.com
Dr Stephen Thomas Boyd,1,mayfairmedicalcentre.co.uk
Dr Suraj Dhanda,1,foleyparkdental.co.uk
Dr Sushma Rao,1,cherrytreesdental.com
Dr Syeda Talat Zaidi,1,eastwoodgrouppractice.co.uk
Dr T Crawford & Partners,1,greenviewsurgery.co.uk
Dr Thegan Moodley,1,webheathdentalpractice.co.uk
Dr Thiruppathy Subramanian,1,drjainanddrsubramanian.nhs.uk
Dr Thomas Jose,1,caskgatestreetsurgery.co.uk
Dr Timothy Jones & Mrs Julie Jones,1,dentistinstocktonheath.com
Dr Uday Kanitkar,1,mosssidemedicalcentre.com
Dr Usman Akbar,1,hillsidebridgepractice.nhs.uk
Dr Vanya Ruseva,1,wardandallisondentalclinic.co.uk
Dr Venkat Varun Mudigonda,1,drmudigondaandpartners.nhs.uk
Dr Venkata Satya Aditya Dubagunta,1,rosebroughdentalpractice.co.uk
Dr Venkata Sireesha Sreeguru,1,lancelanemedicalcentre.nhs.uk
Dr Venkatachalum Raj,1,orientroadmedicalpractice.co.uk
Dr Victoria Sutcliffe,1,aesdent.com
Dr Virender Kumar Gupta and Dr Mark Horsford,1,sobellmedicalcentre.nhs.uk
Dr Watson & Partners,1,friarwoodsurgery.co.uk
Dr Zahra Karim,1,ladygatelanesurgery.co.uk
Dr Zaib & Partner,1,oakfieldsurgery.co.uk
Dr. Aayesha Meghji,1,w1teeth.com
Dr. Adam Deitsch,1,thedentalcentre.org
Dr. Adel Bou Saba,1,braceplace.co.uk
Dr. Amit Koshal,1,centraldentalderby.co.uk
Dr. Andrew Bearpark,1,addinghamsurgery.co.uk
Dr. Andrew Flatters,1,paragondental.co.uk
Dr. Andrew Gawthorpe,1,stalybridgedentalcare.co.uk
Dr. Anish Patel,1,streathamdentalcentre.com
Dr. Anthony Cooper,1,dental-solutions.co.uk
Dr. Anthony Leung,1,castle-dentist.com
Dr. Antony Hare,1,palaceplainorthodontists.co.uk
Dr. Apostolos Zacharatos,1,oldharlowdentalpractice.co.uk
Dr. Arfan Rashid,1,dentalogica.org
Dr. Arjun Kachhala,1,kenilworthdentalpractice.com
Dr. Arminder Hare,1,ls1dental.com
Dr. Atputharajah Somasundararajah,1,nwsmiles.co.uk
Dr. Avni Patel,1,brightonskinsurgery.co.uk
Dr. Aziz Ahmed Chaudry,1,crusadersurgery.com
Dr. Benedict Liversidge,1,wrekentondental.com
Dr. Bradley Abrahams,1,smilecraft.co.uk
Dr. Chris Lefkaditis,1,hellesdondentalcare.co.uk
Dr. Christopher Newton,1,westdaledental.com
Dr. Daljit Sohal,1,escentics.com
Dr. David Gilmartin,1,thehubdentalpractice.co.uk
Dr. Diyari Abdah,1,dentastique.co.uk
Dr. Dwindar Nar,1,dentalsuite.co.uk
Dr. Elizabeth Butters,1,watermeaddental.co.uk
Dr. Elizabeth Marsden,1,healthy-smile.co.uk
Dr. Filippos Mavroskoufis,1,harleystreetsmile.co.uk
Dr. Fiona Millen,1,woodlandsorthodontics.com
Dr. George Wilby-Lopez,1,warsashdental.co.uk
Dr. Graham Best,1,cornerhousedp.co.uk
Dr. Gurpal Dheri,1,smilespauk.com
Dr. Hardeep Matharu,1,mapledentalclinic-luton.co.uk
Dr. Harwinder Kalsi,1,wisdomdental.co.uk
Dr. Herminder Kooner,1,chiswickdentalcentre.com
Dr. Hina Khaliq,1,avenue-dental.co.uk
Dr. Hiten Pabari,1,blueskydental.co.uk
Dr. Ian Kendal,1,dentistryatoceanaboulevard.co.uk
Dr. Indra FMGP Limited,1,drindra.co.uk
Dr. Jagjit Surdhar,1,smiles4udentist.co.uk
Dr. James Robson,1,identitydentalcare.co.uk
Dr. Janita Patel,1,northwoodhillsdental.co.uk
Dr. Jeremy Cooper,1,drjeremycooperbdslondsalford.co.uk
Dr. Jill Canty,1,wrekentondental.com
Dr. Johan Viljoen,1,cosmetic-smile.net
Dr. John Joyce,1,hockleydental.co.uk
Dr. Jonathan Allsopp,1,allsoppdental.co.uk
Dr. Jonathan Hall,1,oneharleystreet.co.uk
Dr. Jonathan Stuart Frost,1,cotmanhousedentalsurgery.co.uk
Dr. Khosro Basirat,1,monalisasmiles.co.uk
Dr. Kumar Thanki,1,healthysmiles.me.uk
Dr. Lama Brown,1,pearltooth.com
Dr. Laura Lynch,1,beckenhamdentalcare.co.uk
Dr. Laurence Baum,1,oral-surgery-uk.com
Dr. M Faiz Isaacs,1,cleevedental.co.uk
Dr. M. McKendrick & Partners,1,portisaacpractice.co.uk
Dr. Mahsa Shoaei,1,dldc.co.uk
Dr. Manochehr Soltan,1,coventgardendental.com
Dr. Manoj Dhanda,1,keydentalpractice.co.uk
Dr. Marie Vorster,1,dental-distinction.com
Dr. Marisa Harvey,1,newlavenderdental.co.uk
Dr. Michael Chanoch,1,pennhilldental.co.uk
Dr. Michael Norton,1,nortonimplants.com
Dr. Mohammad Goli,1,chelmsfordnhsdentist.com
Dr. Mohammed Binamin,1,widneydentalcare.co.uk
Dr. N U Haque & Partners,1,haquemedicalpractice.nhs.uk
Dr. Narinder Sehra,1,acorndentalcare.co.uk
Dr. Naushad Pradhan,1,thedentalsurgeons.co.uk
Dr. Neel Kothari,1,sawstondentist.com
Dr. Nooshin Vasfi,1,premiersmile.co.uk
Dr. Norman Bloom,1,bloomdental.com
Dr. Omar Butt,1,wooltondental.co.uk
Dr. Parita Bagheri,1,orthodontist.co.uk
Dr. Parvin Kapoor,1,asmileclinic.co.uk
Dr. Patrick Humphrey,1,hillsroaddental.com
Dr. Patrick Williams,1,marshhouseorthodontics.com
Dr. Paul Hustler,1,cornstdental.co.uk
Dr. Paul Rolfe,1,paulrolfedental.co.uk
Dr. Paul Swanson,1,roselanedentalpractice.co.uk
Dr. Pauline Desmond,1,newportpagnelldentalclinic.co.uk
Dr. Ramin Kardel-Tabar,1,greenlanedentalcare.co.uk
Dr. Reena Aggarwal,1,foxlanddental.co.uk
Dr. Richard Hellen,1,yorkplacedental.com
Dr. Richard Tobin,1,teethinline.co.uk
Dr. Ritesh Aggarwal,1,edgedental.co.uk
Dr. Rogieh Ilaty,1,surreydentalspa.com
Dr. Sachin Anand,1,dentalessence.co.uk
Dr. Sadig Ayoub Bey,1,crescentdental.com
Dr. Saman Etemadi,1,dsedental.co.uk
Dr. Sameer Shah,1,newmarketroaddentalclinic.co.uk
Dr. Sana-Ullah Qamar,1,qamardental.com
Dr. Santosh Makhijani,1,the-dentalsurgery.co.uk
Dr. Sashiruban Balachandran,1,familydentalcareuk.co.uk
Dr. Sharif Khan,1,rockinghamhouse.co.uk
Dr. Shejal Patel,1,elitedentalstudio.co.uk
Dr. Sonali Mehta,1,smilematters.co.uk
Dr. Stephen Shimberg,1,bridgewaterdentalsurgery.com
Dr. Surbjeet Matharoo,1,bridgedentist.co.uk
Dr. Tarlok Marok,1,acocksgreendentalpractice.co.uk
Dr. Veronica Morris,1,smile-nw.co.uk
Dr. Vicknesh Tasen,1,docdental.co.uk
Dr. Victor Peart,1,marketstreetdentalpractice.com
Dr. Yasir Noorani,1,courtdrivedentalpractice.co.uk
Dream Care Norwich Ltd,1,fuchsiahomecare.co.uk
Dreisco Care Limited,1,dreiscocare.com
"Drs Coleman, Sellars, Sharpe, Tupper and Leighton",1,kingthornepractice.co.uk
"Drs Lavin, Findlay, Remedios and Thompson",1,whiteacresmc.co.uk
Drs Patel and Partner,1,vassallmedicalcentre.co.uk
Drs S & N Waddell,1,stevewaddell.com
Drs S Bassi and H Kamboj Ltd,1,hanwellhealthcentre.nhs.uk
Drs Sells and Dr Kyaw,1,lyngford.co.uk
Drs Sidhu & Batra,1,chancerylane.warwickshire.nhs.uk
Drumconner Homes (Bournemouth) Limited,1,drumconner.co.uk
Drumconner Limited,1,drumconner.co.uk
Drury Healthcare Limited,1,druryhealthcare.com
Dudley Court Care Limited,1,dudley-court.co.uk
Duke Street Dental Centre Limited,1,dentistbrighton.co.uk
Dukeries Healthcare Limited,1,dukerieshealthcare.co.uk
Dumbledore Dental Care Limited,1,southcliffdentalgroup.com
Dunstan Village Group Practice,1,dunstanvillagegrouppractice.nhs.uk
Dunster Lodge Limited,1,dunsterlodge.co.uk
Dunwood Manor Romsey Limited,1,allegracare.co.uk
Duratem Supported Living Ltd,1,duratem.co.uk
Durbia Limited,1,durbiahealthcareltd.co.uk
Durham Care Line Limited,1,carelinelifestyles.co.uk
Durham County Council,1,durham.gov.uk
Durham Dales Health,1,ddhf.co.uk
Dwell Limited,1,longlea.co.uk
Dwell-In Group of Companies Ltd,1,dwellinsocialcare.co.uk
Dynamic Support Ltd,1,dynamic-support.org
Dynamic Viewpoint Healthcare Limited,1,dynamicviewpoint.co.uk
Dynasty Care Services Limited,1,dynastycareservices.co.uk
Dynasty Denture Clinics Ltd,1,dynastydentureclinics.co.uk
E Harling and Kenninghall Medical Practice,1,eh-khsurgery.co.uk
E-Zec Medical Transport Services - Trading As EMED Group Limited,1,e-zec.co.uk
E2E Homecare Ltd,1,e2ehomecare.co.uk
EC Romford Holdings Limited,1,ashlinghouse-arranmanor.co.uk
ECare Ltd,1,ecare-community.co.uk
EGH Care Services Limited,1,eghcareservices.co.uk
EHC Pathways Limited,1,ehcjigsaw.co.uk
EKK Ltd,1,elgindentalcare.co.uk
EMH Care and Support Limited,1,enable-group.org.uk
EMJ Quality Homecare (Dorset) Ltd,1,bournemouth.myhomecare.co.uk
ENT Eastbourne Limited,1,oldorchardclinic.co.uk
ENT at 150 Limited,1,150harleyst.co.uk
ENT4KIDS Limited,1,ent4kids.co.uk
EOS Medical Aesthetics Limited,1,eosaesthetics.co.uk
EQ Care Group Limited,1,bracebridgecare.org
ESM Management Limited,1,theeldentclinic.com
ESS Clinics Limited,1,essclinic.co.uk
EWH Investments Ltd,1,eleighwaterhouse.com
Eagle and Jinnah Partnership,1,reaglehomecare.co.uk
Eagles Recruitment and Healthcare Limited,1,eaglesrh.co.uk
Ear Matters Exeter,1,earmattersexeter.co.uk
East Anglia Ultrasound Services Ltd,1,eastangliaultrasound.co.uk
East Barnet Health Centre,1,eastbarnetgpsurgeries.co.uk
East Cheshire NHS Trust,1,eastcheshire.nhs.uk
East Finchley Smiles Limited,1,eastfinchleysmiles.co.uk
East Kent Hospitals University NHS Foundation Trust,1,ekhuft.nhs.uk
East Lancashire Hospitals NHS Trust,1,elht.nhs.uk
East Leicester Medical Practice - Dr A Farooqi and Partners,1,elmp.co.uk
East London NHS Foundation Trust,1,elft.nhs.uk
East Midlands Crossroads-Caring For Carers,1,tuvida.org
East Park Dental Practice Limited,1,eastparkdental.co.uk
East Park Medical Centre - R P Pandya,1,eastparkmedicalcentre.co.uk
East Riding of Yorkshire Council,1,eastriding.gov.uk
East Sussex County Council,1,eastsussex.gov.uk
East Sussex Healthcare NHS Trust,1,esht.nhs.uk
East and North Hertfordshire NHS Trust,1,enherts-tr.nhs.uk
Eastbrook Surgery,1,dpsrgmc.co.uk
Easterbrook Farm Limited,1,easterbrookfarm.co.uk
Eastfield Care Homes Limited,1,eastfieldcarehomes.co.uk
Eastleigh Care Homes - Minehead Limited,1,eastleighcarehomes.co.uk
Eastleigh Southern Parishes Network Limited,1,espnetwork.co.uk
Eastwick Barn Limited,1,wrenretirement.co.uk
Eastwood Community Endoscopy Centre Ltd,1,eastwoodendoscopycentre.co.uk
Eastwood Hall Limited,1,crollgroup.co.uk
Eazy Innovations C.I.C.,1,eazycare.co.uk
Ebenezer (Stone of Help) Ltd,1,ebenerzerltd.com
Echelon Health Ltd,1,echelon.health
Echo Fire and Medical Limited,1,echofireandmedical.com
Eclectic Care Ltd,1,eclecticcare.co.uk
Eden Brook Home Care Limited,1,edenbrookhomecare.co.uk
Eden Independent Living Ltd,1,radfieldhomecare.co.uk
Eden Supported Living Limited,1,edensupportedhousing.co.uk
Eden Surgery,1,edensurgery.nhs.uk
Edenplace Limited,1,edenplace.co.uk
Edgbaston Dental Centre,1,edgbastondentalcentre.com
Edgbaston Eye Consultants Ltd,1,birminghamphysios.com
Edith Healthcare Limited,1,edith-healthcare.co.uk
Eeze Old School House Ltd,1,eezecare.co.uk
Efficiency Health and Home Care Services Limited,1,efficiencyhealthandhomecareservice.co.uk
Efficiency-For Care Limited,1,efficiencyforcare.com
Egham Care Limited,1,cinnamoncc.com
Eldon Housing Association Limited,1,eldonhousing.co.uk
Eleada Care Services Ltd,1,eleadacare.com
Eleanor Cross Healthcare,1,eleanorcrosshealthcare.co.uk
Eleanor Palmer Trust,1,eleanorpalmertrust.org.uk
Element Clinic Ltd,1,elementdental.co.uk
Eleven Eastgate Limited,1,eastgatedentalsurgery.co.uk
Eliezer Supported Living Services Limited,1,eliezersls.co.uk
Elite Care North West Limited,1,elitecarenw.co.uk
Elite Care Professionals Limited,1,eliteprofessionals.co.uk
Elite Careplus Ltd,1,elitecareplus.co.uk
Elite Emergency Medical Services Ltd,1,eliteems.com
Elixir Treatments Ltd,1,elixirtreatments.co.uk
Elizabeth's Rose Home Care Limited,1,elizabethsrose.co.uk
Ellenor,1,ellenorlions.org
Ellesmere Dental Practice Limited,1,ellesmeredental.co.uk
Ellie Group Ltd,1,elliscombehouse.com
Ellie Sunrise Healthcare Ltd,1,elliesunrisehealthcare.com
Elliott Care Home Ltd,1,elliottcarehome.co.uk
Elm Bank Healthcare Limited,1,barchester.com
Elm Hayes Surgery,1,elmhayessurgery.co.uk
Elm House (UK) Ltd,1,elmhousecaregroup.co.uk
Elmar Home Care Limited,1,elmarhomecare.co.uk
Elmes Homecare UK Ltd,1,elmeshomecare.com
Elmfield Care Limited,1,elmfieldcare.co.uk
Elmwood Nursing Home Ltd,1,pinewoodonline.co.uk
Elmwood Residential Home Limited,1,elmwoodonline.co.uk
Elsdale Street Surgery,1,elsdalestreetsurgery.nhs.uk
Elsenham House Limited,1,elsenhamhouse.co.uk
Eltham Medical Practice,1,elthammedicalpractice.nhs.uk
Eltham Palace PMS,1,elthampalacesurgery.nhs.uk
Ely Diocesan Association For Deaf People (Cambridgeshire Deaf Association),1,cambsdeaf.org
Elysium Care Partnerships Limited,1,elysiumhealthcare.co.uk
Elysium Care Partnerships No 2 Limited,1,elysiumhealthcare.co.uk
Elysium Healthcare (Acorn Care) Limited,1,elysiumhealthcare.co.uk
Elysium Healthcare (All Saints) Limited,1,elysiumhealthcare.co.uk
Elysium Healthcare (Farndon) Limited,1,elysiumhealthcare.co.uk
Elysium Healthcare (Field House) Limited,1,elysiumhealthcare.co.uk
Elysium Healthcare (Healthlinc) Limited,1,elysiumhealthcare.co.uk
Elysium Healthcare (St Mary's) Limited,1,elysiumhealthcare.co.uk
Elysium Healthcare Limited,1,elysiumhealthcare.co.uk
Elysium Healthcare No. 4 Limited,1,elysiumhealthcare.co.uk
Elysium Healthcare No.2 Limited,1,elysiumhealthcare.co.uk
Elysium Neurological Services (Adderley) Limited,1,elysiumhealthcare.co.uk
Elysium Neurological Services (Badby) Limited,1,elysiumhealthcare.co.uk
Embrace Medical Centre,1,thebircheskesgrave.co.uk
Emerald Care Services (UK) Limited,1,emeraldcareservicesuk.co.uk
Emerald Training and Medical Staffing Ltd,1,caretms.co.uk
Emezzions Limited,1,emezzions.com
Emilia Jean Care Limited,1,clarityhomecare.co.uk
Eminence Care Service (Broomfield) Limited,1,broomfieldcare.co.uk
Emiran and Associates Limited,1,emiranhealthcare.co.uk
Emmer Green Surgery,1,emmergreensurgery.co.uk
Emperor's Gate Surgery,1,emperorsgate.org
Empingham Medical Centre,1,empinghammedicalcentre.co.uk
Empowering U Healthcare Limited,1,empoweringu.co.uk
Empyrean Care Group LTD,1,ersglobalsolutions.com
Enable Care and Support Limited,1,enablecareandsupport.com
Enable Today Ltd,1,homeinstead.co.uk
Enabled Health Ltd,1,enabledhealth.org
Enablement Care Services Ltd,1,enablementcare.co.uk
Enabling Care For You Limited,1,ecfy.co.uk
Enabling Others Limited,1,enablingothers.co.uk
Enanee Dental Ltd,1,enaneedentalpractice.com
Encasa Limited,1,bluebirdcare.co.uk
Enchanting Care Limited,1,enchantingcare.com
Encompass Care Organisation UK,1,encompassdorset.co.uk
Endeavour Residential Services Ltd,1,endeavourcarehome.co.uk
Endless Love Healthcare Services Ltd,1,endlesslovehealthcare.uk
Endo 61 Limited,1,endo61.com
EndoCare Diagnostics ltd,1,endocare-diagnostics.co.uk
Endurance Care Ltd,1,nationalcaregroup.com
Enfield Healthcare Alliance Limited,1,chalfontsurgery.nhs.uk
Engleburn Care Home Ltd,1,engleburncarehome.co.uk
Enham Trust,1,enham.org.uk
Enhance Dental Care Limited,1,enhancedentalcare.co.uk
Eniola Care Ltd,1,eniolacare.com
Eniro Care Ltd,1,eniro-care.co.uk
Enlightenment Care Services Ltd,1,wearenlightenment.co.uk
Enriching Healthcare Ltd,1,heritagehealthcare.co.uk
Enterprise Care Support Ltd,1,enterprisecaresupport.org.uk
Eothen Homes Limited,1,eothenhomes.org.uk
Epic Care Services Limited,1,epicareservices.co.uk
Epilepsy Society,1,epilepsysociety.org.uk
Epsom and St Helier University Hospitals NHS Trust,1,epsom-sthelier.nhs.uk
Equicare Services Ltd,1,equicareservices.co.uk
Eskdaill Medical,1,eskdaillmedical.co.uk
Essential Care Solutions Ltd,1,essentialcaresolutions.co.uk
Essex Care Consortium (Fordham) Limited,1,ecarec.co.uk
Essex Care Consortium Limited,1,e-care-c.co.uk
Essex Cares Limited,1,essexcares.org
Essex Partnership University NHS Foundation Trust,1,eput.nhs.uk
Essex Ultrasound & Medical Services Limited,1,oaklandssurgery.net
Eternal Homecare Limited,1,eternalhomecare.co.uk
Eternity Healthcare Limited,1,eternityhealthcare.co.uk
Ethica Services Limited,1,ethicacare.co.uk
Ethicare Ltd,1,ethicaresupport.co.uk
Ethos Care Services Limited,1,ethoscare.co.uk
Etwall Dental Practice Ltd,1,etwalldentalpractice.co.uk
Euxton (No 1) Limited,1,mydentist.co.uk
Eva M Porter Services Limited,1,hartleylocums.co.uk
Evamed UK Ltd,1,badermedical.com
Eventide Residential Home Limited,1,eventideresidentialhome.co.uk
Events Medical Services Limited,1,eventsmedical.co.uk
Everdental Limited,1,everdental.co.uk
Eveready Carers Limited,1,evereadycarers.co.uk
Evergood Medicals Limited,1,evergoodmedicals.co.uk
Evergreen Healthcare 2004 LTD,1,theholliesgravesend.co.uk
Evergreen Practice,1,evergreenpracticegp.nhs.uk
Everlasting Care Ltd,1,everlastingcare.co.uk
Everycare West Kent Limited,1,everycare.co.uk
Everyturn,1,mentalhealthconcern.org
Evo Dental Centre Limited,1,evodental.com
Evolving Care Limited,1,evolvingcare.co.uk
Evolving Living Ltd,1,evolvingliving.co.uk
Ewart and Dilworth Limited,1,fergusonlodge.co.uk
Excel Dental Care,1,exceldentalcare.co.uk
Excellence In Care Ltd,1,excellence-in-care.co.uk
Exclusive Allied Services Limited,1,exclusivecareservices.co.uk
Exclusive Orthodontics Limited,1,belmont-orthodontics.co.uk
Execudent Limited,1,execudent.co.uk
Executive 2000 Recruitment Ltd,1,e2k.care
ExemplaCare Limited,1,exemplacare.co.uk
Exemplary Care Services Ltd,1,exemplarycareservices.com
Expert Care Solutions Ltd,1,expertcaresolutions.co.uk
Express Diagnostics Limited,1,expressdiagnostics.co.uk
Extel Limited,1,cttm.co.uk
Eye Health Centre,1,eyehealthcentre.co.uk
Eye Smile Limited,1,eyesmile.com
Eyre Street Dental,1,eyrestreetdental.co.uk
Ezer Leyoldos Limited,1,ezerleyoldos.co.uk
F & A Supported Living Ltd,1,supportedliving-hampshire.co.uk
F&A Care and Support Services Ltd,1,fandacare.co.uk
F.A.S.T. Ambulance Service Limited,1,fast-services.co.uk
F4Control Limited,1,first4care.co.uk
FCMS (NW) Limited,1,fcms.nhs.uk
FCNA Homecare Ltd,1,fcna.co.uk
FDR Social Care Ltd,1,fdrsocialcare.co.uk
FKS Clinic Ltd,1,fksclinic.co.uk
Fairdene Lodge Care Home Limited,1,fairdenelodge.co.uk
Fairfield Country Rest Home Limited,1,fairfieldcountryresthome.com
Fairfield Healthcare Limited,1,rosewoodhealthcaregropu.co.uk
Fairfield House Healthcare Limited,1,fairfieldhouse.co.uk
Fairfield PMS,1,thefairfieldpractice.co.uk
Fairlands Dental Centre,1,fairlandsdental.co.uk
Fairpark Care Limited,1,fairparkcare.com
Faithful Care (UK) Limited,1,faithfulcare.co.uk
Falcon Care Agency Ltd,1,falconcareagencyltd.com
Fallowfield (No1) Limited,1,mydentist.co.uk
Fam Daily Care Ltd,1,famdailycare.com
Family Care UK Limited,1,larchmere.co.uk
Far Fillimore Care Homes Ltd,1,farfillimore.co.uk
Farecare Gloucestershire Limited,1,farecare.co.uk
Fari Care Ltd,1,faricare.com
Farleigh Hospice,1,farleighhospice.org
Farm and Forest Care Ltd,1,caremark.co.uk
Farmhouse Surgery,1,thefarmhousesurgery.co.uk
Farnham Dene Medical Practice,1,farnhamdene.com
Faseha Healthcare Recruitment Ltd,1,f-hr.co.uk
Fast Medica Ltd,1,fastmedica.co.uk
Fat Loss Centre Limited,1,fatlosscentre.com
Father Hudson’s Caritas,1,stjosephscarehome.co.uk
Fauld House Care Home Ltd,1,fauldhousenursinghome.co.uk
Favell Plus Surgery,1,favellplussurgery.com
Favoured Health Care CIC,1,favouredhealthcare.co.uk
Fawaz Homecare Limited,1,fawazhomecare.com
Fearns Limited,1,ferndale-dental.co.uk
Federation of Jewish Services,1,heathlandsvillage.com
Feelcare Domiciliary Services Ltd,1,feelcare.co.uk
Feldent Limited,1,thewillowsdentalpractice.com
Fell Tower Medical Centre,1,felltowermedicalcentre.nhs.uk
Femack Training and Recruitment Consultancy Ltd,1,femacktrc.com
Fen Homecare Ltd,1,fenhomecare.co.uk
Fenland Group Practice,1,doddingtonmedicalcentre.nhs.uk
Fern Holdings Limited,1,queenslodge.squarespace.com
Fernley Medical Centre,1,fernleymedicalcentre.nhs.uk
Ferryhill & Chilton Medical Practice,1,ferryhillandchilton.nhs.uk
Ffolliott Bird Associates Limited,1,mydentist.co.uk
Fidelia CK Limited,1,charltonkingscarehome.co.uk
Fidelity Care Services Ltd,1,fidelitycareservices.com
Field House Residential Care Home Limited,1,farringtoncare.com
Field Lane Foundation(The),1,fieldlane.org.uk
Field's Care Ltd,1,fields-care.com
Fieldhead Medical Services Limited,1,fieldheadsurgery.org.uk
Figges Marsh Surgery,1,figgesmarsh.co.uk
Filcare Ltd,1,filcareltd.co.uk
Fillybrook House Limited,1,fillybrookhouse.co.uk
Finecare Homes (Stevenage) Limited,1,roebucknursinghome.co.uk
Finedon Dental Surgery Partnership,1,finedondentalpractice.co.uk
Fir Park Medical Centre,1,firparkmedicalcentre.co.uk
Firs Dental,1,firsdental.com
Firs House Partnership,1,firshouse.com
First Call Community Systems Limited,1,surecare.co.uk
First Care Lodge Limited,1,demo4.gowebbigo.com
First Care Services Limited,1,orchardhousenursinghome.com
First Choice Home Care Ltd,1,firstchoicehomecare.co.uk
First Choice Medical Solutions Ltd,1,firstchoicemedicalsolutions.co.uk
First Glimpse Limited,1,thefirstglimpse.co.uk
First In Care Services Ltd,1,firstincare.co.uk
First Prime Care Ltd,1,firstprimecare.com
First Support Care Ltd,1,firstsupportcare.co.uk
First Thought Care Services Ltd,1,ftcareservices.co.uk
Firstsmile Limited,1,newbloom.co.uk
Fitzrovia Medical Centre,1,fitzroviamedicalcentre.co.uk
Five Focal Point Limited,1,careffp.co.uk
Five HealthGroup Limited,1,goodoakshomecare.co.uk
Five Star Caring Ltd,1,blossomhomecare.co.uk
Five Star Homecare Leeds Ltd,1,fivestarhcleeds.com
Fixby Healthcare Ltd,1,fixbyhealthcare.com
Flamelily Care Ltd,1,civilitycare.co.uk
Flamelily Independent Living Ltd,1,flamelillyindependentliving.com
Flames Healthcare Ltd,1,flameshealthcareltd.co.uk
Flawless Care Services Ltd,1,flawlesscareservicesltd.com
Flexibeau Care Limited,1,flexibeaucare.co.uk
Flexserve UK Limited,1,flexserve.co.uk
Flightcare Limited,1,wecaregroup.co.uk
Flixton House Limited,1,flixtonmanor.com
Flollie Investments Limited,1,stantoncarehomes.co.uk
Florebright Care Ltd,1,florebrightcare.com
Florence House Dental Practice Partnership,1,idhgroup.co.uk
Florence House Medical Practice,1,florencehousesurgery.co.uk
Florence Nightingale Hospitals Limited,1,nightingalehospital.co.uk
Florence Road Surgery,1,florenceandbramleyroadsurgeries.nhs.uk
Flourish Enterprises Community Interest Company,1,flourishenterprises.co.uk
FlyingMedicine Ltd,1,privatemedical.clinic
Focus Care Link Limited,1,focuscarelink.co.uk
Focus Care Professionals Ltd,1,focuscareprofessionals.co.uk
Focus Westcliff Limited,1,focusdentalclinic.co.uk
Fond of Care Ltd,1,fondofcare.co.uk
Foray 577 Limited,1,mortongrangecarelineservices.co.uk
Ford Medical Practice,1,fordmedicalpractice.nhs.uk
Fordbridge Medical Centre,1,fordbridgemedicalcentre.co.uk
Forest Care Limited,1,forestcare.co.uk
Forest Homecare Limited,1,foresthomecare.co.uk
Forest House Surgery,1,foresthousesurgeryshepshed.co.uk
Forever Caring Limited,1,forevercaring.co.uk
Forge Close Surgery,1,forgeclose.gpsurgery.net
Forge Health Group,1,pitsmoorsurgery.co.uk
Forge House Care Ltd,1,forgehousecare.com
Forge Medical Practice,1,theoldforgesurgery.nhs.uk
Forget Me Not Caring Ltd,1,forgetmenotcaring.co.uk
Forget me not homecare services Ltd,1,forgetmenothomecareservicesltd.co.uk
Fortify Clinic Limited,1,fortifyclinic.com
Fortune Green Practice,1,fortunegreengp.com
Fortune Smiles Services Limited,1,fortune-smiles.co.uk
Forward Community Care Ltd,1,forwardcommunitycare.net
Fosse Healthcare Limited,1,fossehealthcare.co.uk
Fosse Medical Centre,1,fossemedicalcentre.co.uk
Fountain Care Limited,1,fountainlovingcare.co.uk
Four Oaks Dental Practice,1,fouroaksdental.co.uk
Fourways (Sidmouth) Limited,1,fourways-sidmouth.co.uk
Fourways Residential Home Ltd,1,atkinsonshomes.com
Foxglove Care Limited,1,foxglovecare.co.uk
Foxholes Nursing Home Limited,1,foxholescarehome.com
Framework Housing Association,1,frameworkha.org
Francis Grove Surgery,1,francisgrovesurgery.co.uk
FrankCare Community Services Ltd,1,frankcare.co.uk
Franklin Homes Limited,1,caretech-uk.com
Frapor Support Services Limited,1,frapor.co.uk
Freedom Care 24/7 Ltd,1,sylviancare.co.uk
Freedom Home Care Ltd,1,freedomhomecareltd.co.uk
Freesprings Limited,1,freesprings.co.uk
Freeways,1,freeways.org.uk
Freivan Support Services Ltd,1,freivan.co.uk
Fresenius Medical Care Renal Services Limited,1,fmc-ag.com
Freshfield Care Limited,1,bankfieldcare.co.uk
Friar Street Dental Practice,1,friardental.com
Friargate Surgery,1,friargatesurgery.co.uk
Friarsgate Practice,1,friarsgatepractice.co.uk
Friary Care Limited,1,friarycare.co.uk
Friary House Surgery,1,friaryhousesurgery.nhs.uk
Friends of the Elderly,1,fote.org.uk
Frimley Health NHS Foundation Trust,1,frimleypark.nhs.uk
Front Street Dental Practice Partnership,1,mydentist.co.uk
Fuchsia Homecare Ltd,1,fuchsiahomecare.co.uk
Fulford Care Home Limited,1,agincare.com
Fulwood Green Medical Centre,1,fulwoodgreen.co.uk
Fusco Browne Healthcare Ltd,1,fuscobrownehealthcare.co.uk
Future Home Care Ltd,1,lifeways.co.uk
Fylde Community Care Limited,1,fyldecommunitycare.com
G P Homecare Limited,1,radis.co.uk
G&M Healthcare Ltd,1,gandmhealthcare.co.uk
GCH (Hertfordshire) Ltd,1,goldcarehomes.com
GCH (Midlands) Ltd,1,goldcarehomes.com
GCH (NEW OPCO 2) Limited,1,goldcarehomes.com
GCH (North London) Ltd,1,goldcarehomes.com
GCH (South) Ltd,1,goldcarehomes.com
GCH (St Katharine's) Limited,1,goldcarehomes.com
GCH (The Triangle) Ltd,1,goldcarehomes.com
GG Total Care Ltd,1,caremark.co.uk
GGW Care Limited,1,ggwcare.com
GNCARESERVICES LTD,1,gncareservices.co.uk
GP Primary Choice Limited,1,gpprimarychoice.co.uk
GP Surgery @ Acton Gardens,1,chiswickfamilypractice-ealing.co.uk
GPM Care Services Limited,1,homeinstead.co.uk
GPS Care Services Ltd,1,gpscare.uk
GPS Healthcare,1,gpshealthcare.co.uk
GS Social Care Solutions Ltd,1,gs-socialcare.co.uk
Gable Healthcare services Limited,1,gablehealthcare.co.uk
Gabs Healthcare Limited,1,gabshealthcare.co.uk
Gaikwad Ltd,1,sgdental.co.uk
Gain Care Limited,1,gaincare.co.uk
Gain Healthcare Ltd,1,gainhealthcare.co.uk
Gainford Care Homes Limited,1,gainfordcarehomes.com
Gainsborough Care Home Limited,1,agincare.com
Gairloch Care Limited,1,ballaghcare.co.uk
Galiant Health Care Limited,1,galianthealthcarelimited.co.uk
Galilee Care LTD,1,galileecare.co.uk
Galleon Care Homes Limited,1,mulberryhousecare.co.uk
Gama Aviation (UK) Limited,1,gamaaviation.com
Gamanlal Limited,1,smileessential.co.uk
Ganymede Care Limited,1,chiswicknursingcentre.co.uk
Garforth Medical Practice,1,garforthmedicalcentre.co.uk
Garrett House Residential Home Limited,1,garretthouse.co.uk
Garry and Jane Blake,1,sherwoodlodge.co.uk
Gary Richard Homes Limited,1,garyrichardhomes.co.uk
Gateacre Brow Surgery,1,gateacrebrowpractice.nhs.uk
Gatekeepers Care Solutions Ltd,1,gatekeeperscare.co.uk
Gateshead Health NHS Foundation Trust,1,gatesheadhealth.nhs.uk
Gateway Care Services Limited,1,gatewaycareservices.com
Gem Corporations Limited,1,hhcs.uk
Gemini Exclusive Care Limited,1,geminiexclusivecare.co.uk
GeneralMedicalServices Ltd,1,middleportmedicalcentre.co.uk
Generations Care Ltd,1,generations-care.co.uk
Genesis CTE Limited,1,genesiscte.co.uk
Genesis Cancer Care UK Limited,1,genesiscare.co.uk
Genesis International Solutions Ltd,1,genesissolutions.org
Genesis Residential Home (Spalding) Limited,1,adonaiholding.com
Genhawk Limited,1,genhawk.org.uk
Genix Healthcare Alnwick Ltd,1,genixhealthcare.com
Genix Healthcare Ltd,1,genixhealthcare.com
Genix Healthcare Market Weighton Ltd,1,genixhealthcare.com
Genix Healthcare Tickhill Ltd,1,genixhealthcare.com
Genix Healthcare Whitley Bay Ltd,1,genixhealthcare.com
Gentle Folk Community Care Ltd,1,gentlefolkcare.co.uk
Gentle Hands Home Care Limited,1,ashgatehomecare.co.uk
Genuine Carers Limited,1,genuinecarers.com
Geocare Services Limited,1,geocareservices.co.uk
George Eliot Hospital NHS Trust,1,geh.nhs.uk
George Springall Homecare Partnership,1,georgespringallhomecare.co.uk
Gerexa Limited,1,lollipop4dbabyscans.co.uk
Ghosh Medical Limited,1,ghoshmedicalgroup.com
Gilberdyke Health Centre,1,gilberdykehealthcentre.co.uk
Gilead Complete Care Group Limited,1,gileadcompletecaregroupltd.com
Ginger Homecare Limited,1,gingerhomecare.co.uk
Gingerbread Care Limited,1,glencairncare.co.uk
Gladstone Care Ltd,1,gladstonecare.co.uk
Gladstone House Surgery,1,gladstonehousesurgery.nhs.uk
Glancestyle Care Homes Limited,1,inmind.co.uk
Glebedale Medical Practice,1,glebedalemedicalpractice.nhs.uk
Glenavon Care Limited,1,glenavoncare.com
Glencare Homes Ltd,1,penhellis.com
Glendair Dental Limited,1,glendairdental.co.uk
Glenfields Care Home Limited,1,glenfieldsch.co.uk
Glenholme Senior Living (Bispham Gardens) Limited,1,glenholme.org.uk
Glenholme Senior Living (Sleaford) Limited,1,glenholme.org.uk
Glenholme Senior Living (Spalding) Limited,1,glenholme.org.uk
Glenholme Specialist Healthcare (Southern Region) Ltd,1,glenholme.org.uk
Glenroyd Medical Centre,1,glenroydmedical.co.uk
Global Care (Prospect House) Ltd,1,globalcareltd.com
Global Caring Group Ltd,1,globalcaringgroup.co.uk
Global Healthcare Solutions Limited,1,ghs-care.co.uk
Global Homecare Ltd,1,global-homecare.co.uk
Gloriavd Health Care Ltd,1,gloriavdhealthcareltd.com
Glorycrown Healthcare Ltd,1,glorycrown.co.uk
Gloucestershire Health & Care NHS Foundation Trust,1,ghc.nhs.uk
Glovers Lane Surgery,1,gloverslanesurgery.com
GoToDoc Limited,1,gtdhealthcare.co.uk
Gold Bridge Care Ltd,1,homeinstead.co.uk
Goldcrest Healthcare Service Limited,1,goldcresthealthcareservice.com
Golden Crown Care and Support Services Ltd,1,goldencrowncare.com
Golden Keys Care Agency Ltd,1,goldenkeys.care
Golden Manor Healthcare (Ealing) Limited,1,upperhallifordnursinghome.co.uk
Goldsmith Personnel Limited,1,goldsmithpersonnel.co.uk
Goldstar Care Services Limited,1,goldstarcareservices.co.uk
Good Companions (Cumbria) Limited,1,gchc.co.uk
Good Shepherd Care Limited,1,sholdenhall.co.uk
GoodLuck Care Limited,1,goodluckcare.co.uk
Goodheart Surgery,1,goodheartsurgerybransholme.nhs.uk
Gorse Covert Dental Practice Ltd,1,gcdp.co.uk
Gorseway Nursing Home Limited,1,agincare.com
Gorway House Residential Home,1,gorwayhouse.co.uk
Gosberton Medical Centre,1,gosbertonmedicalcentre.co.uk
Gosford Hill Medical Centre,1,gosfordhillmc.co.uk
Gossoms End Surgery,1,gossomsendsurgery.co.uk
Grace Manor Care Limited,1,foresthc.com
Graceage Care Ltd,1,graceagecare.co.uk
Graceful Care Ltd,1,gracefulcare.co.uk
Graceful Hands Care Ltd,1,gracefulhandscare.co.uk
Graceful Healthcare Services Ltd,1,testimonycare.co.uk
Gracious Hands Limited,1,radfieldhomecare.co.uk
Granby House Dental Limited,1,granbyhousedental.co.uk
Grand Park Homes Ltd,1,grandparkhomes.uk
Grand Smile Design Limited,1,grandsmiledesigns.co.uk
Grande Care Ltd,1,grandecare.co.uk
Grange Cottage Limited,1,grangecottage.wordpress.com
Grange Dental Practice,1,grangedentalpractice.com
Grangefield Care Limited,1,grangefieldcare.co.uk
Grassington Dental Care Limited,1,grassingtondentalcare.co.uk
Gravel Hill Surgery,1,gravelhillsurgery.nhs.uk
Gray Healthcare Limited,1,grayhealthcare.com
Grayshott Surgery,1,grayshottsurgery.co.uk
Great Care Support Limited,1,greatcaresupport.com
Great Ormond Street Hospital for Children NHS Foundation Trust,1,gosh.nhs.uk
Great Prospects Care Limited,1,greatprospectscare.co.uk
Great Western Hospitals NHS Foundation Trust,1,gwh.nhs.uk
Greater Manchester Mental Health NHS Foundation Trust,1,gmmh.nhs.uk
Greater Manchester Oral Surgery and Restorative Group Limited,1,thelodgedental.co.uk
Greatful Care Ltd,1,greatfulcare.co.uk
Green Cross Medicare Limited,1,stbridgets.com
Green Lane Care Centre,1,bondcare.co.uk
Green Meadows Partnership,1,greenmeadowssurgery.co.uk
Greenacre Park Health Care Limited,1,exemplarhc.com
Greencote Limited,1,bluebirdcare.co.uk
Greenfield Close Residential Home Limited,1,salutemcareandeducation.co.uk
Greenleigh Care Home Limited,1,selecthealthcaregroup.com
Greensleeves Homes Trust,1,greensleeves.org.uk
Greenswan Consultants Limited,1,pinelodgecarehome.com
Greenwich & Bexley Community Hospice Ltd,1,communityhospice.org.uk
Gregor & Gent Limited,1,bluebirdcare.co.uk
GreyInsights Ltd,1,greyinsights.co.uk
Grossdale Ltd,1,grossdale.com
Grosvenor Medical Centre,1,grosvenormedicalcentrestalybridge.nhs.uk
Groundstyle Limited,1,westonhousestoke.co.uk
Grove House Practice,1,grovehouse.co.uk
Grove Medical Centre,1,thegrovemedicalcentre.co.uk
Grove Park Healthcare Group Limited,1,groveparkhealth.com
Grove Place Village Limited,1,groveplacevillage.co.uk
Grovehurst Surgery,1,thegrovehurstsurgery.nhs.uk
Guardian Angel Carers Ltd,1,gacarers.co.uk
Guardian Homecare UK Ltd,1,guardianhomecare.co.uk
Guardian Supported Living Limited,1,guardiansl.com
Gudgeheath Lane Surgery,1,gudgeheathsurgery.co.uk
Guild Care,1,guildcare.org
Guild Healthcare Ltd,1,guildcareagency.co.uk
Gungah Care Limited,1,seathornecourt.co.uk
Guy Barrington Staight,1,thestaightpractice.co.uk
Guy's and St Thomas' NHS Foundation Trust,1,guysandstthomas.nhs.uk
Guysfield House Limited,1,caringhomes.org
Gwynne Dental Ltd,1,gwynnedental.co.uk
H Plus Care Ltd,1,larchfield.care
H&H Care Services Limited,1,seaviewhaven.co.uk
H. W. Group Ltd,1,hartfordcare.co.uk
HC-One Limited,1,hc-one.co.uk
HC-One No.1 Limited,1,hc-one.co.uk
HC-One No.2 Limited,1,hc-one.co.uk
HC-One No.3 Limited,1,retirementvillages.co.uk
HCP (Franchise) Limited,1,homecarepreferred.com
HDCC Ltd,1,horwichdentalcare.co.uk
HF Trust Limited,1,hft.org.uk
HFH Healthcare Limited,1,hfhcare.co.uk
HIL Care (East Yorkshire) Limited,1,hil.org.uk
HOA Care Services Limited,1,rightathomeuk.co.uk
HP Homecare Limited,1,hphomecare.co.uk
HW Homecare Ltd,1,hwhomecare.co.uk
Hadet Solutions Limited,1,hadethealthcare.co.uk
Hadi Care Ltd,1,hadicare.co.uk
Hagley Care Limited,1,cinnamoncc.com
Hailsham Medical Group,1,seaforthfarm.org.uk
Halcyon Medical Centre,1,halcyonmedical.co.uk
Halesowen Dental Care Limited,1,halesowendental.co.uk
Haling Park Care LLP,1,halingparkcare.com
Hall Green Surgery,1,hallgreensurgery.nhs.uk
Hallaton Manor Limited,1,hallatonmanor.com
Hallcare South Limited,1,caremark.co.uk
Halldent Limited,1,mydentist.co.uk
Halliwell Surgery 3,1,bolton.nhs.uk
Hallmark Care Homes (Midford Manor) Limited,1,hallmarkcarehomes.co.uk
Hallmark Healthcare (Holmewood) Limited,1,hillcare.net
Halton Borough Council,1,halton.gov.uk
Halton Services Limited,1,parkfieldhousenursinghome.co.uk
Hamberley Care (Brampton) Limited,1,hamberleycarehomes.co.uk
Hamberley Care (Caddington) Limited,1,hamberleycarehomes.co.uk
Hamberley Care (Southampton) Limited,1,hamberleycarehomes.co.uk
Hamberley Care (West Byfleet) Limited,1,hamberleycarehomes.co.uk
Hamberley Care (Wixams) Limited,1,hamberleycarehomes.co.uk
Hamberley Care FV (Edwalton) Limited,1,hamberleycarehomes.co.uk
Hamberley Care FV (Keynsham) Limited,1,hamberleycarehomes.co.uk
Hamble Cottage Dental Practice Limited,1,bursledondentalclinic.co.uk
Hamelin Trust,1,hamelintrust.org.uk
Hampshire Health Limited,1,hampshirehealth.com
Hampshire Healthcare Services Ltd,1,angelus-homecare.co.uk
Hampshire Hospitals NHS Foundation Trust,1,northhampshire.nhs.uk
Hampshire and Isle of Wight Healthcare NHS Foundation Trust,1,southernhealth.nhs.uk
Hand On Heart Care Services Limited,1,handonheartcare.co.uk
Handforth Dental Practice LLP,1,spadental.co.uk
Handle with Care (Black Country) Limited,1,hwcbc.co.uk
Hands In Harmony Home Care Services Limited,1,handsinharmonycare.com
Hands on Healthcare Solutions Ltd,1,hohcs.co.uk
Hangleton Dental Practice Limited,1,hangletondp.com
Hants Healthcare Limited,1,hantshealthcare.co.uk
Hanya Healthcare Ltd,1,hanyahealthcare.com
Happy Care Ltd,1,happycareltd.com
Happy Family Care Services Limited,1,happyfamilycareservices.co.uk
Happy Home Care Services Ltd,1,happyhomecareservices.co.uk
Harborne Lane Specialist Care Centre Ltd,1,harbornelane.com
Harbour Care (UK) Limited,1,prioryadultcare.co.uk
Harbour Healthcare 1 Ltd,1,harbourhealthcare.co.uk
Harbour Healthcare Ltd,1,harbourhealthcare.co.uk
Harbour Lights Community Support Limited,1,hlcso.co.uk
Harbour Rise Limited,1,harbourrise.co.uk
Harden Dental Surgery Partnership,1,hardendentalsurgery.co.uk
Harlestone Dental Partnership,1,harlestonedental.co.uk
Harley Dental Clinics Limited,1,smilearchitect.co.uk
Harley Street (CPC) Limited,1,lvlhealth.co.uk
Harley Street Ambulance Service Limited,1,harleystreetambulanceservice.co.uk
Harley Street Audiovestibular Clinic Ltd,1,harleyavm.com
Harley Street Private Practice Limited,1,drmarktam.co.uk
Harmonic Medical Sonography Limited,1,harmonicmedicalsonography.com
Harmony Homecare (NW) Limited,1,harmonyhomecare.co.uk
Harness Care Ltd,1,parkroyalmedicalpractice.nhs.uk
Harold Road Surgery,1,haroldroadsurgery.co.uk
Harpal Clinic Ltd,1,harpalclinic.co.uk
Harpwood House Limited,1,harpwood.co.uk
Harrington Homecare Ltd,1,harringtonhomecare.co.uk
Harris Memorial Surgery,1,harrismemorialsurgery.co.uk
Harrogate and District NHS Foundation Trust,1,hdft.nhs.uk
Hart Care Limited,1,hartcarelimited.com
Hartford Care (9) Ltd,1,hartfordcare.co.uk
Hartlepool Hospice Limited,1,hartlepoolhospice.co.uk
Hartshill Medical Centre,1,hartshillsurgery.co.uk
Hartwig Care Limited,1,hartwigcare.co.uk
Hartwood Care (3) Limited,1,cinnamoncc.com
Haslingden Healthcare Limited,1,haslingdenmedicalgrouppractice.co.uk
Hastings and Rother Voluntary Association for the Blind,1,hrvab.org
Hasz Recruitment Solutions Ltd,1,haszhomecareservices.co.uk
Hatch End Medical Centre,1,hatchendmc.co.uk
Hatfield Health Centre,1,hatfieldhealthcentre.co.uk
Hatfield Peverel Surgery Limited,1,hatfieldpevereldentalsurgery.co.uk
Hatwel Limited,1,caremark.co.uk
Hatzfeld Care Limited,1,hatzfeld.co.uk
Hatzola Herts,1,hatzolaherts.org.uk
Haven Solutionz Ltd,1,havensolutionz.co.uk
Havencare Homes and Support Limited,1,havencare.com
Haverhill Community Care Ltd,1,haverhillcommunitycare.com
Havering Care Homes Ltd,1,haveringcare.co.uk
Havesters Care Ltd,1,havesterscarelimited.co.uk
Hawkhurst House Limited,1,hawkhursthouse.com
Hawksbury House Limited,1,hawksburyhouse.co.uk
Hawthorn Dental Practice Ltd,1,dentalimplantsclinics.co.uk
Hawthorne Care Limited,1,carehomes-leicestershire.co.uk
Hayers Dental Surgery,1,hayersdental.co.uk
Hayes Staff Recruitment Limited,1,hayes-staff.co.uk
Hazelgate Ltd,1,thedenelodge.co.uk
Hazelhurst Homecare Ltd,1,homeinstead.co.uk
Hazelwood Group Practice,1,hazelwoodgrouppractice.co.uk
Hazelwood Homecare Limited,1,hazelwoodhomecare.co.uk
Hazmis Ltd,1,hazmis.co.uk
Heacham Group Practice,1,heachamgrouppractice.org
Healey Surgery,1,healeysurgery.co.uk
Healing Cross Healthcare Limited,1,healingcross.org.uk
Healing Touch Care Ltd,1,healing-touch-care.com
Health Bridge Limited,1,zavamed.com
Health Personnel Limited,1,healthpersonnel.co.uk
Health Screening Solutions Limited,1,thecapsuleclinic.com
Health Transportation Group (UK) Limited,1,htg-uk.com
Healthcare 3K Limited,1,regentstreetclinic.co.uk
Healthcare Evolution Ltd,1,sylviancare.co.uk
Healthcare Homes (Spring) Limited,1,healthcarehomes.co.uk
Healthmade Limited,1,royal-court.net
Heart Healthcare Group Ltd,1,hearthealthcaregroup.co.uk
Heart of Bath,1,oldfieldsurgery.org.uk
Heart of England Mencap,1,heartofenglandmencap.org.uk
Hearts Of Care Agency Limited,1,heartsofcareagency.co.uk
Heartsure Limited,1,heartsure.co.uk
Heartview Care Services Ltd,1,heartviewcare.co.uk
Heath Lane Surgery,1,heathlanesurgery.co.uk
Heathbrock Limited,1,chesterlodgenursinghome.co.uk
Heathcotes Care Limited,1,heathcotes.net
Heatherwood Nursing Home Ltd,1,heatherwood.org
Heathfield (Horsham) Limited,1,heathfield.care
Heathfield Healthcare Limited,1,heathfieldcarehomeashford.com
Heathlands Care Home (Chingford) Ltd,1,heathlandscarehome.co.uk
Heathrow Medical Centre,1,heathrowmedicalcentre.co.uk
Heathview Management Company Limited,1,whiteoakscarehome.co.uk
Heaton Dental Clinic Partners,1,heatondental.co.uk
Heaton Mersey Orthodontic Centre,1,hmorthoc.co.uk
Heaton Moor Medical Group,1,hmmc.info
Heaton Road Surgery,1,heatonroadsurgery.nhs.uk
Heaton Road and Blakelaw Dental Practice Partnership,1,mydentist.co.uk
Hectors House Services limited,1,202dental.co.uk
Hednesford Medical Practice,1,hednesford-medical-practice.nhs.uk
Heed Care Ltd,1,heedcare.co.uk
Heera Care Ltd,1,norwoodresidential.co.uk
Hegarty Care Limited,1,hegartycare.com
Helen & Douglas House,1,helenanddouglas.org.uk
Hellendoorn Healthcare Limited,1,northbayhouse.co.uk
Help At Home (Egerton Lodge) Limited,1,helpathome.co.uk
Helping at Home Ltd,1,helpingathome.co.uk
Hereford Vision Surgical Group Limited,1,thewyeclinic.com
Herefordshire and Worcestershire Health and Care NHS Trust,1,hacw.nhs.uk
Heritage Healthcare Berkshire Ltd,1,heritagehealthcare.co.uk
Heritage Manor Limited,1,heritagemanor.co.uk
Hermitage Dental,1,hermitagedental.co.uk
Herne Hill Group Practice,1,thewellcentre.org
Heron House Residential Home Limited,1,abbeyfieldtaunton.co.uk
Herrington Mews Ltd,1,karahealthcare.com
Hertfordshire Partnership University NHS Foundation Trust,1,hpft.nhs.uk
Hertility Health Limited,1,hertilityhealth.com
Herts at Home Limited,1,hertsathome.co.uk
Hessle Grange Dental Care Limited,1,mydentist.co.uk
Hestia Care Limited,1,hestiacare.co.uk
Hestia Healthcare Properties Limited,1,kingsleyhealthcare.co.uk
Hestia Housing and Support,1,hestia.org
Heswall Care Limited,1,thehazelwell.com
Hetherington Group Practice,1,pavilionmedicalcentre.co.uk
Hever Care Limited,1,hevercare.co.uk
Hevercourt Limited,1,hevercourt.co.uk
Hewitt-Hill Limited,1,ashleycaregroup.com
Hexpress Healthcare Limited,1,hexpresshealthcare.com
Hey Baby 4D Limited,1,heybaby4d.co.uk
Hey Baby 4D South East Group Limited,1,colchester.heybaby4d.co.uk
Hey Baby 4D South Yorkshire Limited,1,heybaby4d.co.uk
Heydayscareandsupportservices Limited,1,heydayscare.co.uk
Hiba Home Care Ltd,1,hibahomecare.com
Hibiscus Housing Association Ltd,1,hibiscus-housing.co.uk
Hickam Healthcare Ltd,1,hickamhealthcare.co.uk
High Barnet Dental Care,1,hbdentalcare.uk
High Healthcare Limited,1,highhealthcare.co.uk
High Street Surgery,1,highstreetsurgerylowestoft.nhs.net
High Town Dental Practice Limited,1,htdp.co.uk
High View Care Services Limited,1,highviewcare.co.uk
Highbury Nursing Home Ltd,1,highburynursinghome.co.uk
Highcroft Surgery,1,highcroftsurgery.co.uk
Highfield Surgery,1,manorparkmedicalpractice.co.uk
Highgate Care Services (2025) Ltd,1,highgatecare.co.uk
Highgate Care Services (Yorkshire) LTD,1,burlingtoncare.com
Highgate Care Services Ltd,1,highgatecare.co.uk
Highlands Surgery,1,highlandsurgery.nhs.uk
Hightown Housing Association Limited,1,hightownha.org.uk
Highwood Care Limited,1,highwoodcare.co.uk
Hill Care 1 Limited,1,hillcare.net
Hill Care 3 Limited,1,hillcare.net
Hill Care Limited,1,hillcare.net
Hill House Nursing Home Limited,1,hillhousecare.co.uk
Hillfoot Health,1,huntscrosshc.nhs.uk
Hillgay Ltd,1,hilgaycare.co.uk
Hills Independent Homecare Service,1,hihscare.co.uk
Hillsborough Residential Home Limited,1,hillsboroughresidentialhome.com
Hillside Care Limited,1,aokcareltd.com
Hillview Family Practice,1,hillviewfamilypractice.nhs.uk
Hinds Care and Support Services Limited,1,hindscare.co.uk
Hippo Care Limited,1,hippo-care.com
Histogrange Ltd,1,clifdenhouse.co.uk
Hitchin Orthodontic Clinic Limited,1,orthocliniquehitchin.co.uk
Hoama (Staplehurst) Ltd,1,idenmanor.co.uk
Hobs Moat Medical Centre,1,hobsmoatmedicalcentre.co.uk
Hoddesdon Dental Surgery Ltd,1,hoddesdondental.com
Hoghton Street Dental Care Limited,1,hoghtonstreetdentalpractice.co.uk
Holbeach & East Elloe Hospital Trust,1,holbeach-hospital.org.uk
Holderness Health,1,holdernesshealth.nhs.uk
Holes Lane Medical Limited,1,holeslanesurgery.co.uk
Holistic Care U K Ltd,1,holisticcare-uk.co.uk
Holistic Community Care Limited,1,carebyholistic.com
Holistic Quality Care Ltd,1,holisticqualitycare.com
Holly Rise Consultants Ltd,1,bluebirdcare.co.uk
Hollybank House (Derby) Ltd,1,onlycareltd.com
Hollybank Trust,1,hollybanktrust.com
Hollyns Health and Wellbeing,1,mayfieldmedicalcentre.com
Hollywood Medical Practice,1,hollywoodmedicalpractice.co.uk
Holm Lodge,1,holmlodgeringmer.co.uk
Holmhurst Care Homes Limited,1,holmhurstcare.com
Holmleigh (Pirton) Limited,1,europeancare.co.uk
Holmwood Residential Care Limited,1,pearlcare.co.uk
Holyhead Primary Healthcare Centre,1,holyheadprimaryhealthcarecentre.co.uk
Home Comfort Healthcare Ltd,1,homecomforthc.co.uk
Home Counties Carers Limited,1,homecountiescarers.co.uk
Home Group Limited,1,homegroup.org.uk
Home Healthcare Ltd,1,homehealthcareltd.com
Home from Home Care Limited,1,homefromhomecare.com
HomeLink Healthcare Limited,1,homelinkhealthcare.co.uk
Homebeech Limited,1,saffronlandhomes.com
Homecare Direct Limited,1,homecaredirect.co.uk
Homecarers Care Services Limited,1,home-carers.co.uk
Homecaring Angels Ltd,1,homecaringangels.co.uk
Homedotcare Limited,1,homedotcare.com
Homely Health Care Ltd,1,homelyhealth.uk
Homerton Healthcare NHS Foundation Trust,1,homerton.nhs.uk
Homes 2 Inspire Limited,1,homes2inspire.co.uk
Homes Of Rest For Old People Also Known As Radcliffe Manor House,1,radcliffemanorhouse.co.uk
HomesCare Ltd,1,homescare.co.uk
Homesdale Supported Living Ltd,1,homesdalesupportedliving.com
Hometrust Care Limited,1,hometrustcare.co.uk
Honest Care Group Ltd,1,lyleshouseresidential.co.uk
Honest Senior Care Limited,1,honest-senior-care.co.uk
Honey Crown Bee Limited,1,honeycrownbee.co.uk
Honeybourne House Ltd,1,alliedcare.co.uk
Honeysuckle Home Care Limited,1,honeysucklehomecare.co.uk
Honour Health Partnership,1,honourhealth.co.uk
Hope Care Agency Ltd,1,hopecareagency.co.uk
Hope Care Service Agency Ltd,1,hopecareserviceagency.co.uk
Hope Care Support Limited,1,hopecaresupport.co.uk
Hope Homecare Services Limited,1,hopehomecare.co.uk
Hope House Surgery,1,hopehousesurgery.nhs.uk
Hope's Special Care Limited,1,hopesspecialcarelimited.co.uk
Hopkinson Dental Care Limited,1,hopkinsondental.co.uk
Horbury Dental Care Limited,1,horburydentalcare.co.uk
Horizon Healthcare,1,horizonhealthcare.nhs.uk
Horizon Healthcare Homes Limited,1,horizoncareservices.co.uk
Horizon Homecare (Southern) Ltd,1,horizonhomecare.co.uk
Horizons Care Limited,1,horizonscare.co.uk
Horizonz Care Ltd,1,horizonzcare.com
Hornchurch Healthcare,1,hornchurchhealthcare.co.uk
Horsefair Practice,1,sandylanesurgery.org.uk
Horsmans Place Partnership,1,horsmansplacepartnership.co.uk
Hospice at Home West Cumbria,1,hospiceathomewestcumbria.org.uk
Hospice of the Good Shepherd Ltd,1,hospiceofthegoodshepherd.com
Hospiscare,1,hospiscare.co.uk
Hounslow Medical Centre,1,hmchealthfeltham.co.uk
House Of Caring Ltd,1,houseofcaring.co.uk
House of Dental,1,houseofdental.co.uk
House of Dental Limited,1,houseofdental.co.uk
Housing 21,1,housing21.org.uk
Housing And Support Solutions Limited,1,edenfutures.org
Housman Care Ltd,1,housmancare.co.uk
Huddersfield University Health Centre Limited,1,universityhealthhuddersfield.co.uk
Hull Family Practice,1,easthullfamilypractice.nhs.uk
Hull University Teaching Hospitals NHS Trust,1,hey.nhs.uk
Hum2n Ltd,1,hum2n.com
Humanicare Limited,1,humanicare.co.uk
Humber Teaching NHS Foundation Trust,1,humber.nhs.uk
Humbercare Limited,1,humbercare.org.uk
Humbleyard Practice,1,humbleyardpractice.co.uk
Humshaugh and Wark Medical Group,1,humshaughandwarkmedicalgroup.co.uk
Hungerford Surgery,1,hungerfordsurgery.co.uk
Hunters Moor 929,1,activecaregroup.co.uk
Hunters Moor Residential Services Limited,1,activecaregroup.co.uk
Huntingdon Road Surgery,1,huntingdonroadsurgery.co.uk
Hurst Park Dental Practice Limited,1,hurstparkdental.co.uk
Hutton Village Dental Practice Limited,1,coramgreendental.co.uk
Hyde Crook Nursing Home Limited,1,hydecrook.com
Hyde Lea Nursing Homes Limited,1,manorhousestafford.co.uk
Hydefall Limited,1,suttoncourtcarecentre.co.uk
Hylton Grange Health Care Limited,1,exemplarhc.com
I.V Care Ltd,1,goodoakshomecare.co.uk
IAC Chelsea Limited,1,lovedayandco.com
IB4U LTD,1,invisiblebraces4u.co.uk
ICare Solutions Manchester Limited,1,icare-solutions.co.uk
ID Medical Group Limited,1,id-medical.com
IDH 363 Limited,1,mydentist.co.uk
IDH 403 Ltd,1,mydentist.co.uk
IDH 418 Ltd,1,mydentist.co.uk
IDH 622 Limited,1,mydentist.co.uk
IDH Limited,1,mydentist.co.uk
IQ Homecare Ltd,1,kareplus.co.uk
IQVIA IES UK Limited,1,iqvia.com
ISSA Medical Centre - Dr Z H Patel,1,issamedicalcentre.co.uk
IVYBRIDGE HOME CARE LIMITED,1,homeinstead.co.uk
Ibbott&Co,1,ibbottandco.co.uk
Ideal Carehomes (2) Limited,1,idealcarehomes.co.uk
Ideal Carehomes (5) Limited,1,idealcarehomes.co.uk
Ideal Carehomes (Number One) Limited,1,idealcarehomes.co.uk
Ideal Carehomes Limited,1,idealcarehomes.co.uk
Idos Health and Wellbeing CIC,1,idoshealth.co.uk
Ifield Medical Practice,1,ifieldmedicalpractice.co.uk
Ikon Ambulance Services Ltd,1,ikonambulance.co.uk
Illuminate Skin Clinics Ltd,1,illuminateskinclinic.co.uk
Ilminster And District (Opw) Housing Society Limited,1,vaughanleehouse.co.uk
Image Dental Clinic Ltd,1,imagedentalclinic.co.uk
Image Diagnostic Technology Limited,1,idtscans.com
Imagine Act And Succeed,1,imagineactandsucceed.co.uk
Immaculate Care Limited,1,immaculatecare.co.uk
Immaculate Healthcare Services Limited,1,immaculatecare.org.uk
Immediate Care Medical Services Limited,1,immediatecaremedical.co.uk
Immediate Medical Solutions Ltd,1,ims-nhs.co.uk
Imperial Care UK Ltd,1,hollylodgecare.co.uk
Imperial College Dental Surgery,1,imperialcollegedental.co.uk
Imperial College Healthcare NHS Trust,1,imperial.nhs.uk
Impressions Care Solutions Limited,1,impressionscare.co.uk
In Chorus Limited,1,inchorus.co.uk
In Home Care Limited,1,in-homecare.co.uk
Include 'In' Autism community interest company,1,includeinautism.org.uk
Inclusion Healthcare Social Enterprise CIC,1,inclusionhealthcare.co.uk
Independant Community Support Limited,1,icsl.org.uk
Independence For Life Limited,1,independenceforlife.co.uk
Independence Homes Limited,1,activecaregroup.co.uk
Independence Matters C.I.C.,1,independencematters.org.uk
Independence Support Ltd,1,isl-org.uk
Independence with Dignity Support Services Ltd,1,independencewithdignity.com
Independent Care & Support Ltd,1,independent-care.co.uk
Independent Clinical Services Limited,1,thornburycommunityservices.co.uk
Independent Community Care Management Limited,1,iccmcares.co.uk
Independent Lifestyles Support Services LLP,1,independentlifestyles.co.uk
Independent Living Caring For You At Home Ltd,1,independentliving-care.co.uk
Independent People Homecare Limited,1,iphomecare.co.uk
Independent Support & Care Ltd,1,independentsupportcare.co.uk
Independent Supported Living and Disabilities Ltd,1,estocare.com
Indiana Health Care Services Limited,1,indianahealthcare.co.uk
Indigo Care Services (2) Limited,1,orchardcarehomes.com
Indigo Care Services Limited,1,orchardcarehomes.com
Infinite Healthcare Services Ltd,1,infinitehealthcareservices.co.uk
Ingleton Avenue Surgery,1,ingletonavenuesurgery.co.uk
Inglewood House Dental Practice,1,inglewood-house.co.uk
Inglewood Nursing Homes Limited,1,inglewoodcare.co.uk
Innersense Aesthetics Limited,1,innersense-aesthetics.com
Innomary Limited,1,innomary.com
Innovate Complex Care Services Ltd,1,innovatecare.co.uk
Innovate Health Group Limited,1,innovatediagnostics.co.uk
Innovations in Care Ltd,1,innovationsincareltd.co.uk
Innovative Start Limited,1,innovativestart.co.uk
Inshore Support Limited,1,inshoresupportltd.co.uk
Insight Specialist Behavioural Service Ltd,1,insightbehaviouralservice.co.uk
Inspirations Residential Care Home Ltd,1,inspirationscarehome.co.uk
Inspire Dental Southall Limited,1,inspiredentalsouthall.co.uk
Inspire Healthcare Group,1,inspire-healthcare.co.uk
Inspire Medical Centre,1,inspiremedicalcentre.co.uk
Inspire Neurocare (Farnborough) Limited,1,hamberleyneurocare.co.uk
Inspire Neurocare Limited,1,inspireneurocare.co.uk
Inspire North,1,inspirenorth.co.uk
Inspire Together Ltd,1,inspire-together.com
Inspired Life Care Limited,1,inspiredlifecare.co.uk
Instant Security Limited,1,instanthomecare.co.uk
Integra Care Homes Limited,1,lifeways.co.uk
Integral Care Solutions Limited,1,integralcare.co.uk
Integrated Care 24,1,hmxihc.co.uk
Interface Specialist Care LTD,1,interfaceclinic.co.uk
Interhaze Limited,1,interhaze.co.uk
International Care Limited,1,internationalcareservices.co.uk
International Dental Centre London,1,smileclinic-idcl.co.uk
Invicta Care and Training Ltd,1,invictacare.co.uk
Invicta Health Community Interest Company,1,eastclifframsgate.nhs.net
Invictus Complex Care Ltd,1,invictuscomplexcare.com
Ipswich Road Surgery Limited,1,khangura.com
Iridium Medical Practice,1,iridiummedicalpractice.nhs.uk
Isand (Domiciliary Care) Limited,1,cygnethealth.co.uk
Isand Limited,1,cygnethealth.co.uk
Island City Practice,1,islandcitypractice.nhs.uk
Island Health Primary Care Ltd,1,islandhealth.nhs.uk
Island Healthcare Limited,1,islandhealthcare.co.uk
Isle of Wight NHS Trust,1,iow.nhs.uk
Islington GP Group Limited,1,barnsburymedicalpractice.nhs.uk
Ivy Cottage (Ackton) Ltd,1,ivycarehomes.com
Ivy Homecare Limited,1,ivyhomecare.co.uk
Ivybae Care Limited,1,ivybaecare.co.uk
J & S Sanghera Limited,1,mercianhouse.com
J C Care Limited,1,prioryadultcare.co.uk
J M Price Ltd,1,homeinstead.co.uk
J Parker (Care) Limited,1,alistrelodge.co.uk
J Sai Country Home Limited,1,durbanhouse.co.uk
J and L D Hayes Limited,1,shirecarehomes.co.uk
J&C Healthcare Ltd,1,jchealthcareltd.co.uk
J. Nissi Health Care and Medical Rehabilitation Ltd,1,regus.co.uk
J.C.Michael Groups Ltd,1,jcmichaelgroups.com
J.D.S.P. Dental Limited,1,treelinedental.co.uk
J.W.S. Services Limited,1,bluebirdcare.co.uk
J24 Resourcing Limited,1,j24resourcing.co.uk
JA Medical Services Southeast Ltd,1,ja-medical.co.uk
JAAN Services Limited,1,jaanservices.co.uk
JC99 Ltd,1,visiting-angels.co.uk
JK (Caring Carers) Limited,1,jkcaringcarers.com
JM Radiology LTD,1,jm-radiology.co.uk
JN Healthcare Group Limited,1,jnhg.co.uk
JP JUSTIN GEORGE LIMITED,1,tauntondentalandimplant.co.uk
JPRN Ltd,1,tcou.co.uk
JQ Dental Ltd,1,jqdental.com
JS Consult Ltd,1,jscareagency.com
Jackson Care,1,jackson-care.com
Jadee's Nursing Agency Limited,1,jadeesnursingagency.co.uk
Jah-Jireh Charity Homes,1,jah-jireh.org
Jai Arhi Limited,1,willowsdentistry.co.uk
Jaika Healthcare Limited,1,compassionatecaretamworth.co.uk
Jajawi & Asker Ltd,1,nwcounsellinghub.co.uk
James Hopkins Trust,1,jameshopkinstrust.org.uk
James Paget University Hospitals NHS Foundation Trust,1,jpaget.nhs.uk
James Wigg Group Practice,1,jameswigg.co.uk
"Jandu, Bhambra and Payne",1,worcesterstreetdentalpractice.co.uk
Janith Homes Limited,1,janithhomes.org
Jankan Enterprise Limited,1,jankancare.co.uk
Japan Green Medical Centre Limited,1,japan-green.com
Jasmine Healthcare Limited,1,nightingale-carehome.co.uk
Jayaharan Medical Services Ltd,1,angelsprivatehomecare.co.uk
Jaymar Ltd,1,dentalclinicportishead.co.uk
Jayne Withinshaw LTD,1,pulborough.dental
Jaysh Care Services Limited,1,jayshcare.co.uk
Jaytee Care Limited,1,jayteecare.co.uk
Jenner Healthcare,1,jennerhealthcare.co.uk
Jennifer M Whittall Ltd,1,jmw-ltd.co.uk
Jessamy Staffing Solutions Limited,1,jessamyplatinumhomecare.co.uk
Jewel Home Support Ltd,1,jewelhomesupport.co.uk
Jigsaw Creative Care Limited,1,jigsawcreativecare.co.uk
Jigsaw Homecare Ltd,1,jigsawhomecare.co.uk
Joanna Gallop Ltd,1,ubdc.co.uk
Job's Close Residential Home For The Elderly,1,jobsclose.org.uk
John Clive Industries Ltd,1,dentalopulence.co.uk
John G. Plummer & Associates,1,plummers.co.uk
Johnston Care Limited,1,prioryadultcare.co.uk
Josben Care Services Limited,1,josbencare.co.uk
Joseph Rowntree Housing Trust,1,jrht.org.uk
Josh's Care Company Ltd,1,joshscare.co.uk
Jothno Care and Support Ltd,1,jothnocare.co.uk
Joy Care Service Limited,1,nightingalescarehome.net
Jubilee Court Care Ltd,1,jubileecourt.com
Jubilee Health Centre,1,coventrygp.com
Jubilee Park Medical Partnership,1,parkhousemedicalcentre.com
Jubilee and Torcross Dental Partnership,1,parvisdental.co.uk
Julee Care Limited,1,juleecare.co.uk
Julia's House Limited,1,juliashouse.org
July VII Limited,1,wykenhurstcarehome.com
Jump 2 Independence Limited,1,jump2independence.co.uk
June Bowers Ltd,1,bluebirdcare.co.uk
Just Ask Care and Support Community Interest Company,1,justaskcare.org
Just a Little Company (Care and Support at Home) Ltd,1,justalittlecompany.uk
Justintime Healthcare Services Limited,1,jithealthcare.co.uk
Juventa 4 Care Ltd,1,juventa4care.co.uk
K Borska Ltd,1,riverviewtotnes.co.uk
K Jones and R Brown,1,avalon-care.co.uk
K P Live In Services Limited,1,kpliveinservices.co.uk
K and S Solutions Ltd,1,ruby24hrcare.co.uk
K&P Home Care Ltd,1,rightathomeuk.co.uk
K&R Care Limited,1,krcare.co.uk
K.C. Carers Limited,1,kccarers.co.uk
K.N. Care Limited,1,caremark.co.uk
K2 Dental,1,k2dental.co.uk
KCC Care Limited,1,bluebirdcare.co.uk
KEMFA SERVICES LIMITED,1,kemfaservices.co.uk
KEPA Care Solutions Limited,1,kepacare.co.uk
KIMS Hospital Limited,1,kims.org.uk
KMX Care Limited,1,kmxnursingagency.co.uk
KPW Newkey Ltd,1,newkey.org.uk
KS Care Ltd,1,kscare.co.uk
KYN Bickley Ltd,1,kyn.co.uk
Kaamil Education Ltd,1,daryelcare.co.uk
Kailash Manor Limited,1,kailashmanor.co.uk
Kalisetty Dental Limited,1,thepearldental.com
Kapital Care (UK) Limited,1,kapitalcare.co.uk
Kaplan Care Limited,1,kaplancare.org
Kare 4 you Surrey Ltd,1,kare4you.co.uk
Kargini Care Services Limited,1,grasmere-worthing.co.uk
Karing Hands Ltd,1,karinghands.org.uk
Kashyapa Dental Limited,1,cherrytreesdental.com
Kat & Co Healthcare Limited,1,cckat.com
Kate's Home Nursing,1,kateshomenursing.org
Katherine Scully,1,rochdaleearcareclinic.co.uk
Katie Ellison Limited,1,hellobaby4dscan.co.uk
Kazlum Support Ltd,1,kazlum.com
Keech Hospice Care,1,keech.org.uk
Keelex 176 Limited,1,swallowcourt.com
Keighley Care Company Ltd,1,keighleycarecompanyltd.co.uk
Kelly Healthcare Services Limited,1,kellyhealthcare.co.uk
Kelvingrove Medical Centre,1,kelvingrovemc.com
Kendalcourt Limited,1,homeparkcarehome.co.uk
Kenilworth Manor Limited,1,kenilworthmanor.co.uk
Kenley Care Services Limited,1,cinnamoncc.com
Kensa Health Home Care Ltd,1,stellacaredevon.co.uk
Kent Domiciliary Care Limited,1,avelocare.co.uk
Kent House (Select) Limited,1,selecthealthcaregroup.com
Kent Old People's Housing Society Limited,1,bradstowelodge.org.uk
Kent and Medway Mental Health NHS Trust,1,kmpt.nhs.uk
Kernow Health CIC,1,kernowhealthcic.org.uk
Kettering General Hospital NHS Foundation Trust,1,kgh.nhs.uk
Kettlewell House and Operations Limited,1,kettlewellhouse.co.uk
Kettonby Care Limited,1,kettonbycare.co.uk
Kevin Ellis,1,glenhurstmanor.co.uk
Key 2 Care Limited,1,derbyshirecare.co.uk
Keychange Charity,1,keychangecare.org.uk
Keys Hill Park Limited,1,keyshillpark.co.uk
Khalique Medical Practice Limited,1,drsophiakhalique.com
Kibo Hospital Services Limited,1,pinerehabilitationunit.co.uk
Kilkee Lodge Care Home Limited,1,kilkeelodge.com
Killamarsh Medical Practice,1,killamarshmedicalpractice.co.uk
Kilmar House,1,kilmarhouse.co.uk
Kimarchie Health & Social Care Ltd,1,kimarchiehealthcare.co.uk
Kimbolton Medical Centre,1,kimboltonmedicalcentre.nhs.uk
Kincora Doctors Surgery,1,kincoradoctorsurgery.com
Kind Hearts Care & Support Limited,1,kindheartscare.org
Kind2U Living Limited,1,kind2uliving.co.uk
Kinder Home Care Services Ltd,1,kinderhomecareuk.com
Kindered Hearts Limited,1,kinderedhearts.co.uk
Kindred Community Ltd,1,kindredcommunity.co.uk
King Cross Practice,1,kingcrosssurgery.co.uk
King Edward VII's Hospital Sister Agnes,1,kingedwardvii.co.uk
King Homecare LTD,1,kinghomecare.co.uk
King Street Dental Practice,1,ellisonandgriffiths.co.uk
King Street Medical Centre,1,drbellosurgery.nhs.uk
King's College Hospital NHS Foundation Trust,1,kch.nhs.uk
King's Road Dental Practice Ltd,1,kingsroaddentalpractice.co.uk
Kingfisher Home Care Ltd,1,kingfisherhomecare.uk
Kingly Care Partnership Limited,1,activecaregroup.co.uk
Kingsbury Court Surgery,1,kingsburycourtsurgery.nhs.uk
Kingsend Dental Health Centre,1,kingsenddental.co.uk
Kingskerswell and Ipplepen Medical Practice,1,kkipp.gpsurgery.net
Kingsley Buckingham Lodge Limited,1,kingsleyhealthcare.co.uk
Kingsley Care Homes Limited,1,kingsleyhealthcare.co.uk
Kingsley Healthcare (Birmingham) Limited,1,kingsleyhealthcare.co.uk
Kingston and Richmond NHS Foundation Trust,1,kingstonhospital.nhs.uk
Kingstone Surgery,1,kingstonesurgery.co.uk
Kingsway Surgery,1,kingswaysurgery.co.uk
Kingswood Care Services Limited,1,kingswoodcare.co.uk
Kingswood Surgery,1,kingswooddoctors.co.uk
Kington Medical Practice Partnership,1,kingtonmedicalpractice.co.uk
Kinshuck Family Dentistry Limited,1,famdentistry.co.uk
Kintail Care Ltd,1,rightathome.co.uk
Kippax Hall Surgery,1,kippaxhallsurgery.co.uk
Kirby Road Surgery,1,kirbyroadsurgery.co.uk
Kirklands Healthcare Limited,1,kirklandscaregroup.co.uk
Kirklees Metropolitan Council,1,kirklees.gov.uk
Kirkwood Hospice,1,kirkwoodhospice.co.uk
Kisimul Group Limited,1,kisimul.co.uk
Klass Care Limited,1,klasscare.com
Klearwater Adults Services Limited,1,kwas.co.uk
Kleibercare Limited,1,glenholmedental.co.uk
Knightingles Healthcare Limited,1,knightingleshealthcare.com
Knights Care (3) Limited,1,fbccarehomes.com
Knights Care Limited,1,knightscare.co.uk
Knightwick Surgery,1,knightwicksurgery.co.uk
Knowle Care Home Limited,1,theknowlecarehome.co.uk
Knowle Court Limited,1,knowlecourt.co.uk
Knowles Care Home Limited,1,adeptcarehomes.co.uk
Kolade Orungbemi and Yetunde Orungbemi,1,globedentalpractice.com
Kope-Medics Ltd,1,kope-medics.com
Kore Associates Limited,1,bluebirdcare.co.uk
Kreate Dental Rugby,1,kreatedental.co.uk
Krinvest Limited,1,maplerehabilitationunit.com
Krishan (Yorkshire) Limited,1,hesslewoodlodge.com
Kulan Care Ltd,1,kulancare.uk
Kulera Care Ltd,1,kuleracare.co.uk
Kumari Care Limited,1,kumaricare.com
Kwikfix Recruitment Services Limited,1,kwikcareservices.com
Kynance Practice,1,kynancepractice.nhs.uk
L A Strachan LTD,1,drlinea.co.uk
L M Sheridan Limited,1,abacushomecare.net
L&N Services Limited,1,bluebirdcare.co.uk
L'Arche,1,larche.org.uk
LAC Northampton Limited,1,lacnorthampton.co.uk
LAM Services Limited,1,lamservices.co.uk
LCE Dental Limited,1,churchstreetclinic.com
LCIAD Limited,1,lciad.co.uk
LDC Care Company Ltd,1,ldcdover.co.uk
LDMC Limited,1,londondentalcentre.org.uk
LEAF Complex Care Limited,1,leafcare.co.uk
LEH Ltd,1,mkdentalspa.co.uk
LHMC Services Limited,1,linghousemedicalcentre.nhs.uk
LME Investments Limited,1,caremark.co.uk
LQS Healthcare Services Ltd,1,lqshealthcareservices.co.uk
LV Care Limited,1,caremark.co.uk
La Vita Nova Limited,1,lavitanova.co.uk
Laburnum House (Shaw) Limited,1,bloomcare.co.uk
Lacaz Bhurrut Ltd,1,gacarers.co.uk
Lady Forester Hospital Trust,1,theladyforestercentre.org.uk
Lakeside Aylesbury Limited,1,lakesidewatermead.co.uk
Lakeside Healthcare Partnership,1,stamfordsurgery.co.uk
Lakeside Medical Practice,1,lakesidegpsthamesmead.co.uk
Lakeview Health Care Limited,1,exemplarhc.com
Lambeth Elfrida Rathbone Society,1,rathbonesociety.org.uk
Lancashire & South Cumbria NHS Foundation Trust,1,lscft.nhs.uk
Lancashire Ambulance Service C.I.C.,1,lancashireambulance.org
Lancashire County Council,1,lancashire.gov.uk
Lancashire Dental Partners,1,lancashiredental.co.uk
Landmark Care Homes Limited,1,crannmor.co.uk
Lane Ends Aesthetic and Implant Centre Ltd,1,laneendsdental.co.uk
Lane Ends Surgery,1,laneendssurgery.co.uk
Langdale House Limited,1,langdalecarehomes.co.uk
Langdale Lodge Limited,1,langdalecarehomes.co.uk
Langford Clinic Limited,1,bramleyhealth.co.uk
Langford Park Ltd,1,langfordpark.co.uk
Langley Haven Care Home Ltd,1,langleyhaven-dementiacarehome.co.uk
Langley House Care Home Ltd,1,langleyhousecarehome.co.uk
Langley House Trust,1,langleyhousetrust.org
Langman and Associates Dental Practice,1,langmansdental.co.uk
Langport Surgery,1,langportsurgery.co.uk
Laniwyn Care Services,1,laniwynservices.com
Lansdowne Care Services Limited,1,lansdownecare.com
Lansdowne Hill Care Home Limited,1,agincare.com
Lansdowne Road Limited,1,prioryadultcare.co.uk
Lansglade Homes Limited,1,lansgladehomes.co.uk
Lapal Medical Practice,1,lapalmedicalpractice.co.uk
Larksfield Surgery Medical Partnership,1,larksfieldsurgery.gpsurgery.net
Larkside Practice,1,larksidepractice.co.uk
Lasercare Clinics (Harrogate) Limited,1,sknclinics.co.uk
Later Years Care Limited,1,orchardhousecare.co.uk
Launceston Close Surgery,1,launcestonclosesurgery.nhs.uk
Launceston Medical Centre,1,launcestonmedicalcentre.com
Laura Garner Ltd,1,highcroftaesthetics.com
Lauriem Complete Care Limited,1,lauriem.co.uk
Lavender Fields Care Village Limited,1,lavenderfieldscarevillage.co.uk
Lawns Medical Practice,1,lawnsgp.com
Lawrence Hill Health Centre,1,lawrencehillhealthcentre.co.uk
Lawrence Home Nursing Team limited,1,lawrencehomenursing.org
Lawson Road Surgery,1,lawsonroadsurgery.co.uk
Lawton Group Limited,1,brighterkind.com
Leabrook House Limited,1,leabrookhousenursinghome.co.uk
Leaf Care Services Ltd,1,leafcareservices.co.uk
Lean On Me Care Services Limited,1,leanonme.me
Ledbury Dental Care Ltd,1,ledburydentalcare.co.uk
Lee Valley Care Services Ltd,1,leevalleycare.com
Leeds Jewish Welfare Board,1,ljwb.co.uk
Leeds and York Partnership NHS Foundation Trust,1,leedsandyorkpft.nhs.uk
Legacy Private Limited,1,theplacecare.com
Leicester Medicare Ltd,1,melbournecommunityhealthcentre.co.uk
Leicester Smile Clinic Limited,1,dentoraldentalpractice.co.uk
Leicester Terrace Health Care Centre,1,leicesterterrace.co.uk
Leicestershire & Rutland Organisation for the Relief of Suffering Limited,1,loros.co.uk
Leicestershire Consultant Eye Surgeons LLP,1,thestoneygateeyehospital.co.uk
Leicestershire County Council,1,leics.gov.uk
Leicestershire Partnership NHS Trust,1,leicspart.nhs.uk
Leonard Cheshire Disability,1,leonardcheshire.org
Lester Hall Apartments Limited,1,lesterhallapartments.co.uk
Lewis-Manning Hospice Care,1,lewis-manning.co.uk
Lewisham and Greenwich NHS Trust,1,lewishamandgreenwich.nhs.uk
Leys Consultants Limited,1,leysconsultants.co.uk
Leyton House Community Care Ltd,1,lhccgroup.co.uk
Liaise (London) Limited,1,sequencecaregroup.co.uk
Liaise (South East) Limited,1,progresshousing.com
Liberty House Clinic Limited,1,libertyhouseclinic.co.uk
Liberty Private Care Ltd,1,libertyprivatecare.co.uk
Liberty Support Services Limited,1,libertysupportservices.co.uk
Library House Surgery,1,libraryhousesurgery.com
Lichfield Grove Surgery,1,lichfieldgrovesurgery.nhs.uk
Life Care Plus Limited,1,lifecareplusltd.co.uk
Life and Care Solutions Limited,1,rightathome.co.uk
Life4Ever H.C.S. Ltd,1,life-4-evercare.com
Lifecome Care Limited,1,lifecomecare.co.uk
Lifeline Agency Limited,1,lifelinehcare.com
Lifestyle Care (North East) Opco Limited,1,lifestyle-care.co.uk
Lifestyle Dental and Implant Clinic Limited,1,lifestyledental.co.uk
Lifetimecare Uk Ltd,1,mewsbrookhouse.org.uk
Lifetree Homecare Ltd,1,lifetreecare.co.uk
Lifeways Community Care Limited,1,lifeways.co.uk
Lifeworks Charity Limited,1,lifeworks-uk.org
Light Health Care Ltd,1,lighthealthcare.co.uk
Lighthouse Dental Practice Limited,1,lighthousedental.uk
Lighthouse Group Practice,1,southseamedicalcentre.co.uk
Lighthouse Professional Care Limited,1,lighthousecare.co.uk
Lightwood Dental Care Ltd,1,lightwooddental.co.uk
Like Care Limited,1,likecare.co.uk
Lilian Faithfull Care,1,lilianfaithfull.co.uk
Lillibet Healthcare2 Limited,1,belgraviacarehome.co.uk
Lillie-Rose Home Care Limited,1,lillierosehomecare.co.uk
Lily Care Ltd,1,lilycare.com
Lily Healthcare Limited,1,lilyhealthcare.co.uk
Lim Independent Living & Community Care Services Ltd,1,limilccs.co.uk
Lima Homecare Limited,1,limahomecare.com
Limbrick Wood Surgery,1,limbrickwoodsurgery.co.uk
Limitless Healthcare Services Ltd,1,limitlesshealthcare.net
Lincoln Healthcare Group Limited,1,guardianhcn.com
Lincoln Smile Centre Limited,1,lincolnsmilecentre.co.uk
Lincolnshire Community Health Services NHS Trust,1,lincolnshirecommunityhealthservices.nhs.uk
Lincolnshire Partnership NHS Foundation Trust,1,lpft.nhs.uk
Lincs Care Homes Limited,1,thevalleys.lincscarehomes.co.uk
Linday Multi Services Limited,1,lindaymedicareservices.com
Linden House Residential Home Ltd,1,lindenhousecarehome.co.uk
Linden Medical Group,1,lindenmedical.co.uk
Lindley Village Surgery Ltd,1,lindleyvillagesurgery.nhs.uk
Lindsey Lodge Limited,1,lindseylodgehospice.org.uk
Lingfield Surgery,1,lingfieldsurgery.nhs.uk
Link Care Solutions Limited,1,linkcaresolutions.com
Link Medical Staffing Solutions Ltd,1,lmss.uk.com
Linkage Community Trust,1,linkage.org.uk
Linkfield Court (Bournemouth) Limited,1,linkfieldcourt.co.uk
Linthorpe Surgery,1,linthorpesurgery.com
Liral Veget Training and Recruitment Limited,1,liralveget.co.uk
Liscard Group Practice,1,liscardgrouppracticewirral.nhs.uk
Lisson Grove and Woolwell Medical Centres,1,lissongroveandwoolwellmc.co.uk
Lister House Surgery,1,listerhouse.nhs.uk
Lister Medical Centre,1,listermedicalcentre.com
Little Brook House Ltd,1,littlebrookhouse.co.uk
Little Park Surgery,1,littleparksurgery.co.uk
Little Sisters of the Poor,1,littlesistersofthepoor.co.uk
Littleton Holdings Limited,1,mayfieldhousecarehomes.co.uk
Livability,1,livability.org.uk
Live Well Care Ltd,1,homeinstead.co.uk
Live in Care Ltd,1,livein.care
Liverpool Skin Clinic Limited,1,theskinandhairclinic.co.uk
Liverpool Women's NHS Foundation Trust,1,cqc.org.uk
Liverpool Zoe’s Place,1,zoes-place.org.uk
Living Ambitions Limited,1,livingambitions.co.uk
Living Glory Social Care Ltd,1,livingglorycare.co.uk
Living Horizon Ltd,1,livinghorizon.co.uk
Living Support 4 U LTD,1,livingsupport4u.co.uk
Livingstone Health Care Limited,1,livingstonehealthcare.co.uk
Livingstone House Mother of the Harvest Ministries Ltd,1,livingstonehouseuk.org
Llayett Limited,1,goodneighbourcare.co.uk
Lloyds Care Group Ltd,1,lloydscaregroup.com
Llyon Health Ltd,1,llyonhealth.com
Local Care Direct Limited,1,localcaredirect.org
Loddon Vale Practice,1,loddonvale.com
Lodge Surgery,1,lodgesurgery.co.uk
Logic Care Solutions Limited,1,logiccaresolutions.co.uk
Logos Heart Care Ltd,1,logosheartcare.co.uk
London & West Investments Limited,1,carebase.org.uk
London Aesthetic Medicine Ltd,1,london-aesthetic-medicine.com
London And Manchester Healthcare (Romiley) Ltd,1,lmhealthcare.co.uk
London Borough of Camden,1,camden.gov.uk
London Borough of Ealing,1,ealing.gov.uk
London Borough of Greenwich,1,greenwich.gov.uk
London Borough of Hackney,1,hackney.gov.uk
London Borough of Hounslow,1,hounslow.gov.uk
London Borough of Lewisham,1,lewisham.gov.uk
London Borough of Merton,1,merton.gov.uk
London Borough of Redbridge,1,redbridge.gov.uk
London Borough of Sutton,1,sutton.gov.uk
London Borough of Waltham Forest,1,walthamforest.gov.uk
London Central & West Unscheduled Care Collaborative Limited,1,lcwucc.com
London City Skin Doctors Ltd,1,cityskindoctor.com
London Health and Aesthetics Limited,1,cavendishclinic.co.uk
London Medical Health Limited,1,lpa.london
London Neurology Clinic Limited,1,londonneurologyclinic.co.uk
London North West University Healthcare NHS Trust,1,lnwh.nhs.uk
London Paramount Care Ltd,1,londonparamountcare.com
London Smile Centres Ltd,1,royalarsenaldentists.com
London and Manchester Healthcare (Fulwood) Limited,1,lmhealthcare.co.uk
London and Manchester Healthcare (Rudheath) Ltd,1,lmhealthcare.co.uk
London and Manchester Healthcare Ltd,1,lmhealthcare.co.uk
Long Catlis Road Surgery,1,longcatlisroadsurgery.nhs.uk
Long Meadow (Ripon) Limited,1,longmeadownursing.co.uk
Long Stratton Medical Partnership,1,longstrattonsurgery.nhs.uk
Longevity Care Limited,1,longevitycare.co.uk
Longfield (Care Homes) Limited,1,blackburncarehomes.co.uk
Longfield Hospice Care,1,longfield.org.uk
Longton Medical Centre,1,longtonmedicalcentre.co.uk
Look Ahead Care and Support Limited,1,lookahead.org.uk
Look Natural Aesthetics,1,looknaturalaesthetics.co.uk
Lorena Cosmetics Holdings SPV Limited,1,sknclinics.co.uk
Lothlorien Community Limited,1,prioryadultcare.co.uk
Lotus Care 1 Limited,1,lotuscaregroup.com
Lotus Home Care Limited,1,lotushomecare.co.uk
Loughton Hall Ltd,1,loughtonhall.co.uk
Loughton Health Centre,1,loughtonhealthcentre.co.uk
Lovage Homecare Ltd,1,lovagehomecare.co.uk
Love 2 Care Homecare Services Ltd,1,welove2care.co.uk
Love In Care Limited,1,loveincare.co
Love to Care Devon Ltd,1,love2care.uk
Loveday at Home Limited,1,lovedayandco.com
Lovedean Homecare Limited,1,lovedeanhomecare.co.uk
Lovehands Care Services Ltd,1,lovehandscare.co.uk
Lovett Care Limited,1,lovettcare.co.uk
Lowedges Dental Care Limited,1,lowedgesdentalcare.com
Lower Gornal Medical Practice,1,lowergornalmedicalpractice.nhs.uk
Lucy Gray Limited,1,natashalucyclinics.com
Lumina Therapeutic Communities Ltd,1,fernbankcommunity.co.uk
Luminary Care Limited,1,luminarycare.co.uk
Lupset Health Centre,1,lupsetsurgery.co.uk
Luton Borough Council,1,luton.gov.uk
Lutterworth Country House Care Home Limited,1,prime-life.co.uk
Luv To Care Ltd,1,luvtocare.co.uk
LuxuryCare Eagles Mount Ltd,1,luxurycare.co.uk
Luxurycare Aranlaw House Limited,1,luxurycare.co.uk
Lyfem Home Care Services UK Ltd,1,lyfemhomecareservices.com
Lyme Regis Care Home Limited,1,farringtoncare.com
Lynden Hill Clinics Limited,1,lynden-hill-clinic.co.uk
Lytham Road Surgery,1,lythamroadsurgery.co.uk
M & B Practices Limited,1,parishdental.co.uk
M AND M (TUNBRIDGE WELLS) LIMITED,1,tunbridgewellsdentalcentre.co.uk
M C Care Solutions Ltd,1,mccaresolutions.co.uk
M C Dentistry Limited,1,mydentist.co.uk
M D Homes,1,mdhomes.co.uk
M Dunne and Miss C Dunne,1,kilcullenhomes.com
M J Siswick Limited,1,mjsiswick.co.uk
MACC Care Limited,1,macccare.com
MAPS Properties Limited,1,norfolkcarehomes.co.uk
MDLL Dental Limited,1,willowtreedental.co.uk
ME Smile Ltd,1,theydondentalsurgery.co.uk
MELM Care Solutions,1,melmcare.co.uk
MF Healthcare Limited,1,mfhealthcare.co.uk
MGB Care Services Limited,1,mgbcareservices.co.uk
MGB Direct Services Limited,1,drbodani.com
MHT Solutions Limited,1,bedfordorthodontics.co.uk
MJ CareCentre Limited,1,bluebirdcare.co.uk
MJ Home Care Staffing Limited,1,mjhomecare.com
MK Hospital@Home LTD,1,mkhospitalathome.co.uk
MKM13 Sewa Limited,1,wincare.net
MMCG (2) Limited,1,mmcgcarehomes.co.uk
MMCG (CCH) (2) Limited,1,mmcgcarehomes.co.uk
MNP Complete Care Limited,1,mnpcare.com
MP Dental Practice,1,mpdental.co.uk
MSI Reproductive Choices,1,mariestopes.org.uk
MZ CL Limited,1,drmaryamzamani.com
Mablethorpe Care Limited,1,bluebrickhealthcare.com
MacIntyre Care,1,macintyrecharity.org
Macc Care (Blythe Valley) Limited,1,macccare.com
Macc Care (Solihull) Limited,1,macccare.com
Macc Care (Watermead) Limited,1,macccare.com
Macdonald Care Limited,1,macdonaldcare.co.uk
Mace Homecare Service Ltd,1,macehs.co.uk
Mach Care Solutions Limited,1,machcare.co.uk
Mackley Home Care Limited,1,mackleyhomecare.co.uk
Macleod Pinsent Care Homes Ltd,1,mpch.co.uk
Maddaford Care Services Limited,1,lakesidecarehome.co.uk
Madeira Care Home Limited,1,advinia.co.uk
Madeprice Limited,1,springkellcare.co.uk
Mae Care Ltd,1,maecare.co.uk
Mae and Mitchell Bespoke Management Community Interest Company,1,mmbm.co.uk
Maesbrook Care Home Ltd,1,maesbrookcarehome.com
Magic Helping Hands Limited,1,magichelpinghands.co.uk
Magic Life Limited,1,magiclifeuk.com
Magnolia House Care Home Limited,1,magnolia-house-carehome.co.uk
Magnolia House Limited,1,parklanehealthcare.co.uk
Mahesh Kumar Patel and Moonis Iqbal,1,hilltondentistry.co.uk
Maia Rehabilitation Limited,1,maiatherapies.uk.com
Maidstone Dental Care Limited,1,southerndental.co.uk
Maidstone Practice Limited,1,identicsdentalcare.co.uk
Maidstone and Tunbridge Wells NHS Trust,1,mtw.nhs.uk
Maison Care Ltd,1,maisoncare.co.uk
Maison Moti Limited,1,maisonmoti.co.uk
Maisy Care at Home Ltd,1,maisycareathome.co.uk
Majestic Care Home Limited,1,watersidecarehome.co.uk
Majestic Healthcare Ltd,1,majestichealthcareltd.co.uk
Making Space,1,makingspace.co.uk
Maldon Road Surgery,1,maldonroadsurgery.nhs.uk
Malik & Waring Orthodontists Limited,1,manchesterorthodontics.co.uk
Mallard Medical Practice,1,mallardmedicalpractice.co.uk
Malling Health (UK) Limited,1,roysiasurgery.co.uk
Malpas House Dental Surgeons,1,malpashouse.co.uk
Malsis Hall Limited,1,echouk.net
Maltz Medical Centre Limited,1,harleystreetphysicians.co.uk
Malvern Health Centre,1,malvernhealthcentre.co.uk
Malvern Hills Dental Care,1,malvernhillsdentalcare.co.uk
Malvirt Limited,1,birchwoodcare.co.uk
Manchester City Council,1,mldp.org.uk
Manchester City Council - Adult Directorate,1,manchester.gov.uk
Manchester Prime Care Limited,1,manchesterprimecare.co.uk
Manchester Smile Clinic Limited,1,bramhallsmileclinic.co.uk
Manchester Surgical Services Limited,1,manchestersurgicalservices.co.uk
Manchester University NHS Foundation Trust,1,mft.nhs.uk
Manningtree Practice Limited,1,manningtreedentalpractice.co.uk
Manor Farm Medical Centre,1,swaffham-doctors.co.uk
Manor Homes (Poulton) Limited,1,cleveleysnursinghome.com
Manor House Dental,1,manorhousedental.co.uk
Manor Park Care Limited,1,manorparkcare.com
Manor Park Medical Centre,1,manorparkmedicalcentre.co.uk
Manor Surgery,1,manorsurgeyoxford.co.uk
Maple Health UK Limited,1,maplehealthukltd.co.uk
Maples Care Home (Bexleyheath) Limited,1,maplescarehome.co.uk
Maples Community Care Limited,1,themaplescommunity.co.uk
Marama Care PVT Ltd,1,maramacare.co.uk
Marazion Surgery,1,marazionsurgery.com
Marbec Healthcare Ltd,1,homeinstead.co.uk
Marble Arch Dental Centre Ltd,1,londonsmile.com
Marbrook Limited,1,marbrook.co.uk
Marches Care Limited,1,bondcare.co.uk
Marcus Care Homes Limited,1,enstonehousecarehome.co.uk
Marden Medical Practice,1,mardenpractice.gpsurgery.net
Margaret Rose Care Limited,1,warberriesnursinghome.com
Maria Mallaband 11 Limited,1,mmcgcarehomes.co.uk
Maria Mallaband 12 Limited,1,mmcgcarehomes.co.uk
Mariana Njie Limited,1,mandnhealthcare.com
Maricare Limited,1,beechhavencarehome.com
Marie Curie,1,mariecurie.org.uk
Marillac Neurological Care Centre,1,marillac.co.uk
Market Place Dentistry Ltd,1,marketplacedentistry.co.uk
Marlacourt Limited,1,oaklandsresthome.co.uk
Marloco Limited,1,alexandercaremorley.co.uk
Mars Cheshire Limited,1,caremark.co.uk
Marshgate Dental Practice Limited,1,marshgatedental.co.uk
Martha Trust,1,marthatrust.org.uk
Martha Trust Hereford Limited,1,marthatrusthereford.co.uk
Martins Lane Dental Partnership,1,martinslanedental.com
Martlane Limited,1,forestplacenursinghome.co.uk
Martlesham Heath Surgery,1,suffolkprimarycare.squarespace.com
Martonside Medical Centre,1,martonsidemedicalcentre.co.uk
Mary Ann Evans Hospice,1,maryannevans.org.uk
Marylebone Health Group Ltd,1,marylebonehealthgroup.com
Master Care Ltd,1,themastercare.com
Master Quality Healthcare Services Ltd,1,masterqualityhealthcare.co.uk
Match Senior Care Ltd,1,homeinstead.co.uk
Mather Avenue Surgery,1,matheravenuesurgery.nhs.uk
Mauricare (Rearsby) Ltd,1,mauricare.com
Mauricare Limited,1,mauricare.com
Maven Healthcare (Leicester) Limited,1,bondcare.co.uk
Maven Healthcare (North Court) LLP,1,fshc.co.uk
Mavern Care Limited,1,maverncare.co.uk
Mawney Road (DS) Limited,1,essexfamilydental.co.uk
Maxxicare Ltd,1,maxxicare.co.uk
May Residential Homes Limited,1,freshfieldsresidentialhome.co.uk
Mayfair Community Care Ltd,1,mayfaircommunitycare.org.uk
Mayfair Homecare Limited,1,mayfair-homecare.co.uk
Mayfair Practice Limited,1,mayfairpractice.com
Mayfield Medical Centre,1,mayfieldmedical.co.uk
Mayfield Surgery,1,mayfieldsurgery.nhs.uk
Mayflower Care Home (Northfleet) Limited,1,mayflower-carehome.co.uk
Mayflower Medical Centre,1,mayflowermedicalcentre.co.uk
McCance Ltd,1,enhanceorthodontics.co.uk
McNaha Limited,1,mcnahahealthservices.co.uk
Mcare24 Limited,1,mcare24.co.uk
Meadowbrook Surgery,1,meadowbrooksurgery.nhs.uk
Meadowgreen Health Centre,1,meadowgreenhealthcentre.co.uk
Measham Dental Limited,1,meashamdental.co.uk
Medacs Healthcare PLC,1,medacs.com
Medali Limited,1,skyndoctor.co.uk
Medcom Personnel Ltd,1,medcompersonnel.co.uk
Medica Reporting Limited,1,medicagroup.co.uk
Medical Services International Limited,1,cromwellhospital.com
Medical Skin Clinics Ltd,1,chilternmedical.co.uk
Medicare Corporation Ltd,1,broadlandview.co.uk
Medicare Home Support Limited,1,caremark.co.uk
Medicrest Limited,1,acorncarehomes.co.uk
Medics24 Limited,1,medics24.co.uk
Medina Connect Ltd,1,connecthousecarehome.com
Medinova Healthcare Ltd,1,medinovahealthcare.co.uk
Medirite24 Limited,1,themedirite.co.uk
Meditech Global Limited,1,meditechglobal.co.uk
Medlock Medical Practice  Dr Hossain & Dr Chauhan,1,medlockmedicalpractice.co.uk
Medsolve (UK) Limited,1,medsolve.co.uk
Medstar Care & Support Limited,1,medstarsocialcare.com
Medway NHS Foundation Trust,1,medway.nhs.uk
Medwyn Surgery,1,medwynsurgery.nhs.uk
Meera Nursing Home Limited,1,meeranursing.com
Mega Resources Limited,1,megaresources.co.uk
Melita Care Limited,1,polventon.co.uk
Melrose Surgery,1,drdean.co.uk
Melton Orthodontics No 2 Limited,1,meltonorthodontics.co.uk
Mendip Care Ltd,1,mendipcareltd.co.uk
Mendip Vale Medical Practice,1,mendipvale.nhs.uk
Mental Health Care (Rockfield) Limited,1,mentalhealthcare-uk.com
Mentaur Limited,1,mentauruk.com
Mercer Care Ltd,1,mercercare.co.uk
Mercie Grace Care Limited,1,merciegracecare.org
Mercy Home Care Services Ltd,1,mercyhcs.wixsite.com
Mere Dental Practice,1,meredental.co.uk
Meridian Health and Social Care Limited,1,meridianhsc.co.uk
Merit Healthcare Ltd,1,merithealthcare.co.uk
Meritum Integrated Care LLP,1,meritum.org.uk
Merridale Medical Centre - RP Tew,1,merridalemedicalcentre.co.uk
Merrow Park Surgery,1,merrowparksurgery.co.uk
Mersey Care NHS Foundation Trust,1,merseycare.nhs.uk
Mersey and West Lancashire Teaching Hospitals NHS Trust,1,sthk.nhs.uk
Merseycare Julie Ann Limited,1,mcja.co.uk
Messrs A & M Desai - Desai Care Homes,1,cedarcarehomes.com
Metabolic Services Limited,1,londonmedical.co.uk
Methodist Homes,1,mha.org.uk
Metro Centre Ltd,1,metrocharity.org.uk
Metro Homecare Ltd,1,metrohomecare.co.uk
Metrodental Limited,1,metrodental.co.uk
Metropolitan Care Services Limited,1,metropolitancare.co.uk
Metropolitan Housing Trust Limited,1,mtvh.co.uk
Mevtec 360 Locum Limited,1,mevtec360.com
Mews Dental Clinic Partnership,1,mewsdental.co.uk
Meyerhealth Ltd,1,meyerclinic.co.uk
Mezo Burton Limited,1,bluebirdscare.co.uk
MiHomecare Limited,1,mihomecare.com
Mia Care Services Ltd,1,miacareservices.co.uk
Mid Cheshire Hospitals NHS Foundation Trust,1,mcht.nhs.uk
Mid Yorkshire Teaching NHS Trust,1,midyorks.nhs.uk
Mid-Norfolk Mencap,1,midnorfolkmencap.org
Midas Care Solutions Ltd,1,midasrecruitmentsolutions.co.uk
Middlestown Medical Centre,1,middlestownmedicalcentre.nhs.uk
Middleton St George Healthcare Limited,1,priorygroup.com
Middlewich Road Surgery,1,middlewichroadsurgery.nhs.uk
Midlands Air Ambulance Charity,1,midlandsairambulance.com
Midlands Medical Partnership,1,mmpmedical.com
Midlands Partnership University NHS Foundation Trust,1,mpft.nhs.uk
Midplant Limited,1,promenadecarehome.co.uk
Milestones Private Limited,1,milestoneslimited.co.uk
Milestones Trust,1,milestonestrust.org.uk
Milewood Healthcare Ltd,1,milewood.co.uk
Millennium Care Homes Limited,1,abbeyhouse.org.uk
Miller and Storr Partnership,1,rfdentalcare.co.uk
Millfield Surgery,1,millfieldsurgery.co.uk
Millreed Lodge Care Limited,1,sagecare.co.uk
Millrise Medical Practice,1,millrisemedicalpractice.co.uk
Mills Family Limited,1,millscaregroup.co.uk
Millsted Care Ltd,1,millstedcare.org
Millstream Yield Ltd,1,crownbankdental.co.uk
Milman & Kennet Surgery,1,broadstreethealthcentre.co.uk
Milton Keynes University Hospital NHS Foundation Trust,1,mkhospital.nhs.uk
Minerva Supported Living Ltd,1,minervasl.co.uk
Minor Ops Limited,1,minor-ops.co.uk
Minster Care Management Limited,1,minstercaregroup.co.uk
Minster Home Care Ltd,1,minsterhomecare.co.uk
Miracle Within Ltd,1,miraclewithin.co.uk
Miracle Workers Agency Limited,1,miracle-workers.co.uk
Miss Aisha Ahmed,1,saledentalspa.co.uk
Miss Dorothy Quigley,1,quigleydental.co.uk
Miss Hannah Smith,1,hannahhealthvisitor.org
Miss Harminder Jagpal,1,perryparkdental.co.uk
Miss Jessica Eastley,1,thecaringhands.co.uk
Miss Kari Charne Buffey,1,churchwalkmetheringham.co.uk
Miss Kathryn Smith,1,smithdentalpractice.co.uk
Miss Leanne Porter,1,xspectcare.co.uk
Miss Linda Deazle,1,drcprivatehomecare.co.uk
Miss Naomi Clarke,1,care-gems.co.uk
Miss Penelope Mary Wiles,1,pennywiles.co.uk
Miss Phoebe Ruth Pattinson,1,cornerhousesurgery.co.uk
Miss Robina Parween,1,innercitycare.co.uk
Miss Sarah Watson,1,boltonstreetdental.co.uk
Miss Sunita Larka,1,dcss24.co.uk
Miss Toni Tierney,1,meetmybabywigan.com
Mitcham International Dental Centre,1,dentistmitcham.com
Mitender Care Limited,1,mitendercare.co.uk
Modern Medical Centre,1,modernmedicalcentre.org
Modus Care (Plymouth) Limited,1,salutemcareandeducation.co.uk
Modus Care Limited,1,salutemcareandeducation.co.uk
Mola Healthcare Ltd,1,moladental.com
Molar Creations Limited,1,cornstdental.co.uk
Monarch Care Services UK Ltd,1,monarchcareuk.com
Monarch Consultants Limited,1,monarchhealthcare.co.uk
Monarch Healthcare (Ferndene) Ltd,1,monarchhealthcare.co.uk
Monarch Healthcare (HB) Ltd,1,monarchhealthcare.co.uk
Monarchy Care Services Ltd,1,monarchycareservices.co.uk
Monark Limited,1,caremark.co.uk
Monkseaton Medical Centre,1,monkseatonmedical.nhs.uk
Moody Terrace Dental Practice Limited,1,moodyterrace.com
Moonlight Homecare Ltd,1,moonlighthomecare.co.uk
Moonz Orthodontics Limited,1,moonz.com
Moor Park House Limited,1,moorparkcare.co.uk
Moorcare Devon Limited,1,moorcaredevon.co.uk
Moore Care (Registered) Limited,1,moorecare.co.uk
Moore Medical Practice Limited,1,mooremedicalpractice.co.uk
Moorfields Eye Hospital NHS Foundation Trust,1,moorfields.nhs.uk
Moorfields Private Eye Centre,1,londonclaremontclinic.co.uk
Moorhouse Care Services Ltd,1,moorhousecare.co.uk
Moorland Garden Ltd,1,mgnh.co.uk
Moral Care Ltd,1,moralcare.co.uk
Morar Care Home Stratford Ltd,1,moraruk.co
MoreLoved Care Ltd,1,morelovedcare.co.uk
Morecambe Care Limited,1,morecambecare.co.uk
Morepower Limited,1,aqshomecare.co.uk
Morgan Dental Practice,1,morgandentalpractice.org.uk
Moriah House Limited,1,my-care.co.uk
Morris & Partners,1,morrisandpartners.co.uk
Moss Grove Dental Care Ltd,1,mossgrovedental.co.uk
Moss Street Surgery,1,mossstreetsurgery.nhs.uk
Moss Way Surgery,1,mosswaysurgery.nhs.uk
Mossley Dental,1,mossleydental.co.uk
Most Stars Limited,1,bluebirdcare.co.uk
Moulton Surgery,1,moultonsurgery.co.uk
Moundsley Hall Limited,1,moundsleyhall.com
Mount Carmel Hostel for Recovering Alcoholics Limited,1,mountcarmel.org.uk
Mount Hill Care Limited,1,mounthillcare.co.uk
Mount Road Dental Surgery,1,mountroaddental.co.uk
Mountlands Trust Limited,1,limetreehouse.org.uk
Moxley Medical Centre,1,moxleymedicalcentre.nhs.uk
Mr & Mrs C Thomlinson,1,tweedmouthhouse.co.uk
Mr & Mrs D Evely,1,averlea.co.uk
Mr & Mrs J F Cooper And Mrs J M Riddett & Mr J F Cooper,1,willowsnursinghome.co.uk
Mr & Mrs M Hamilton,1,agapehomes.org.uk
Mr & Mrs Mohamedally,1,bdcsupportingservices.co.uk
Mr & Mrs P A Hughes,1,barchestertower.co.uk
Mr & Mrs P Chellun,1,gatelodgecarehome.co.uk
Mr & Mrs P Menon,1,hollyhouseresidential.com
Mr & Mrs R M Boundy,1,garsonhousecarehome.co.uk
Mr & Mrs S Plevey,1,keersands.com
Mr Abdulbaset Dalghous,1,yorkshiredentalsuite.co.uk
Mr Ajay Jain,1,regentdentalcentre.co.uk
Mr Ajvinder Sandhu and Mrs Rajwinder Sandhu,1,quenbyresthome.com
Mr Akaash Bagga,1,deekaydental.com
Mr Andrew James Dixon,1,whickhamdentalpractice.co.uk
Mr Andrew Kevin Hill,1,vinehousemidhurst.co.uk
Mr Anthony Howell,1,stbridgets.com
Mr Anthony Julian Richard Greene,1,rockcottagecarehome.com
Mr Asif Iqbal Alvi & Muhammad Fayyaz Chauhdry,1,rhcl.co.uk
Mr Carl Denis,1,aylshammanor.co.uk
Mr Christopher Payne,1,bournvilledentist.com
Mr Danny So,1,newhavencare.com
Mr David Krishnalall Jangali,1,priorylodge.org.uk
Mr David Surtees,1,dentistat146.com
Mr Demetrius Evriviades,1,birminghamaestheticcentre.co.uk
Mr Edward William Wills,1,heathlanemedicalcentre.co.uk
Mr Gareth Nesbit,1,ascotcareagency.co.uk
Mr Geoffrey Walden Knights,1,chypons.co.uk
Mr Graham David Murphy,1,cfedental.co.uk
Mr Hanish Chotai,1,desforddentalcare.com
Mr J & Mrs D Cole,1,eldroncare.co.uk
Mr James Harrison,1,westaucklanddentalcare.co.uk
Mr Jason Chellun,1,lakesidenursinghome.co.uk
Mr Jeevan Dhaliwal,1,hortondental.co.uk
Mr John Feerick,1,stationviewdentalsuite.co.uk
Mr Johnson Gyamfi Amoo,1,desire-care.co.uk
Mr Jonathan Oliver Westall,1,haltondentist.co.uk
Mr Keith London-Webb,1,longclosecare.co.uk
Mr Kunal Kotecha,1,tonbridgedentistry.co.uk
Mr Lap Man Anthony Cheung,1,cpldentalsurgery.co.uk
Mr M E & Mr P R Butterfield,1,sotwellhouse.co.uk
Mr Marko Raphael Korosso,1,lifestylecaresupport.com
Mr Martin Jon Kelly,1,lowtondental.co.uk
Mr Michael John Riglin,1,mikeriglinnursing.co.uk
Mr Muhammad Rizwan Mahmood,1,gentlehealthcareservices.com
Mr Nicholas Daniel Daley,1,daleysdental.co.uk
Mr Nicholas Stefen Pridden,1,snpmedical.co.uk
Mr Nimit Jain,1,aldridgedentalpractice.co.uk
Mr Nish Thakerar & Mr Kumar Thakerar,1,careplushomes.com
Mr Paul Maple,1,alandaleresidentialhome.co.uk
Mr Peter Leyland,1,westgatedentalpractice.com
Mr Priyesh Shah,1,311dental.co.uk
Mr Richard Isherwood,1,nomoreearwax.co.uk
Mr Richard Pins,1,311dental.co.uk
Mr Rob Willis,1,medpts.co.uk
Mr Sanjay Kumar Gautam,1,southparkdentalpractice.co.uk
Mr Siavash Mirfendereski,1,wimpoledentaloffice.com
Mr Simal Vijaykumar Shah,1,leighdentalcentre.co.uk
Mr Stephen Hamilton,1,cambornedentalpractice.co.uk
Mr T & Mrs C Murphy,1,bronte-devon.com
Mr T & Mrs S Kandiah,1,remyckhouse.co.uk
Mr Theodorus van Diepen,1,larkfielddentalpractice.co.uk
Mr Touraj Razavi,1,cliftondentalsurgery.co.uk
Mr Vastiampilla Stanislaus,1,havencare.co.uk
Mr Veenu Singla,1,dentalcare62.com
Mr Vishal Bharatkumar Patel,1,cassioburydental.com
Mr Warren Bolton,1,emrs.co.uk
Mr Zahir Suleman,1,tailormadehealthcare.co.uk
Mr and Mrs J C Walsh,1,amblesidecare.co.uk
Mr. Adam Precelton,1,ahdentalcare.co.uk
Mr. Adrian Watts,1,breastondentalcare.com
Mr. Alan Bramwell,1,bramwelldentalpractice.com
Mr. Alan Moffatt,1,pdhc.co.uk
Mr. Alex Manuelsson,1,affinitydentalclinic.co.uk
Mr. Alistair Miller,1,cleevedental.co.uk
Mr. Andrew Carter,1,ivorydental.co.uk
Mr. Andrew Tannahill,1,valleybridgedental.co.uk
Mr. Anup Ladva,1,dentalstudio.uk.com
Mr. Bogdan Codrin Tocca,1,lighthousedentalpractice.co.uk
Mr. Branislav Milijic,1,theroystondentalpractice.co.uk
Mr. Chia Yen Huang,1,acerdental.com
Mr. Christopher Tavares,1,anaturalsmile.co.uk
Mr. Christopher West,1,lotusorthodontics.com
Mr. Craig Harris,1,eventparamedicservices.com
Mr. David Hudson,1,hudsonsdentalcare.co.uk
Mr. Edmund Acheampong,1,highview-dentalpractice.net
Mr. Frederick Tomas Allahverdin,1,ashleydowndentalcare.co.uk
Mr. Gordon Phillips,1,glencare.com
Mr. Hamid Darafshian,1,macrocare.com
Mr. Hormoz Pourkavoos,1,stanhopeplace.com
Mr. Jagjit Shergill,1,coventrydental.co.uk
Mr. Jaspal Singh and Mr. Amar Baden,1,cannockroaddentalpractice.co.uk
Mr. Jatinder Heer,1,jhdentalclinic.com
Mr. Jayesh Ruparelia,1,jrdental.co.uk
Mr. John Gabriel Mckeon,1,friarswalkdentalpractice.co.uk
Mr. John McCourt,1,valleybridgedental.co.uk
Mr. Jonathan Lever,1,edgwaredentalcare.co.uk
Mr. Kamran Khan,1,darwendentalcare.co.uk
Mr. Kenton Payne,1,theelmsdentalpractice.co.uk
Mr. Keval Shah,1,teethandsmiles.co.uk
Mr. Lampros Gidarakos,1,riversidedentist.co.uk
Mr. Liakatali Hasham,1,chdliving.co.uk
Mr. Louis Tolefe,1,harrowlanedental.co.uk
Mr. Manish Aggarwal,1,eurodentalcare.eu
Mr. Mark Dellafera,1,stubbingtondentalpractice.org.uk
Mr. Mark Marcou,1,my-dentalcare.com
Mr. Matthew Houlton,1,manorhousedentalpractice.co.uk
Mr. Matthew Morgan,1,ridgewaydentalpractice.co.uk
Mr. Meenesh Shah,1,cndp.co.uk
Mr. Michael Green,1,theparkrowdentalpractice.co.uk
Mr. Miguel Dionisio Colaco,1,honeycombdentalclinic.co.uk
Mr. Milin Rajnikant Parekh,1,orchard-dental-care.co.uk
Mr. Moiz Mohammed,1,exceldental.co.uk
Mr. Nadeem Arif,1,milelanedentalpractice.co.uk
Mr. Nigel Hammond,1,stoneyfields.co.uk
Mr. Paul Middleton,1,middletondentalcare.co.uk
Mr. Peter Kertesz,1,kertesz.co.uk
Mr. Pierce Richard Bradley,1,bradleyshorthouse.co.uk
Mr. Pramod Sabharwal,1,dental-perfection.co.uk
Mr. Ralph Peter Smith,1,meavywaydentalpractice.co.uk
Mr. Ramesh Parmar,1,parmardental.co.uk
Mr. Reginald O'Neill,1,bite4life.co.uk
Mr. Robert Wain,1,dovetaildental.co.uk
Mr. Samy Solaiman,1,newcastledentalcare.co.uk
Mr. Sanjeeb Nepali,1,nepalidental.co.uk
Mr. Saranjit Sihra,1,simply-teeth.co.uk
Mr. Scott Simpson,1,lynwooddental.co.uk
Mr. Simon Holguin,1,victoriadental.co.uk
Mr. Simon Loescher,1,loescher.co.uk
Mr. Simon William Anderton,1,graysdental.co.uk
Mr. Thomas Fraser,1,fraserdentalpractice.co.uk
Mr. Timothy Webber,1,ukdentist.co.uk
Mr. Vrajeshkumar Ruparelia,1,tewkesburydental.co.uk
Mr. Yousif Daniel,1,manorortho.co.uk
Mr. Zameer Hussain,1,southbrookdental.co.uk
Mrs A Hurley,1,rowanhousecarehome.co.uk
Mrs Alyson Johnson and Mr John Johnson,1,thornburycare.co.uk
Mrs Amardeep Sura,1,picas.london
Mrs Amelia Rose Newstead,1,grangewoodlodge.co.uk
Mrs Anusha Mandadi,1,oxondentalcare.co.uk
Mrs B F Wake,1,carnalea.com
Mrs C Day and Mr & Mrs S Jenkins,1,riversidecourtresidentialcarehome.net
Mrs Carole Jane Goddard,1,phoenixindependentmidwives.co.uk
Mrs Charity Kelechi Earnshaw,1,charityearnshaw-homecareagency.co.uk
Mrs Christine Rowberry,1,rightnurse.co.uk
Mrs Claire Louise Davidson & Mr Karl James Davidson,1,freestonesresidentialcarehome.com
Mrs Collette Willis,1,ashlettdale.co.uk
Mrs Emma Lumsden,1,approcare.co.uk
Mrs Esther Roselline Anzeze-Makindu,1,csmakenston.co.uk
Mrs Fiona Collins,1,bramleyhouse.net
Mrs Flora Rufus Mason,1,croft-malvernhealthcare.co.uk
Mrs G L Reeve & Miss D M Reeve,1,fairbygrange.co.uk
Mrs Hazel Paterson,1,uptoncottage.co.uk
Mrs Jane Marie Somai,1,cdcauk.com
Mrs Janet Brewer,1,trezelahouse.co.uk
Mrs Jennifer Elizabeth Piper-Griffiths,1,swhomecare.co.uk
Mrs Jennifer Johnson,1,pioneer-house.co.uk
Mrs K Kalkat and Mr GS Nijjar,1,apexhealthcare.co.uk
Mrs Karen Ann Tills,1,stgeorgestaunton.co.uk
Mrs Kellie May Downie,1,crabtreecare.co.uk
Mrs Laura Katie Baldwin,1,churchstreetclinic.com
Mrs Laura Spence,1,lauraspenceaesthetics.com
Mrs Linda Mills,1,earcarenurse.net
Mrs Lisa Charig and Mr Mark Charig,1,heathcotecarehome.com
Mrs Louise Marguerite Stickland,1,breastfeedingdevon.co.uk
Mrs Lynn Frances Timms,1,breastfeedingmatters.co.uk
Mrs Lynn Georgina Hart,1,aucklandsresthome.co.uk
Mrs M Plumb and Miss K Bolt-Lawrence,1,enbridgehouse.co.uk
Mrs Manny Wragg,1,ashlandscarehome.co.uk
Mrs Nilofer Englefield,1,apnaghar.co.uk
Mrs Noha Ibrahim,1,rosehilldentalpractice.co.uk
Mrs Philippa Solan,1,ahrch.co.uk
Mrs Preethika Ramanathan,1,lansdownecentre.co.uk
Mrs Rashmi Bhautoa,1,gledoodcarehomes.co.uk
Mrs Rosalind Virasinghe,1,eastside-house.com
Mrs Saima Raja,1,braemarcare.co.uk
Mrs Susan Smith,1,onetoonecommunitycare.co.uk
Mrs Temitope Olawumi Ilori,1,tankertondental.co.uk
Mrs Zeenat Nanji & Mr Salim Nanji,1,southcarehomes.com
Mrs Zoe Elisabeth Husband,1,bspokesocialcare.co.uk
Mrs Zoryslava Taylor,1,towngatedental.co.uk
Mrs. Carina Sharp,1,carinasharp.moonfruit.com
Mrs. Catherine Barrs,1,holywellhouse.co.uk
Mrs. Jacqueline Doran,1,breezedental.co.uk
Mrs. Jaswinder Dheri,1,smilespauk.com
Ms Elaine Atkinson,1,gwendolinecarehome.co.uk
Ms Irram Naveed,1,slimmerzrotherham.com
Ms K A Rogers,1,herefordshirecarehomes.com
Ms Karen Anderson,1,hearagainexmouth.co.uk
"Ms L June Haydon, Mr Colin Haydon & Mrs Natalie Haydon",1,greentreescarehome.co.uk
Ms Maeve Danielle Frahill,1,wealdendentalpractice.co.uk
Ms Pauline Rodman,1,hazelwoodgardens.com
Ms Priscilla Varayidzo Ngala,1,excelle.co.uk
Ms Sophia Mirza,1,sophiacarehome.com
Ms Susan Munro,1,camelotnursinghome.co.uk
Ms. Navah Yella,1,enhanceaesthetics.com
Much Hadham Dental Care Limited,1,mhdental.co.uk
Mulchand (UK) Limited,1,clarewellclinics.co.uk
Multicare Services (UK) Limited,1,multicareservices-uk.com
Murray Dental Limited,1,murray-dental.com
Musters Road Medical Practice,1,mustersmedicalpractice.co.uk
Muzaana Care Services Ltd,1,muzaanacareservices.com
My Bassingham Limited,1,confidentcarehomes.co.uk
My Dental Surgery,1,mydentist4u.com
My Homecare Cambs Limited,1,myhomecare.co.uk
My Life Legacy,1,my-life.org.uk
MyCare Homes Limited,1,rosewoodcarehome.co.uk
N & N Dental Group,1,nandndental.co.uk
N. Notaro Homes Limited,1,arbdcare.co.uk
NAViGO Health and Social Care CIC,1,navigocare.co.uk
NDH Care Ltd,1,ndhcare.co.uk
NEW LIFE TEETH MANCHESTER LIMITED,1,newlifeteeth.co.uk
NIH Healthcare Ltd,1,khironclinics.com
NIKA GLOBAL LTD,1,clarityhomecare.co.uk
NR Aesthetics and Skin Ltd,1,nraestheticsandskin.co.uk
NS CML Ltd,1,caremark.co.uk
NSF Health Ltd.,1,nsfhealth.co.uk
NSR Care Homes Ltd,1,firtreehousenh.co.uk
Naid Care Limited,1,naidcare.co.uk
Naizrah Care Ltd,1,hopelodgecenter.co.uk
Nanny Care Services Ltd,1,nannycarehome.com
Naseby Care Home Limited,1,agincare.com
Nash Alliance Ltd,1,nash-health-care.co.uk
Naswell Care LTD,1,naswellcare.co.uk
National Centre for Young People with Epilepsy,1,stpiers.org.uk
National Neurological Services Ltd,1,nationalcaregroup.com
National Unplanned Pregnancy Advisory Service Limited,1,nupas.co.uk
Nationwide Care Services Ltd,1,nationwidecare.org
Nautilus Welfare Fund,1,nautilusint.org
Naveed Medicare Ltd,1,naveedmedicare.co.uk
Navigation Care Limited,1,navigationcare.co.uk
Nayland Care Agency Ltd,1,naylandcare.com
Nazareth Lodge Limited,1,thevergreenslodge.co.uk
Needwood Care Limited,1,bartonneedwoodcare.co.uk
Neel Dentistry Limited,1,neeldentistry.com
Neha Dental Care Limited,1,droitwichdentalstudio.co.uk
Nellsar Limited,1,nellsar.com
Nema Home Care Limited,1,nemahomecare.co.uk
Neo Community Services,1,aandacharity.org
Nerams Ltd,1,nerams.org.uk
Ness Aesthetics Limited,1,nessaesthetics.com
Ness M Care Services Ltd,1,nessmcareservices.co.uk
Nestlings Care Ltd,1,nestlingscare.com
Neston Surgery,1,nestonsurgery.co.uk
Netherclay House Ltd,1,netherclayhouse.co.uk
Nethermoor House Limited,1,friendlycare.co.uk
Nettleham Medical Practice,1,nettlehammedical.co.uk
Neverage Advanced Aesthetic Clinic Limited,1,hotaki.co.uk
New Age Care Limited,1,newagecare.co.uk
New Beginnings (Gloucester) Ltd,1,newbeginningsglos.co.uk
New Care Cheadle (OPCO) Limited,1,newcarehomes.com
New Care Egerton (OPCO) Limited,1,newcarehomes.com
New Care Grappenhall (OPCO) Limited,1,newcarehomes.com
New Care Guiseley (OPCO) Limited,1,newcarehomes.com
New Care Nottingham (Opco) Limited,1,newcarehomes.com
New Care Projects Sale (OPCO) Limited,1,newcarehomes.com
New Care West Bridgford (OPCO) Limited,1,newcarehomes.com
New Dawn Healthcare & Employment Limited,1,newdawnhealthcare.co.uk
New Dawn Recruitment Agency Limited,1,newdawnrecruitment.co.uk
New Directions (Hastings) Limited,1,prioryadultcare.co.uk
New Forest Care Homes Ltd,1,newforestquakercarehome.org.uk
New Forest Fritham Limited,1,allegracare.co.uk
New Horizons 24/7 Pvt Ltd,1,newhorizonspvt.co.uk
New Mills Dental Practice Limited,1,newmillsdentist.co.uk
New Outlook Housing Association Limited,1,newoutlookha.org
New Road Dental Limited,1,newroaddental.co.uk
New Road Dental Practice Limited,1,newroaddentalpractice.com
New Road Surgery Bromsgrove,1,newroadsurgery.com
New Seaham Medical Group,1,newseahammedicalgroup.co.uk
New Street and Netherton Group Practice,1,thenewstreetsurgery.co.uk
New Venture Care Ltd,1,thenewventure.co.uk
NewMed Healthcare Ltd,1,medhub.org.uk
Newbloom (Dundoran) Limited,1,newbloom.co.uk
Newbridge Care Systems Limited,1,schoen-clinic.co.uk
Newburn Surgery Partnership,1,newburnsurgery.com
Newbury Group Practice,1,newburygrouppractice.co.uk
Newbury Street Practice,1,newburystreetpractice.co.uk
Newcastle-upon-Tyne City Council,1,newcastle.gov.uk
Newdon Care Services Limited,1,newdon-care.co.uk
Newfound Care Ltd,1,newfoundationscare.co.uk
Newgate Medical Group,1,newgatemedicalgroup.co.uk
Newhall Surgery,1,newhallsurgery.com
Newington Road Surgery Limited,1,newingtonroadsurgery.co.uk
Newline Care Home Ltd,1,newline-carehome.co.uk
Newmarket House Healthcare Limited,1,newmarket-house.co.uk
Newport Pagnell Medical Centre,1,npmc.nhs.uk
Newquay Health Centre,1,newquayhealthcentre.co.uk
Newton Care Limited,1,absolute-care.org.uk
Newton Surgery,1,newtonsurgery.co.uk
Newtown Medical Centre,1,newtownhealthcentre.co.uk
Next Chapter Healthcare Limited,1,nextchapterhealthcare.co.uk
Next Steps Community Care Ltd,1,next-steps.co.uk
Nexus Health Group,1,princessstreetgrouppractice.co.uk
Nexus Programme Limited,1,nexusprogrammeltd.co.uk
Nexxus Trading Services Limited,1,nexxuscare.co.uk
Nexzen Care Ltd,1,westernsupercare.co.uk
Niche Care Limited,1,nichecare.co.uk
Nicholas James Care Homes Ltd,1,njch.co.uk
Nicholas Richardson,1,berrylanedentalsurgery.co.uk
Nightingale Court Care Limited,1,nightingalecourt-care.uk
Nightingale Group Limited,1,nghc.co.uk
Nightingale Hammerson,1,nightingalehouse.org.uk
Nightingale Retirement Care Limited,1,nightingales.co.uk
Nikee Healthcare Services Ltd,1,nikeehealthcare.com
Niram Investments Limited,1,widecombenursinghome.co.uk
Nirosh Care Homes Limited,1,niroshcarehomes.co.uk
Nisacraftcare Limited,1,nisacraftcare.net
No1 The Orthodontic Specialists,1,no1braces.co.uk
Noah's Ark - The Children's Hospice,1,noahsarkhospice.org.uk
Noble Care Limited,1,noblecare.co.uk
Nomase Care Ltd,1,nomase.co.uk
Nomase Supported Limited,1,nomase.co.uk
Nomira Care Ltd,1,networkcareathome.co.uk
Norfolk Care Homes Ltd,1,zestcarehomes.co.uk
Norfolk Care Limited,1,norfolkcare.com
Norfolk Newmedica Limited,1,newmedica.co.uk
Norfolk Street Surgery,1,drphillipsandpartners.co.uk
Norfolk and Norwich University Hospitals NHS Foundation Trust,1,nnuh.nhs.uk
Norfolk and Suffolk NHS Foundation Trust,1,nsft.nhs.uk
Normanshire Care Services Ltd,1,normanshirecare.co.uk
Normanton Lodge Limited,1,my-care.co.uk
Norse Care (Services) Limited,1,norsecare.co.uk
North Bristol NHS Trust,1,nbt.nhs.uk
North Cumbria Integrated Care NHS Foundation Trust,1,ncic.nhs.uk
North Devon Hospice,1,northdevonhospice.org.uk
North East Ambulance Service NHS Foundation Trust,1,neas.nhs.uk
North East Autism Society,1,ne-as.org.uk
North East London NHS Foundation Trust,1,nelft.nhs.uk
North Fulham Surgery,1,thelillierdsurgery.nhs.uk
North Lincolnshire Council,1,northlincs.gov.uk
North London Hospice,1,northlondonhospice.org.uk
North London NHS Foundation Trust,1,northlondonmentalhealth.nhs.uk
North Northamptonshire Council,1,northnorthants.gov.uk
North Senior Care Ltd,1,homeinstead.co.uk
North Star Case Management Ltd,1,northstarcm.co.uk
North Street (West Midlands) Limited,1,northstreetdentalclinic.co.uk
North Street Medical Care,1,northstreetmedicalcare.co.uk
North Trafford Group Practice,1,chesterroadsurgery.co.uk
North Tyneside Metropolitan Borough Council,1,northtyneside.gov.uk
North West Aesthetics Ltd,1,northwestaesthetics.co.uk
North Yorkshire Council,1,northyorks.gov.uk
North Yorkshire Hospice Care,1,saintmichaelshospice.org
Northampton General Hospital NHS Trust,1,northamptongeneral.nhs.uk
Northamptonshire Healthcare NHS Foundation Trust,1,nhft.nhs.uk
Northamptonshire Newmedica Limited,1,newmedica.co.uk
Northbrook Homes Limited,1,northbrookhomes.co.uk
Northern Care Alliance NHS Foundation Trust,1,northerncarealliance.nhs.uk
Northern Case Management Limited,1,northerncasemanagement.com
Northern Counties Eventide Home Limited,1,eventidehome.co.uk
Northern Healthcare Limited,1,northernhealthcare.org.uk
Northern Lincolnshire and Goole NHS Foundation Trust,1,nlg.nhs.uk
Northern Sonography Ltd,1,northernsonography.co.uk
Northfield Care Limited,1,northfieldcare.co.uk
Northfield Surgery,1,northfieldsurgery.co.uk
Northfields Surgery,1,northfieldssurgery.nhs.uk
Northumberland County Council,1,northumberland.gov.uk
"Northumberland Park Medical Group, Shiremoor Resource Centre",1,northumberlandparkmedicalgroup.nhs.uk
Northumbria Healthcare NHS Foundation Trust,1,northumbria.nhs.uk
Northwick Manor Dental Practice,1,northwickmanordental.co.uk
Northwood Complex Care Ltd,1,northwoodcare.co.uk
Norton Medical Centre,1,nortonmedicalcentre.nhs.uk
Norton Nurses Limited,1,nortonnurses.co.uk
Norwood,1,norwood.org.uk
Norwood House Nursing Home Limited,1,norwoodhouse.co.uk
Nos Nom,1,nosnom.co.uk
Nottingham City GP Alliance Limited,1,gfmc.org.uk
Nottingham Community Housing Association Limited,1,ncha.org.uk
Nottingham Oral Health Centre,1,nohc.co.uk
Nottingham University Hospitals NHS Trust,1,nuh.nhs.uk
Nottinghamshire Healthcare NHS Foundation Trust,1,nottinghamshirehealthcare.nhs.uk
Nottinghamshire Hospice Limited(The),1,nottshospice.org
Nottz Care Limited,1,nottzcare.co.uk
Nouvita Limited,1,nouvita.co.uk
Novum Health Partnership,1,novumhealth.co.uk
Nuffield Health,1,nuffieldhealth.com
Nugent Care,1,nugentcare.org
Numada Health Care Limited,1,numadahealthcare.co.uk
Numi Scan Ltd,1,numiscan.co.uk
Nunwell Surgery,1,nunwellsurgery.gpsurgery.net
Nurse Plus and Carer Plus (UK) Limited,1,nursepluscareathome.com
Nutley Lodge Care Home,1,nutleylodge.co.uk
Nyton House Limited,1,nytonhouse.co.uk
O'Flynn - Hampton Wick,1,hamptonwicksurgery.co.uk
O'Neill and O'Neill,1,newmostondental.com
OFORI Hammond Ltd,1,ofhcare.co.uk
OLICANA HEALTHCARE LIMITED,1,trueformpilates.co.uk
OM Care Ltd,1,caremark.co.uk
OOJ Homecare Services Ltd,1,oojhomecareservices.co.uk
OPCD Limited,1,diamonddentalstudios.co.uk
Oak Cottage Care Limited,1,oakcottagecare.co.uk
Oak Farm (Taverham) Limited,1,selecthealthcaregroup.com
Oak Gables Medical Practice,1,theoakgablespartnership.co.uk
Oak Tree Reliance Ltd,1,oaktreereliance.co.uk
Oak Tree Surgery,1,oaktreesurgeryandpensilvahc.co.uk
Oak Vale Medical Centre,1,oakvalemedicalcentre.nhs.uk
Oakbridge Retirement Villages LLP,1,buckshawretirementvillage.com
Oakdene Sleaford Limited,1,oakdenecarehome.co.uk
Oakdin (UK) Limited,1,oakdinclinic.com
Oakfield (Easton Maudit) Limited,1,oakfield.org.uk
Oakfield Psychological Services Limited,1,oakfieldpsychservices.co.uk
Oakham Medical Practice,1,oakhammedicalpractice.co.uk
Oakland Opco B Limited,1,oaklandcare.com
Oakland Primecare Limited,1,oaklandcare.com
Oaklands Dental Care Limited,1,oaklandsdentalcare.co.uk
Oaklands Manor Care Home Ltd,1,keyhealthcare.co.uk
Oaklands Residential Care Limited,1,oaklands-carehome-waterlooville.co.uk
Oakleaf Care (Hartwell) Limited,1,oakleafcare.com
Oakleigh Dental Practice,1,oakleighdental.co.uk
Oakmeadow Surgery - RA Leach,1,oakmeadowsurgery.org.uk
Oakridge Park Medical Centre,1,oakridgeparkmedical.nhs.uk
Oaks Care Limited,1,oakscare.co.uk
Oaktree (Clevedon) Limited,1,oaktreelodge.co.uk
Oaktree Homecare Services Limited,1,oaktreehomecare.co.uk
Oakville Dental Partnership,1,oakvilledental.co.uk
Oakville Practice Limited,1,oakvilledental.co.uk
Oakworth Manor Residential Home Limited,1,oakworthmanor.co.uk
Oasis Care and Training Agency (OCTA),1,oasiscareandtraining.org.uk
Oasis Care-UK Limited,1,caremark.co.uk
Oasis Group (London) Limited,1,oasisgrouplondon.org
Oasis Project Ltd,1,oasisproject.org.uk
Oasis-Care UK Group Limited,1,oasiscareuk.com
Oatlands Care Ltd,1,jawagroup.co.uk
Oatleigh,1,jawagroup.co.uk
Oatleigh Care Ltd,1,jawagroup.co.uk
Oban House Retirement Care Home,1,obanhouse.org.uk
Oceanic Care Services Ltd,1,oceaniccare.co.uk
Ochre Care Limited,1,abbeyleacarehome.co.uk
Octavia Housing,1,octaviasupport.org.uk
Odara Care Limited,1,odaracare.org.uk
Ogwell Grange Limited,1,southdevoncareservices.com
Ohio Home Care Ltd,1,ohiocare.co.uk
Olam Care Services Ltd,1,olamcareservices.co.uk
Old Fletton Surgery,1,oldflettonsurgery.nhs.uk
Old Henry Street MC Limited,1,oldhenrystreet.co.uk
Old Mill Surgery,1,oldmill.gpsurgery.net
Old Station Surgery,1,oldstationsurgery.co.uk
Oldercare (Haslemere) Limited,1,stmarthas.co.uk
Oldham Family Practice,1,oldhamfamilypractice.nhs.uk
Oldham Medical Services,1,oldhammedicalservices.co.uk
Oldham Total Care Ltd,1,total-care.org.uk
Oldwell Surgery,1,oldwellsurgery.co.uk
Olive Care 24/7 Ltd,1,olivecare247.co.uk
Olive Medical Practice,1,olivemedicalpractice.co.uk
Ollie & Darsh,1,ollieanddarsh.co.uk
Omega Elifar Limited,1,fireflyclub.co.uk
Omnes Healthcare Ltd,1,tessajowellgpsurgery.co.uk
On Time Care Ltd,1,ontimecare.co.uk
One Clinic Limited,1,mcrimplantcentre.com
One Fylde Limited,1,onefylde.org
Onecall24 Healthcare Limited,1,onecall24.co.uk
Onetree Estates Limited,1,ashbrooknursinghome.co.uk
Online Clinic (UK) Limited,1,theonlineclinic.co.uk
Only Care (Blackwell) Limited,1,onlycareltd.com
Ooh Baby Baby LTD,1,oohbabybaby.co.uk
Opaleye And Middlefell Limited,1,gloucesterdentalcare.co.uk
Open Arms Care Limited,1,homeinstead.co.uk
Open Doors Healthcare Services Ltd,1,opendoorshealthcare.com
Open Heart Care Ltd,1,openheartcare.org
Ophrah Oak Ltd,1,ophrahoak.co.uk
Optalis Limited,1,optalis.org
Optegra UK Limited,1,optegra.com
Optical Express Limited,1,opticalexpress.co.uk
Optima Care Limited,1,optimacare.co.uk
Optimale Ltd,1,optimale.co.uk
Optimax Clinics Limited,1,optimax.co.uk
Optimum Medical Solutions Ltd,1,optimummedical.co.uk
Options Care Limited,1,optionscare.org
Options Health Care Services Limited,1,optionscare.co.uk
Options for Care Limited,1,optionsforcare.com
OraCo Ltd,1,dental-clinique.com
Oral Implants Limited,1,oralimplants.co.uk
Oralcare Limited,1,smile1.co.uk
Orange Care - Grange Lea Limited,1,grange-lea.co.uk
Orbis Care Limited,1,orbiscare.co.uk
Orbis Support Limited,1,orbissupport.co.uk
Orchard Care Homes.Com (6) Limited,1,orchardcarehomes.com
Orchard Family Practice,1,theredsuitepractice.nhs.uk
Orchard Surgery,1,orchardsurgerydereham.co.uk
Orchard Vale Trust Limited,1,orchardvaletrust.org.uk
Ordinary Lifestyles,1,ordinary-lifestyles.org.uk
Ordinary Living Limited,1,ordinaryliving.co.uk
Ordsall Health Surgery,1,ordsallhealthsurgery.nhs.uk
Origin Care Homes (Holbeach) Limited,1,tanglewoodcarehomes.co.uk
Origin Care Homes (Humberston) Ltd,1,tanglewoodcarehomes.co.uk
Ortho-Tek Limited,1,ortho-centre.co.uk
Orthocentres Limited,1,mydentist.co.uk
Orthodontic Centre (UK) Limited,1,mydentist.co.uk
Orthodontics For You  (Bromsgrove) Limited,1,orthodonticsforyou.co.uk
Orthodontics For You  (Solihull) Limited,1,orthodonticsforyou.co.uk
Orthokind Limited,1,orthokind.com
Orthopaedics And Spine Specialty Clinic Limited,1,orthospine.co.uk
Orthoplus LLP,1,orthoplus.co.uk
Orthoworld 2000 Limited,1,mydentist.co.uk
Orviol Ltd,1,progressivedentistry.co.uk
Orwell Housing Association Limited,1,orwell-housing.co.uk
Osborne Care Homes Limited,1,osbornecarehomeltd.co.uk
Oscar Care Services UK Limited,1,oscarcareservices.co.uk
Oswald House Care Home Limited,1,oswaldhouse.co.uk
Oswald Medical Centre Limited,1,oswaldmedicalcentre.co.uk
Otas Supported Living Limited,1,otassupportedliving.com
Otford Medical Practice,1,otfordmedicalpractice.nhs.uk
Our Rock Limited,1,ourrocklimited.co.uk
Ouronyx Limited,1,ouronyx.com
Ourway Care Ltd,1,ourwaycare.com
Outreach (Sefton) Limited,1,outreachcare.co.uk
Outreach Support Services Limited,1,orservices.org
Overslade Care Ltd,1,rightathome.co.uk
Oving Clinic Limited,1,ovingclinic.co.uk
Oviva UK Limited,1,oviva.com
Own Care Ltd,1,owncareservices.co.uk
Oxendon House Care Home Limited,1,oxendonhouse.co.uk
Oxford Care Homes Limited,1,fairholmehouse.com
Oxford Health NHS Foundation Trust,1,oxfordhealth.nhs.uk
Oxford Hormone Clinic Ltd,1,oxfordhormoneclinic.com
Oxford House Nursing Home,1,oxfordhousecare.com
Oxford University Hospitals NHS Foundation Trust,1,ouh.nhs.uk
Oxleas NHS Foundation Trust,1,oxleas.nhs.uk
Oxley Park Dental Practice LLP,1,oxleyparkdentalpractice.co.uk
Oxtoncare Limited,1,springcare.org.uk
Ozumba Training and Consultancy Services Limited,1,eminentcare.co.uk
P & B Kennedy Holdings Limited,1,herncliffe.co.uk
P and S Care Limited,1,pscarelimited.org
P&P Chiswick Limited,1,chiswickdental.co.uk
P.C.M Housing Association Limited,1,laxtonhall.co.uk
P.M. Dental Care Ltd,1,thedental-lounge.com
PJ Care Limited,1,pjcare.co.uk
PJS Care Limited,1,churchrddentalpractice.co.uk
PK Healthcare Limited,1,abbeyfield.com
PLATFORM (HULL),1,platform-provision.com
PLUS (Providence Linc United Services),1,plus-services.org
POVA Care Ltd,1,povacare.co.uk
PSA Home Care Ltd,1,psahomecare.co.uk
Pacific Care Services Limited,1,pacifichealthcare.co.uk
Paddington Care Ltd,1,fivegablescarehome.com
Palace House Care Home Limited,1,farringtoncare.com
Palms Row Health Care Limited,1,palmsrow.co.uk
Panacea Care Limited,1,panaceacare.co.uk
Paradise Lodge Care Home Limited,1,paradiselodge.co.uk
Park Grange Medical Centre,1,parkgrangemc.co.uk
Park Green Surgery,1,parkgreensurgery.co.uk
Park House Care (Sandy) Limited,1,parkhousecare.com
Park Leys Medical Practice,1,parkleyspractice.com
Park Medical Centre,1,parkmedicalchester.co.uk
Park Street Surgery,1,7parkstreet.co.uk
Park View Care Home (Ipswich) Limited,1,parkviewcarehome.co.uk
Park View Care Home (Liverpool) Limited,1,kingsleyhealthcare.co.uk
Park View Surgery,1,parkviewsurgery.nhs.uk
Parkgate Manor,1,parkgatemanor.co.uk.gridhosted.co.uk
Parkhaven Trust,1,parkhaven.org.uk
Parkhill Support Services Ltd,1,parkhillservices.com
Parks Surgery Limited,1,penningtonparksurgery.co.uk
Parkside Medical Centre,1,parksmed.co.uk
Parkside Nursing Home Limited,1,parksidenursinghome.co.uk
Parkview Ipswich Ltd,1,parkviewdentalcentre.co.uk
Parkview Society Limited (The),1,parkwiewsociety.org.uk
Parkview Surgery Limited,1,parkviewsurgerycleckheaton.nhs.uk
Parkway Medical Group,1,parkwaymedicalgroup.nhs.uk
Parkwood Family Practice,1,parkwoodfamilypractice.nhs.uk
Parry Healthcare Limited,1,parryhealthcare.co.uk
Parson Drove Surgery,1,parsondrovesurgery.com
Partington Family Practice,1,drdeweeverandpartners.co.uk
Partnering Health Limited,1,phlgroup.co.uk
Partners In Progress (UK) Limited,1,pipdentalcare.com
Partnership of East London Co-operatives (PELC) Limited,1,pelc.nhs.uk
Partnerships in Care (Beverley) Limited,1,priorygroup.com
Partnerships in Care (Meadow View) Limited,1,priorygroup.com
Passion 4 Care Ltd,1,passion4care.co.uk
Passion Home Care Ltd,1,passionhomecare.co.uk
Passion Recruitment Agency Limited,1,passionrecruitmentagency.co.uk
Passion Tree Care Services Ltd,1,passiontreecareservices.co.uk
Passionate About Care Ltd,1,passionaboutaboutcare.co.uk
Patel and Meakin,1,hilltondentistry.co.uk
Pathfields Medical Group,1,pathfieldspractice.co.uk
Pathfinder Ashness Care Limited,1,ashnesscare.org.uk
Pathfinders-Care (Ollerton) Limited,1,pathfinders-care.co.uk
Pathway Healthcare Ltd,1,pathwayhealthcare.org.uk
Pathways Care Group Limited,1,salutemcareandeducation.co.uk
Paul Strickland Scanner Centre,1,stricklandscanner.org.uk
Paxigate Healthcare Limited,1,paxigatehealthcareservice.com
Peabody Trust,1,peabody.org.uk
Peach Care Services Limited,1,peachcareservices.com
Peak & Dales Medical Partnership,1,bakewellmedicalcentre.co.uk
Peak 15 Ltd,1,ashcroftsupport.com
Pear Tree Surgery,1,peartreesurgery.nhs.uk
Pearl Care (Norwich) Limited,1,pearlcare.co.uk
Pearlcare (Kendal) Limited,1,pearlcare.co.uk
Pearlcare (Lincoln) Limited,1,pearlcare.co.uk
Peculiar Care Homes Limited,1,peculiarcarehomes.com
Pegasus Care Homes Limited,1,pegasuscare.com
Pembridge Villas Surgery,1,pembridgevillas-w11.nhs.uk
Pembroke Care (Reading) Limited,1,pembrokecare.com
Pembroke Medical Group,1,pembrokehousesurgery.co.uk
Pendeen Surgery,1,pendeensurgery.nhs.uk
Pendennis Ltd,1,pendenniscarehome.co.uk
Pendle Support Limited,1,pendlesupport.co.uk
Pendleside Hospice,1,pendleside.org.uk
Peninsula Autism Services & Support Limited,1,prioryadultcare.co.uk
Peninsula Care Homes Limited,1,peninsulacarehomes.co.uk
Peninsula Dental Social Enterprise CIC,1,peninsuladental.org.uk
Penistone Group PMS Practice,1,penistonegrouppractice.co.uk
Pennine Care NHS Foundation Trust,1,penninecare.nhs.uk
Pennine Drive Practice,1,penninedrivesurgery.co.uk
Pennine Medical Centre,1,penninemedicalcentre.nhs.uk
Pennypot Dental Practice Ltd,1,pennypotdental.co.uk
Penrhyn Surgery,1,penrhynsurgery.com
Penshurst Gardens Surgery,1,penshurstsurgery.co.uk
Pentacare Services Ltd,1,pentacare.co.uk
People First Care (Wooler) Limited,1,thegrangealnwick.co.uk
People Matter Support Services Limited,1,peoplemattersupport.co.uk
Peoples Care Limited,1,peoples-care.co.uk
Peoples Choice (UK) Limited,1,peopleschoiceuk.org
Peppermint Dental Centre Limited,1,peppermintdental.co.uk
Perfect Call Healthcare Limited,1,perfectcallrecruitment.co.uk
Perfect-Smiles Limited,1,smilestyle.co.uk
Persias Dental Limited,1,thedentalgallery.co.uk
Persona Care and Support Limited,1,personasupport.org
Personal Health Service Limited,1,cadoganclinic.com
Personalized Care Services,1,personalizedcareservices.co.uk
Perspectum Ltd,1,perspectum.com
Perthyn,1,perthyn.org.uk
Petals Care Agency Limited,1,petalscare.co.uk
Peter House Care Ltd,1,aldanatcare.co.uk
Peter Martin and Sarah O'Brien,1,barrowstreetdental.co.uk
Peterborough Care Limited,1,peterboroughcare.com
Peterloo Medical Centre,1,peterloomc.co.uk
Petersgate Medical Centre,1,petersgatemedicalcentre.nhs.uk
Petrie Tucker and Partners Limited,1,mydentist.co.uk
Petroc Group Practice,1,petrocgrouppractice.co.uk
Pharma Homecare Ltd,1,pharma-homecare.co.uk
Pharos Care Limited,1,midwaycaregroup.co.uk
Phoenix Family Practice,1,churchstreetpractice.nhs.uk
Phoenix Health Kare Limited,1,phoenixhealthkare.com
Phoenix Health Solutions Limited,1,whiterosesurgery.co.uk
Phoenix Private Health Ltd,1,phoenix-health.co.uk
Pickworths Residential Living Ltd,1,pickworthsresidentialliving.co.uk
Pierce & Geddes Limited,1,mydentist.co.uk
Pilgrims Hospices in East Kent,1,pilgrimshospice.org
Pilgrims Way Limited,1,pilgrimscare.co.uk
Pilgrims Way Surgery,1,pilgrimswaysurgery.co.uk
Pilkington Retirement Services Limited,1,pilkingtonfamilytrust.com
Pinfold Medical Practice,1,pinfoldmedicalpractice.co.uk
Pinnacle Care Ltd,1,pinnaclecare.co.uk
Pinnacle Cares For You Limited,1,pinnaclecares.co.uk
Pinnacle Caring Services Ltd,1,pinnaclecaring.co.uk
Plains View Surgery,1,plainsviewsurgery.co.uk
Plans4Rehab Limited,1,elizabethhousehospital.co.uk
Planshore Limited,1,parkviewnursinghome.com
Platinum Care (Lincoln) Ltd,1,waterloohousecarehome.co.uk
Platinum Care Limited,1,whitehousecarehome.co.uk
Platinum Healthcare Services Limited,1,platinumhealthcareuk.com
Platinum Homecare 4U Limited,1,aboveandbeyondhomecare.co.uk
Platinum Living Care Limited,1,platinumlivingcare.co.uk
Plenus Care Ltd,1,the-manor-care-home.co.uk
Plum Care Ltd,1,plumcare.co.uk
Plumstead Dental Surgery Limited,1,plumsteaddentalsurgery.co.uk
Polesworth Group Homes Limited,1,polesworthhomes.co.uk
Polonia Residential Home,1,poloniahome.com
Pondsmead (Shepton Mallet) Limited,1,pondsmeadnursinghome.com
Pontesbury & Worthen Medical Practice,1,pontesburymedicalpractice.co.uk
Poplar Grove Practice,1,poplar-grove.co.uk
Poringland Dental Surgery,1,the-dentists.com
Portelet Manor Limited,1,florencelodge.co.uk
Porthaven Care Homes (BM) Limited,1,porthaven.co.uk
Porthaven Care Homes LLP,1,porthaven.co.uk
Porthaven Care Homes Limited,1,porthaven.co.uk
Porthaven Care Homes No 2 Limited,1,porthaven.co.uk
Porthaven Care Homes No 3 Limited,1,porthaven.co.uk
Portland Dental Practice Partnership,1,portlanddentistry.co.uk
Portland Group Practice,1,royalmanorhealthcare.org.uk
Portsmouth City Council,1,portsmouthcc.gov.uk
Portsmouth Elder Care Limited,1,homeinstead.co.uk
Portsmouth Hospitals University NHS Trust,1,porthosp.nhs.uk
Posa Care Solutions Limited,1,posacaresolutions.co.uk
Positive Individual Proactive Support Limited,1,pips.support
Positive Steps Shropshire Limited,1,positive-steps-shropshire.co.uk
Powell/Palahey Partners,1,treelinedental.co.uk
Practice Plus Group Health and Rehabilitation Services Limited,1,gov.uk
Practice Plus Group Hospitals Limited,1,careuk.com
Precious Glimpse Limited,1,preciousglimpse.co.uk
Precious Homes Support Limited,1,abihomesuk.co.uk
Precious Hope Health & Home Care Ltd,1,precioushopecare.co.uk
Premcard Limited,1,elmhousenursing.co.uk
Premier Care Limited,1,prem-care.co.uk
Premier Care Partners Limited,1,premiercareessex.co.uk
Premier Carewaiting Limited,1,premiercarewaitingltd.co.uk
Premier Dental Care,1,premierdentalcare.co.uk
Premier Dental Limited,1,mydentist.co.uk
Premier Homecare (East) Limited,1,healthcarehomes.com
Premier Nursing Agency Limited,1,premiercommunity.co.uk
Premier Nursing Homes Limited,1,hillcare.net
Premier Orthodontics Limited,1,premierorthodontics.co.uk
Premier Primarycare Limited,1,manorclinic.co.uk
Premierbell Limited,1,halcyoncare.co.uk
Premiere Care (Southern) Limited,1,premierecarehomes.co.uk
Premiere Health Limited,1,cannhouse.co.uk
Premium Care Limited,1,woodsidehall-nh.co.uk
Premium Care Solutions Limited,1,pcs.uk.com
Premium Health Ltd,1,premiumhealth.org.uk
Premium Home Care Services Limited,1,homeinstead.co.uk
Premium Homecare Limited,1,premiumhomecareltd.com
Prentis Medical Centre,1,prentismedicalcentre.nhs.uk
Prestige Care & Support Limited,1,prestigecare.co.uk
Prestige Care (Middleton) Limited,1,prestigecaregroup.com
Prestige Care (Roseville) LTD,1,prestigecaregroup.com
Prestige Care (Sand Banks) Limited,1,prestigecaregroup.com
Prestige Home Care Limited,1,prestige-homecare.com
Prestige Nursing Limited,1,prestige-nursing.co.uk
Prettygate Dental Practice Limited,1,prettygatedental.co.uk
Preventdent Limited,1,williamplacedental.co.uk
Prevention and Recovery Care and Support (PARCS) Ltd,1,parcs-healthcare.co.uk
Priceless Care Services Ltd,1,pricelesscare.co.uk
Primary Care Partners Limited,1,croydongphub.co.uk
Primary Homecare Limited,1,primaryhomecare.co.uk
Primary Medical Solutions Limited,1,primarymedicalsolutions.co.uk
Prime Care (GB) Limited,1,mail.marinacare.co.uk
Prime Care (UK) Limited,1,sylvanhomecare.co.uk
Prime Healthcare (Bury) Limited,1,abbeydalecarehome.com
Prime Healthcare UK Limited,1,prime-healthcare.co.uk
Prime Life Limited,1,prime-life.co.uk
Prime4 Care Ltd,1,prime4care.com
Primecare Support Limited,1,primecare.co.uk
Primera Assisted Living Limited,1,primerahealthcare.co.uk
Primo Wirral Limited,1,primo.dental
Primrose Bank Ltd,1,primrose-bank.com
Prince of Wales Medical Centre,1,princeofwalesgrouppractice.nhs.uk
Pringle's Care Services Limited,1,pringlescareservices.co.uk
Prior Care Limited,1,priorcare.co.uk
Prior's Court Foundation,1,priorscourt.org.uk
Priority Care Home Limited,1,prioritycarehome.co.uk
Priority Home Care Dorset Ltd,1,priorityhomecare.co.uk
Priors Hall Dental Limited,1,priorshalldental.com
Priors Medical (Knightsbridge) Limited,1,drmedispa.com
Priory Court Developments Limited,1,wecaregroup.co.uk
Priory Dental Practice Limited,1,thepriorydentalpractice.co.uk
Priory Healthcare Limited,1,priorygroup.com
Priory Rehabilitation Services Limited,1,priorygroup.com
Pristine Care Group LTD,1,woodcaregroup.com
Pritchards Dental Practice Ltd,1,pritcharddental.co.uk
Pritesh and Amit,1,eastfinchleysmiles.co.uk
Private GP Clinic Ltd,1,privategpclinic.co.uk
Private Health Professionals Ltd,1,privatehealthprofessionals.co.uk
Private Medicare Limited,1,stmarysgroup.co.uk
Private Specialist GPS Ltd,1,myspecialistgp.co.cuk
Pro Healthcare Services Limited,1,prohealthcareservice.com
Procare Healthcare LTD,1,procarehc.co.uk
Procare Team Ltd,1,procareteam.co.uk
Prodent London Limited,1,prodentalclinic.london
Prof-Care Limited,1,prof-care.com
Profad Care Agency Limited,1,profadcareagency.co.uk
Professional Care Limited,1,thegablespudsey.com
Progenics Limited,1,claphamdental.com
Progression Care Limited,1,progressioncareltd.com
Prokare Limited,1,prokare.co.uk
Promedica24 (Lancashire) Limited,1,promedica24.co.uk
Prometheus Safe & Secure Ltd,1,psecure.co.uk
Prominence Care Group Limited,1,prominencecaregroup.co.uk
Promise Care Services Ltd,1,promisecareservices.co.uk
Promises of Care Limited,1,promisesofcare.co.uk
Promoting Independent Care Ltd,1,promotingindependentcare.com
Proper Aesthetics Limited,1,davincidentistry.co.uk
Proper Care (Cornwall) Ltd,1,propercarecornwall.com
Prospect Medical Group,1,prospectmedicalgroup.nhs.uk
Prospect Surgery,1,prospectsurgery.nhs.uk
Prosperity Housing Group Ltd,1,prosperityhousinggroup.co.uk
Protective Care Group Limited,1,protective-care.co.uk
Provide Care Solutions Limited,1,provide.org.uk
Provide Community Interest Company,1,provide.org.uk
Provide Homecare ltd,1,homecareipswich.co.uk
Provident Practices Ltd,1,prestonhousedental.co.uk
Provision Care Ltd,1,provisioncare.org
Psycare Limited,1,nouvita.co.uk
Psych-UK Limited,1,psychiatry-uk.com
Pure Smile,1,puresmile.co.uk
Pure Smiles,1,puresmiles.co.uk
PureCare Care Services Limited,1,purecareuk.com
Purple Flower Care Ltd,1,purpleflower.org.uk
Purple Lilac Healthcare Limited,1,purplelilachealthcare.com
Purple Oak Support,1,purpleoaksupport.org
Pusajev Ltd,1,theglencarehome.co.uk
Q Care Assist Ltd,1,qcareassist.co.uk
Q Leaf Care Limited,1,qleafcare.co.uk
Q-Orthodontics Limited,1,w1ortho.co.uk
Q.S. Enterprises Limited,1,queensquare.com
QAD GB Ltd,1,qadental.co.uk
QCM Healthcare Limited,1,qcmhealthcare.co.uk
Qualia Care Limited,1,qualiacare.co.uk
Qualified Care Limited,1,qualifed.care
Qualitcare24-7 Ltd,1,qualitcare247.co.uk
Quality & Compassionate Care Ltd,1,qc.care.co.uk
Quality Care (EM) Limited,1,qualitycare-em.co.uk
Quality Dental Albion Ltd,1,albiondentalpractice.com
Quality Dental Worthing Ltd,1,quality-dental.co.uk
Quality of Life Services Ltd,1,kareplus.co.uk
Quality support solutions Limited,1,qualitysupportsolutions.deanswayhosting.co.uk
Quantum Care Limited,1,quantumcare.co.uk
Quay Court (Care Centre) Limited,1,devoncaregroup.co.uk
Quayside Medical Practice,1,quaysidemedicalpractice.co.uk
Queensbridge Care Limited,1,queensbridgecare.co.uk
Queenstown Road Medical Practice,1,qtrmp.co.uk
Queenstree Practice,1,queenstreepractice.co.uk
Queensway Medical Centre Poulton,1,queensway.info
Quinn Domiciliary Agency Limited,1,quinn-da.co.uk
Quinton Practice,1,quintonpractice.nhs.uk
R & A Lampard Limited,1,sleeplanesmiles.co.uk
R & E Kitchen Care Limited,1,kitchengroup.care
R Cadman,1,yourlifeyourhome.co.uk
R S Property Investments Limited,1,gresleyhouse.co.uk
RA Care Services Limited,1,racareservices.co.uk
RAMSS Ltd,1,ramss.co.uk
RBL Field House Care Ltd,1,fieldhousecare.co.uk
RCS Domiciliary Agency Limited,1,rcsdomcare.co.uk
RDCP Care One Limited,1,rdcpcare.com
RESTFUL HOMES (LONGFORD) LTD,1,restfulhomes.co.uk
REXD Corporation Limited,1,caremark.co.ul
RKL Care Ltd,1,holliescare.com
RKL Living Ltd,1,autumn-care.co.uk
ROIAL CARING SERVICES LTD,1,fairviewresources.co.uk
RS Holistic Care Limited,1,rsholisticcare.co.uk
RSBC Care Ltd,1,rsbccareltd.co.uk
RSJB Quality Care Homes Limited,1,anchoragenursinghome.co.uk
RT-Care Solution Limited,1,rtcaresolution.com
RUR Aesthetics Limited,1,drmatla.com
Raageh Care Limited,1,raagehcareltd.co.uk
Radbrook Practice Ltd,1,radbrookdentalpractice.co.uk
Radcliffe Care Home Ltd,1,theradcliffe.com
Radcliffe Care Services Limited,1,homeinstead.co.uk
Radha Krishna Healthcare Ltd,1,aquariuscarehome.co.uk
Radiant Care Services Ltd,1,radiantcareservices.co.uk
Radiant Dental Limited,1,radiantdental.co.uk
Radibor Limited,1,availl.co.uk
Rainbow Care Solutions Limited,1,rainbowcaresolutions.co.uk
Rainbow Health & Care Ltd,1,rainbowcareagency.com
Rainbow Personnel Limited,1,rainbowpersonnel.co.uk
Rainbow Trust Children's Charity,1,rainbowtrust.org.uk
Ramm Care Group Ltd,1,rammcaregroup.com
Randall Care Homes Limited,1,randallcarehomes.com
Ranelagh Care Home Ltd,1,ranelaghhouse.com
Ranger Home Care Ltd,1,rangerhomecare.com
Ranis Healthcare Limited,1,ranishealthcarelimited.co.uk
Rapid Improvement Limited,1,rapidimprovement-careagency.co.uk
Rapid Response Personnel Ltd,1,rrsambulance.co.uk
Rather Home Ltd,1,ratherhomecare.co.uk
Rathmore Care Ltd,1,rathmorecare.co.uk
Raveedha Care Limited,1,symondshouse.com
Ravenshead Dental Practice Ltd,1,ravensheaddental.com
Ravenswood Medical Practice,1,ravenswoodmedicalpractice.co.uk
Ray of Sunshine Care Ltd,1,rayofsunshinecare.co.uk
Reable Health Ltd,1,reablehealth.co.uk
Real Life Options,1,reallifeoptions.org
Real You Clinic Limited,1,realyouclinic.com
Really Flexible Care Ltd,1,reallyflexiblecare.co.uk
Realmpark Health Care (Petworth) Limited,1,barlavingtonmanor.co.uk
Reason Care Limited,1,thetroc.co.uk
Rectory Meadow Surgery,1,rectorymeadowsurgery.co.uk
Red Brick Care Ltd,1,redbrickcare.com
Red Homes Healthcare Limited,1,redhomes.com
Red Oaks Care Ltd,1,redoakscare.com
RedHouse Care Limited,1,redhousecarehome.co.uk
Redcliffe (TMH) Limited,1,redcliffedental.com
Redgate Medical Services,1,redgatemedicalcentre.co.uk
Redlands House Limited,1,norfolkcarehome.co.uk
Redwood Tower UK Opco 1 Limited,1,signature-care-homes.co.uk
Redwood Tower UK Opco 2 Limited,1,signature-care-homes.co.uk
Reedsfield Care Ltd,1,reedsfieldcare.co.uk
Refine Surgical Ltd,1,rossingtons.co.uk
Regal Care Trading Ltd,1,regalcarehomes.com
Regal Healthcare Properties Limited,1,kingsleyhealthcare.co.uk
Regency Healthcare Limited,1,rhcl.co.uk
Regency Surgery,1,regencysurgery.nhs.uk
Regent Home Care (West Herts) Limited,1,accurocare.co.uk
Rehabilitation Education And Community Homes Limited,1,reach-disabilitycare.co.uk
Rehability UK Community Ltd,1,rehability.co.uk
Reign Supreme Care Services Ltd,1,reignsupremecare.co.uk
Reimagining General Practice GPMS Services Ltd,1,qegateshead.nhs.uk
Rejuvenate Aesthetics Clinic Ltd,1,rejuvenate-clinics.com
Reliacare Limited,1,reliacare.co.uk
Reliant Care Limited,1,reliantcare.co.uk
Remote Medic UK Ltd,1,remotemedic.org.uk
Renaissance Care Homes Limited,1,mendiplodge.co.uk
Renovar Ventures Ltd,1,drhconsult.co.uk
Residential Care Services Limited,1,franklynlodge.com
Resilience Health Care Ltd,1,resiliencehealthcare.co.uk
Responsible Care Homes Ltd,1,rutlandhouse.co.uk
Rest Assured Home Care Services Limited,1,restassuredhomecareservices.co.uk
Restcare Limited,1,restcare.care
Restcare Services (SW) Limited,1,restcare.co.uk
Restful Homes (Central) Ltd,1,restfulhomes.co.uk
Restful Homes (Midlands) Ltd,1,restfulhomes.co.uk
Restful Homes (Sutton Coldfield) LTD,1,restfulhomes.co.uk
Restful Homes (Worcestershire) Ltd.,1,restfulhomes.co.uk
Restgate Limited,1,carehome.co.uk
Restorehairclinics Limited,1,drraghureddy.com
Resurgence Case Management Ltd,1,resurgencecasemanagement.com
Rethink Mental Illness,1,rethink.org
Revolution Home Care Limited,1,revolutionhomecare.co.uk
Rhodsac Community Living Ltd,1,rhodsaccarehome.com
Ribblesdale Medical Practice,1,ribblesdalemc.nhs.uk
Richard Fisher & Associates Ltd,1,richardfisherdental.co.uk
Richardson Duston Limited,1,richardsoncares.co.uk
Richardson Grove Limited,1,richardsoncares.co.uk
Richmond Hill Orthodontics Limited,1,quadrantorthodontics.com
Richmond Medical Centre,1,richmondmedicalcentre.org.uk
Richmond Road Partnership,1,aldersbrookmedicalcentre.nhs.uk
Richmond Villages Operations Limited,1,richmond-villages.com
Richmondwood Ltd,1,richmondwood.co.uk
Rick Limited,1,theresponsivecare.co.uk
Ridgegate Home,1,ridgegatehome.org.uk
Ridgewood Care Services Limited,1,ridgewoodcareservices.co.uk
Right Care (NW) Ltd,1,rightcarenw.co.uk
Right Choice Care Ltd,1,rightchoicecate.co.uk
Right Recruitment Ltd,1,rightrecruitmentltd.com
Right Support Management Limited,1,rightsupportmanagement.co.uk
Ringmead Medical Group,1,ringmeadmedicalpractice.org.uk
Rings Homecare Service Ltd,1,ringshomecare.co.uk
Ripple Road Medical Centre,1,rippleroadmedicalcentre.co.uk
Ritchie Street Group Practice,1,ritchiestreethealthcentre.co.uk
Ritzi Care Homes Ltd,1,moorlands-care.co.uk
Rivendale Care Limited,1,achg.co.uk
River Stone (UK) Limited,1,riverstonecare.co.uk
Riversdale (Northwest) Limited,1,wecaregroup.co.uk
Riverside Dental Spa LLP,1,riversidedentalspa.com
Riyo Dental Limited,1,riyodental.co.uk
Roch 2 Limited,1,bluebirdcare.co.uk
Roche Healthcare Limited,1,rochehealthcare.com
Rock Healthcare Limited,1,rockhealthcare.co.uk
RockSolid 247 Limited,1,rocksolid247.com
Rockdale Housing Association,1,rockdale.org.uk
Rockley Dene Homes Limited,1,tlc-group.net
Rodwell House Limited,1,rodwellfarm.co.uk
Rookery Cottage,1,rookerycottage.care
Rooley Lane Medical Centre,1,rooleylanemedicalcentre.co.uk
Rosebank Care Home Limited,1,rosebankcarehome.org.uk
Rosebank Nursing Homes Limited,1,rosebankcarehome.co.uk
Roseberry Care Centres GB Limited,1,roseberrycarecentres.co.uk
Rosebud Homecare Limited,1,rosebudhomecare.co.uk
Rosebuds Supported Living Limited,1,rosebuds-supported-living.com
Rosedale Care Ltd,1,rosedalecarehome.com
Rosenmanor Limited,1,rosemanor.co.uk
Roseside Health Care Limited,1,exemplarhc.com
Roseville Care Homes (Melksham) Limited,1,rosevillecarehomes.co.uk
Rosewood Care LLP,1,rosewoodcare.co.uk
Rosewood Dental Clinic Limited,1,rosewood-dental.co.uk
Rosmead Healthcare Ltd,1,rosmeadhealthcare.co.uk
Ross Healthcare Limited,1,majesticare.co.uk
Rossino Care Limited,1,gacarers.co.uk
Rotherham Doncaster and South Humber NHS Foundation Trust,1,rdash.nhs.uk
Rotherholme Dental Practice Ltd,1,rotherholmedentalpractice.co.uk
Rotherwood Healthcare (Hampton Grange) Limited,1,rotherwood-group.co.uk
Rotherwood Healthcare (Lynhales Hall) Limited,1,rotherwood-group.co.uk
Rotherwood Healthcare (St Georges Park) Limited,1,rotherwood-healthcare.co.uk
Rothwell and Desborough Healthcare Group,1,rdhg.co.uk
Roundwood Surgery,1,roundwoodsurgery.co.uk
Routes Healthcare (North East) Limited,1,routeshealthcare.com
Routes Healthcare (North) Limited,1,routeshealthcare.com
Rowner Surgery,1,rownerhealthcentre.co.uk
Royal Arsenal Medical Centre,1,royalarsenalmedicalcentre.co.uk
Royal Berkshire NHS Foundation Trust,1,royalberkshire.nhs.uk
Royal Cornwall Hospitals NHS Trust,1,royalcornwall.nhs.uk
Royal Hospital for Neuro-Disability,1,rhn.org.uk
Royal Mencap Society,1,mencap.org.uk
Royal Mews Dental Practice Limited,1,royalmewsdentalpractice.co.uk
Royal Star & Garter,1,starandgarter.org
Royal Surrey NHS Foundation Trust,1,royalsurrey.nhs.uk
Royal United Hospitals Bath NHS Foundation Trust,1,ruh.nhs.uk
Royal Variety Charity,1,royalvarietycharity.org
Royle Care Limited,1,roylecare.co.uk
Royton Limited,1,bettacgroup.co.uk
Ruddington Homes Limited,1,my-care.co.uk
Rudin and Chani,1,thearnolddentalcentre.co.uk
Rugeley Invest Ltd,1,hawksyardpriory.co.uk
Ruh Dental (Notting Hill Gate) Limited,1,theneemtree.co.uk
Rushcliffe Care Limited,1,rushcliffecare.co.uk
Rushden Medical Centre,1,rushdensurgery.com
Russell Street Dental Practice Limited,1,russell-street.co.uk
Rutherford Medical Centre,1,rutherfordmedicalcentre.co.uk
Rutland House Community Trust Limited,1,rutlandhousecommunitytrust.co.uk
Ryecourt Limited,1,belsfieldcare.co.uk
Rymacare Limited,1,rymacare.co.uk
Rysvil Care Services Limited,1,rysvilcare.com
S A Groups,1,highfielddental.co.uk
S A Harrison Laboratories Limited,1,safe-dental.co.uk
S L S Dental Care Limited,1,mydentist.co.uk
S&A Care Services Ltd,1,sacareservices.co.uk
S.E.S Care Homes Ltd,1,sescarehomes.co.uk
S3 Care Ltd,1,midlandscare.co.uk
S5 Care Ltd,1,midlandscare.co.uk
SAIOM Home Care Ltd,1,stourportnursingandhomecareltd.co.uk
SAM Health Limited,1,cambridgestreetdental.co.uk
SAS Care Group Ltd,1,lakeviewnursinghome.co.uk
SBV Healthcare Ltd,1,sbvhealthcare.co.uk
SC Dental Studio Ltd,1,dentalstudioslough.com
SCA Care,1,scagroup.co.uk
SCASS Ltd,1,scassltd.org.uk
SCC Adult Social Care,1,surreycc.gov.uk
SCC Agency Limited,1,southcoastcare.com
SCL Care Limited,1,sclcare.co.uk
SCS Care Limited,1,scscare.co.uk
SDR Care Services Limited,1,sdrgroup.co.uk
SDS CARE Limited,1,homeinstead.co.uk
SFB Care Limited,1,goodoakshomecare.co.uk
SH&B Limited,1,bluebirdcare.co.uk
SJPL Group Ltd,1,madedental.co.uk
SK Excel Dental Limited,1,skexceldental.net
SKSH Limited,1,smilestylist.co.uk
SLR Care Homes Ltd,1,wychdene.co.uk
SLW Limited,1,sycamorecarecentre.co.uk
SMS Health Care Services Limited,1,everycare.co.uk
SNE Care Services Ltd,1,sne-care.co.uk
SRDC Limited,1,painfreedentistchorley.co.uk
SRDP Limited,1,mydentist.co.uk
SRJ Care Home Limited,1,theoldvicaragecarehome.com
SSA Quality Care Limited,1,ssaqualitycare.co.uk
SSC Secure Transport Ltd,1,sscsecuretransport.co.uk
SSP Health Primary Care Limited,1,ssphealth.com
SSYNS Limited,1,justhealth.co.uk
SVK Care Ltd,1,caremark.co.uk
SYM CARE LTD,1,visiting-angels.co.uk
Safehands Recruitment Ltd,1,safehandsrecruitment.co.uk
Safeharbour West Midlands Limited,1,safeharbourcare.com
Saffron Care Homes Ltd,1,saffroncarehomes.com
Saffronland Homes 1 Limited,1,saffronlandhomes.com
Saffronland Homes 2 Limited,1,saffronlandhomes.com
Saffronland Homes 3 Limited,1,saffronlandhomes.com
Sage Care Limited,1,sage-care.co.uk
Sage Dental Practice Limited,1,whitehousedental.co.uk
Sage Referral Centre Limited,1,sterlingdentalcentre.co.uk
Sage Smile Clinic Limited,1,sterlingdentalcentre.co.uk
Sahara Care Limited,1,saharahomes.co.uk
Sahara Parkside Limited,1,saharahomes.co.uk
Saint Catherines Hospice Trust,1,saintcatherines.org.uk
Saint Francis Hospice,1,sfh.org.uk
Saint Giles Dental Services Limited,1,dental-excellence.org
Saivan Care Services Limited,1,saivancare.com
Salford House Limited,1,salfordhouse.co.uk
Salford Medical Centre 1,1,salfordmedicalcentre.nhs.uk
Salisbury Avenue Healthcare Limited,1,salisburyavenue.nhs.uk
Salisbury Medical Practice,1,salisburymedicalpractice.co.uk
Salisbury NHS Foundation Trust,1,salisbury.nhs.uk
Salisbury Support 4 Autism Limited,1,ss4autism.com
Salters Medical Practice,1,salters.org.uk
Salubre Limited,1,bluebirdcare.co.uk
Salutem LD BidCo IV Limited,1,salutemcareandeducation.co.uk
Salveo Care Ltd,1,cherrytreehome.co.uk
Salvere Support Ltd,1,salveresupport.co.uk
Sama Care Ltd,1,samacare.co.uk
Samily Care Ltd,1,samilycare.co.uk
"Samir Bashir Ahmed Mulgund,Sheralyn Samir Mulgund & Rajen Himatlal Joshi",1,densmile.co.uk
Samuel Hobson House Limited,1,samuelhobsonhouse.co.uk
San Damiano Corporation (London) Ltd,1,sdcare.co.uk
San Damiano Corporation Ltd,1,sdcare.co.uk
Sana Care Services Limited,1,sanacareservices.co.uk
Sanctuary Care Limited,1,sanctuary-care.co.uk
Sanctuary Care Property (1) Limited,1,sanctuary-care.co.uk
Sanctuary Home Care Limited,1,sanctuary-supported-living.co.uk
Sanctuary Life Care Limited,1,sanctuarylifecare.co.uk
Sanctum Healthcare Limited,1,sanctumhealthcare.co.uk
Sandbourne House Ltd,1,thepinesgroup.com
Sanders Senior Living Limited,1,sandersseniorliving.co.uk
Sandstone Care Cheshire Limited,1,handsale.co.uk
Sandstone Care Telford Limited,1,sandstonecare.co.uk
Sandton Healthcare Limited,1,sandtonhealthcare.com
Sandwich Medical Practice,1,sandwichmedicalpractice.co.uk
Sangam Surgery,1,sangamsurgery.nhs.uk
Sanjay Patel,1,esthetique.org.uk
Sans Soucie Home Care Ltd,1,sanssouciehomecare.com
Santa Bapoo,1,santacarehomes.co.uk
Sapphire Care Services Limited,1,prioryadultcare.co.uk
Sapphire Clinics (London) Limited,1,sapphireclinics.com
Sarah Cannon Research Institute UK Limited,1,sarahcannonresearch.co.uk
Sarah L. Robinson Limited,1,valleydentalpractice.com
Sarah's Home Care Ltd,1,carebysarah.co.uk
Saren Limited,1,everlife.co.uk
Sarmey Healthcare Limited,1,sarmeyhealthcare.com
Sarum Health Group,1,millstreamsurgerysalisbury.nhs.uk
Sathya Care Ltd,1,graftonlodge.co.uk
Saturn Healthcare Ltd,1,saturnhealthcare.co.uk
Saville Medical Group,1,savillemed.co.uk
Saving Faces Limited,1,saving-faces.co.uk
Saxbridge Care Ltd,1,saxbridgecare.co.uk
Saxon Care Solutions Limited,1,saxoncare.com
Scan My Baby Ltd,1,scanmybaby.co.uk
Scandi Smile Centre Limited,1,manorhousedental.com
Scarsdale Grange LLP,1,scarsdalegrange.com
School Lane Surgery,1,schoollanesurgery.co.uk
Schoolacre Road Surgery,1,schoolacresurgery.nhs.uk
Schreiber Care UK Ltd,1,schreibercareuk.com
Scio Healthcare Limited,1,sciohealthcare.co.uk
Scott Arms Medical Centre,1,scottarmsmedical.co.uk
Scott Care Limited,1,scottcare.co.uk
Scott Road Medical Centre,1,scottroad.org.uk
Seaford Homes Limited,1,nova-house.co.uk
Seagry Care Limited,1,ferndale.care
Seahaven C.H. Ltd,1,caringandleading.co.uk
Sebastian Antosik and Olga Chabrzyk-Antosik,1,brightonvilladental.co.uk
Secure Care UK Limited,1,securecareuk.co.uk
Sedgefield Dental Practice Limited,1,sedgefielddentalpractice.com
Seedat and Ahmed,1,ksdental.co.uk
Sefton New Directions Limited,1,ndirections.co.uk
Seidu and Partners,1,hockleyfarmmedicalpractice.co.uk
Selborne Care Limited,1,selbornecare.co.uk
Select Lifestyles Limited,1,selectlifestyles.co.uk
Select Primecare Limited,1,selecthealthcaregroup.com
Selekt Care Ltd,1,selektcare.co.uk
Selsdon Park Medical Practice,1,selsdonparkmedicalpractice.co.uk
Semy Care Ltd,1,semycare.co.uk
Senacare Ltd,1,senacare.co.uk
Senior Health Care Group Ltd,1,seniorhealthcare.org.uk
Seniors Helping Seniors (UK) Limited,1,seniorshelpingseniors.co.uk
Sense,1,sense.org.uk
Sensitive Care Solutions Ltd,1,dreproperties.co.uk
Sensu,1,sensu.co.uk
Sentinel Health Care Limited,1,sentinel-healthcare.co.uk
Sentricare Limited,1,sentricare.co.uk
Sentry Care Limited,1,sentrycare.co.uk
Seraphim Home Care Ltd,1,seraphimhomecare.co.uk
Seremed Healthcare Ltd,1,seremedhealth.co.uk
Serene Healthcare Group Ltd,1,serenehealthcaregroup.co.uk
Serene Healthcare Services Ltd,1,sereneservices.co.uk
Serenity Homes Limited,1,serenity-homes.org
Servesoul Limited,1,servesoul.co.uk
Service To The Aged,1,thesagehome.com
Services for Independent Living,1,s4il.co.uk
Seth Homes Limited,1,stoneacrelodge.com
Seva Care (Respite And Residential Services) Limited,1,sevacaregroup.com
Sevacare (UK) Limited,1,sevacare.org.uk
Seven Care Services Ltd,1,sevencareservices.org
Seven Hills Homecare Ltd,1,sevenhillshomecare.com
Severn Care Limited,1,severncare.co.uk
Severn Surgery,1,spectrum-health.co.uk
Severn Vale Home Care Limited,1,severnvalehomecare.co.uk
Shabach Health Care Ltd,1,shabachhealthcare.co.uk
Shafa Medical Services Limited,1,shafa-medical.co.uk
Shaftesbury Care GRP Limited,1,bondcare.co.uk
Shammah Healthcare Limited,1,shammahhealthcare.co.uk
Shangri-La Care Services Limited,1,shangrila.uk.net
Shannon Court Care Home Limited,1,shannoncourt.co.uk
Sharda Care Limited,1,victoria-centre.co.uk
Shardale (St Annes) Limited,1,shardalerehab.co.uk
Share The Care Ltd,1,sharethehomecare.co.uk
Sharing Smiles Orthodontics Ltd,1,sharingsmiles.co.uk
Shauna Health Care Service Solutions Limited,1,shaunahealthcaresolutions.co.uk
Shaunak Popat Orthodontists Ltd,1,anglehouse.com
Shaw Healthcare (Group) Limited,1,shaw.co.uk
Shaw Healthcare (Ledbury) Limited,1,shaw.co.uk
Shaw Healthcare (Specialist Services) Limited,1,shaw.co.uk
Shaw Healthcare (de Montfort) Limited,1,shaw.co.uk
Shaw Healthcare Limited,1,shaw.co.uk
Shawcross Care Ltd,1,fshc.co.uk
Sheepcot Medical Centre,1,sheepcotmedicalcentre.co.uk
Sheerwater Healthcare Limited,1,sheerwaterhouse.co.uk
Sheet Street Surgery,1,sheetstreetsurgery.co.uk
SheffCare Limited,1,sheffcare.co.uk
Sheffield Children's NHS Foundation Trust,1,sheffieldchildrens.nhs.uk
Sheffield City Council,1,sheffield.gov.uk
Sheffield Teaching Hospitals NHS Foundation Trust,1,sth.nhs.uk
Sheila-Jeans Home Care Limited,1,sheilajeanshomecare.co.uk
Shelley Park Limited,1,shelleypark.co.uk
Shelton Dental Centre,1,sheltondental.co.uk
Shephall Dental Surgery,1,stevenagesmiles.co.uk
Sheridan Care Limited,1,sheridancare.co.uk
Sherwood Forest Hospitals NHS Foundation Trust,1,sfh-tr.nhs.uk
Shield Health & Social Care Limited,1,shieldhsc.org
Shine Dental Practice Limited,1,shinedental.co.uk
Shine Partnerships Ltd,1,shinepartnerships.co.uk
Shining Care Limited,1,shiningcare.co.uk
Shipston House Ltd,1,shipstonlodge.co.uk
Shire Oaks Court Health Care Limited,1,exemplarhc.com
Shirland Medical,1,shirlandmedical.nhs.uk
Shirley Old Peoples Welfare Committee,1,elizabethhouseshirley.co.uk
Shores Homecare Limited,1,shores.org.uk
Shrewsbury Road Surgery,1,shrewsburyroadsurgery.co.uk
Shrewsbury and Telford Hospital NHS Trust,1,sath.nhs.uk
Shreyas S.A.I.N Ltd,1,caringhome.co.uk
Shropshire Care Limited,1,bluebirdcare.co.uk
Sidmouth Nursing Home Ltd,1,sidmouthnursinghome.co.uk
SignHealth,1,signhealth.org.uk
Signa Care Group Ltd,1,signaturecaregroup.co.uk
Signature Medical Limited,1,signatureclinic.co.uk
Signature Senior Lifestyle Operations Ltd,1,signature-care-homes.co.uk
Signature of Reigate (Operations) Limited,1,signature-care-homes.co.uk
Signet Healthcare Limited,1,signethealthcare.co.uk
Silestia Ltd,1,radfieldhomecare.co.uk
Silver Healthcare Limited,1,silver-healthcare.co.uk
Silverjen Limited,1,silverjenhealthcare.uk
Silverlake Care 2 Limited,1,silverlakecare.co.uk
Silversword Limited,1,oldalresfordcottage.co.uk
Simdent Dental Care Limited,1,benfleetdentalcentre.com
Simplified Staffing Limited,1,simplifiedstaffing.net
Simply Care Group UK Ltd,1,moraruk.co
Sincere Care Ltd,1,sincerecareltd.com
Sipi Care Agency Limited,1,sipicareagency.co.uk
Sirona Care & Health C.I.C.,1,sirona-cic.org.uk
Sirona International Limited,1,poseidon-gp.com
Sisters Hospitallers of the Sacred Heart of Jesus CIO,1,sistershospitallers.org
Sisters of the Sacred Hearts of Jesus and Mary CIO,1,sacredheartsjm.org
Skin Excellence Clinics Ltd,1,skinexcellenceclinics.co.uk
Skolak Healthcare Limited,1,beechillnursinghome.co.uk
Skyline Home Care Services Limited,1,skylinehomecare.co.uk
Slades of Surrey Limited,1,bluebirdcare.co.uk
Sloane Court Clinics Limited,1,sloanecourtclinic.com
Sloane Square Medical Ltd,1,drvictoriaowen.com
Smart Smile Care Ltd,1,firstdentalcare.co.uk
Smarter Care Provision Limited,1,sundaycaretherapy.com
Smartmove Homes Limited,1,hazelwoodcarehome.com
Smile 360 Ltd,1,smile360.co.uk
Smile @ West Park Ltd,1,smile-at-westpark.co.uk
Smile Care (Cornwall) Ltd,1,smile-dentalcare.co.uk
Smile Care (Plymouth City) Limited,1,smiledentalcare.co.uk
Smile Care Dental Clinic,1,smilecareleicester.co.uk
Smile Care Salford Ltd,1,smile-dentalcare.co.uk
Smile Care South Limited,1,smile-dentalcare.co.uk
Smile Clinic UK Limited,1,smile-clinic.co.uk
Smile Clinics Limited,1,thesmileclinicpreston.com
Smile Creations Innovations Limited,1,smilecreations.co.uk
Smile Kent Ltd,1,smile-tech.co.uk
Smile Pod Limited,1,smilepod.co.uk
Smile Studio Walk in Centre Limited,1,smilestudio-walkin.com
Smile Together Dental CIC,1,smiletogether.co.uk
Smile Transformation & Cosmetic Services Ltd,1,ramsbottomdentalsurgery.co.uk
Smile and Wellbeing Limited,1,smileandwellbeing.com
Smile by Design Limited,1,smilebydesign.biz
Smile2Impress Clinics Ltd,1,smile2impress.com
Smilemakers Dental Partnership,1,smilemakers.co.uk
Smileright Dencare Limited,1,smileright.co
Smileright Limited,1,ambiencedentalpractice.co.uk
Smiles Dental Care Limited,1,southgatesmiles.com
Smiles On Broadway,1,smilesonbroadway.co.uk
Smilessence Ltd,1,smilessence.co.uk
Snowball Care UK Ltd,1,snowballcareuk.co.uk
Snowbeam Ltd,1,bluebirdcare.co.uk
Snowflake Healthcare Ltd,1,snowflakehealthcare.com
Social Care 4U Limited,1,socialcare4u.co.uk
Social Care Academy Ltd,1,socialcareacademy.net
Social Care Aspirations Ltd,1,socialcareaspirations.co.uk
Social Care Solutions Limited,1,socialcaresolutions.com
Social Return Case Management Limited,1,social-return.co.uk
Sofin Care Limited,1,rightathomeuk.co.uk
Solace Care Solutions Limited,1,solacehealthcare.co.uk
Solcare (Broxtowe & Erewash) Ltd,1,caremark.co.uk
Solihull Medical Cosmetic Clinic Limited,1,solihullmedicalcosmeticclinic.co.uk
Soliton Limited,1,senovadental.com
Solsken Limited,1,solskencare.com
Solution Care 247 LTD,1,solutioncare247.co.uk
Solution2care Services Limited,1,solution2careservices.co.uk
Solutions24 Limited,1,careservice24.co.uk
Soma Healthcare Limited,1,somahealthcare.co.uk
Somcare Agency Limited,1,somcare.co.uk
Somerset Care Limited,1,somersetcare.co.uk
Sonoworld Diagnostic Services Limited,1,sonoworld.co.uk
Sorg Services Limited,1,caremark.co.uk
Soul Care Aesthetics Ltd,1,soulcareaesthetics.co.uk
Sound Homes Limited,1,larkswoodcarehome.com
Source Bioscience UK Limited,1,sourcebioscience.com
South Care Homes Ltd,1,scnh.co.uk
South Central Ambulance Service NHS Foundation Trust,1,scas.nhs.uk
South Coast Care Homes Limited,1,southcoastcarehomes.co.uk
South Coast Nursing Homes Limited,1,scnh.co.uk
South Coventry Living Well Ltd,1,homeinstead.co.uk
South East London Mind Limited,1,mindcare.org.uk
South Eastern Solutions Limited,1,curantcare.co.uk
South Lane Dental,1,southlanedental.co.uk
South London and Maudsley NHS Foundation Trust,1,slam.nhs.uk
South Milford Surgery,1,southmilfordsurgery.co.uk
South Norwood Hill Medical Centre,1,southnorwoodhillgp.org.uk
South Oxhey Surgery,1,southoxheysurgery.nhs.uk
South Tees Hospitals NHS Foundation Trust,1,southtees.nhs.uk
South Tyneside MBC,1,southtyneside.info
South Tyneside Smiles Limited,1,mydentist.co.uk
South View Partnership,1,southview.gpsurgery.net
South Warwickshire University NHS Foundation Trust,1,warwickhospital.nhs.uk
South West Care Homes Limited,1,southwestcarehomes.co.uk
South West Home Care Ltd,1,rightathome.co.uk
South West London and St George's Mental Health NHS Trust,1,swlstg.nhs.uk
South West Yorkshire Partnership Teaching NHS Foundation Trust,1,southwestyorkshire.nhs.uk
South Yorkshire Senior Care Services Limited,1,homeinstead.co.uk
Southampton Orthodontic Centre Limited,1,braces4u.co.uk
Southcote Clinic,1,southcoteclinic.co.uk
Southden Limited,1,southcotdentalcare.co.uk
Southern Coast Care Ltd,1,bodmeyrickcarehome.co.uk
Southern ENT Limited,1,justears.co.uk
Southern Housing,1,shgroup.org.uk
Southern Medical Rescue Ltd,1,southernmedicalrescue.co.uk
Southfields Dental Centre,1,southfieldsdental.co.uk
Southside & Co Limited,1,southsidedentalpractice.co.uk
Southside Partnership,1,certitude.london
Southside Specialist Dementia Care Ltd,1,jwcare.co.uk
Southview Home Care Ltd,1,southviewhomecare.co.uk
Southway Surgery,1,southwaysurgery.com
Southwest Veins Limited,1,southwestveins.co.uk
Sovereign (George Potter) Limited,1,georgepottercare.org
Spa Surgery,1,bostonspasurgery.co.uk
SpaDental Limited,1,spadental.co.uk
SpaMedica Ltd,1,spamedica.co.uk
Space Healthcare Limited,1,space-healthcare.co.uk
Specialist Care Limited,1,specialist-care.co.uk
Specialist Endodontic Centre Limited,1,specialistendocentre.co.uk
Specialist Endodontics Ltd,1,stokelanedentistry.co.uk
Speciality Care (Rehab) Limited,1,prioryadultcare.co.uk
Spectrum Associates (MK) Ltd,1,dentalspecialistsmk.com
Spectrum Community Health C.I.C.,1,spectrumhealth.org.uk
Spectrum Social Care Ltd,1,spectrumsocialcare.co.uk
Spemple Limited,1,rosebery-carehome.co.uk
Spencer Private Hospitals Limited,1,spencerprivatehospitals.com
Sphere Specialist Healthcare Ltd,1,spherespecialist.co.uk
Spire Healthcare Limited,1,spirehealthcare.com
Spire Home Care & Training Limited,1,spire-homecare.co.uk
Spire Homecare 2016 Limited,1,spirehomecare.co.uk
Spirit Primary Care Limited,1,camphillhealthcentre.nhs.uk
Spotlight Healthcare Services Limited,1,spotlighthealthcare.co.uk
Spring Cottages Home Care Limited,1,springcottagescare.co.uk
Spring Forth Health Care Ltd,1,springforthhealth.co.uk
Spring Hall Group Practice Limited,1,springhallgrouppractice.co.uk
Spring View Healthcare Ltd,1,brindleymanor.com
Springbank Care Home (Silsden) Limited,1,spellmancare.co.uk
Springboard Helpers Limited,1,caremark.co.uk
Springcare (Bulwell) Limited,1,springcare.org.uk
Springcare (Davenham) Limited,1,springcare.org.uk
Springcare (Eastwood) Limited,1,springcare.org.uk
Springcare (Knutsford) Limited,1,springcare.org.uk
Springcare (Wythenshawe) Limited,1,springcare.org.uk
Springcare (Yockleton) Limited,1,springcare.org.uk
Springdene Nursing and Care Homes Limited,1,springdene.co.uk
Springfield Care Home Services Ltd,1,springfieldch.co.uk
Springfield Care Sunderland Limited,1,springfieldcarehomes.co.uk
Springfield Health Services Limited,1,springfieldnursing.co.uk
Springfield Home Care Services Limited,1,springfieldhealthcare.com
Springfield Residential Home Limited,1,springfields-bridestowe.co.uk
Springhill Hospice (Rochdale),1,springhill.org.uk
Springwood Residential Home Limited,1,springwoodhouseresidentialhome.co.uk
Sreenesh Limited,1,mulgravedental.com
Sreevijay Ltd,1,royalcare24.co.uk
St Andrew's Hospice Limited,1,standrewshospice.com
St Andrew's House,1,standrewshouse.org.uk
St Andrews Medical Practice,1,standrewsmedicalpractice.nhs.uk
St Andrews Surgery,1,standrewssurgery-hull.nhs.uk
St Anselm's Nursing Home,1,stanselmsnursinghome.co.uk
St Anthony's Health Centre,1,stanthonyshealthcentre.nhs.uk
St Augustine Ltd,1,towerviewcare.com
St Austell Healthcare,1,staustellhealthcare.co.uk
St Catherines Care Centre Limited,1,chdliving.co.uk
St Catherines Dental Practice,1,stcathsdental.co.uk
St Cuthbert's Care,1,stcuthbertscarenursinghomes.org.uk
St Dominic's Limited,1,asterhealthcare.co.uk
St Elizabeth's Centre,1,stelizabeths.org.uk
St George's University Hospitals NHS Foundation Trust,1,stgeorges.nhs.uk
St Georges Medical Practice,1,sgmp.nhs.uk
St Gregory's Homecare Limited,1,sgh-homecare.co.uk
St Helena Care Services Ltd,1,radfieldhomecare.co.uk
St Helens Council,1,sthelens.gov.uk
St John's House Care Limited,1,castlemeadowcare.co.uk
St John's Medical Centre,1,stjohnsmedcentre.co.uk
St Johns House Surgery,1,stjohnshousesurgery.com
St Johns Medical Centre,1,stjohnsmedicalcentre.co.uk
St Johns Nursing Home Limited,1,primecaregroup.co.uk
St Joseph's Hospice Hackney,1,stjh.org.uk
St Josephs Rest Home,1,stjosephsresthome.co.uk
St Lawrence Surgery,1,stlawrencesurgery.com
St Mark's Medical Centre,1,stmarksmc.nhs.uk
St Martin's Gate Surgery,1,stmartinsgatesurgery.co.uk
St Michael's Care Homes Limited,1,stmichaelscare.com
St Micheal Care Limited,1,homeinstead.co.uk
St Mungo Community Housing Association,1,mungosbroadway.org.uk
St Paul's Medical Centre,1,stpaulspcc.co.uk
St Peter's Hospice,1,stpetershospice.org
St Peters Dental Practice,1,stpetersdentalpractice.co.uk
St Philips Care Limited,1,stphilipscare.com
St Stephens Surgery,1,ststephenssurgery.co.uk
St Vincent's Care Limited,1,stvincentscare.co.uk
St Vincent's Charitable Trust,1,svnh.co.uk
St. Albans Care Limited,1,albanmanor.co.uk
St. Anthony Of Padua Community Association,1,stapca.co.uk
St. Cecilia Care Dorset Limited,1,stceciliacare.com
St. Cecilia's Care Services Limited,1,stcecilias.co.uk
St. Cuthbert's Hospice Durham,1,stcuthbertshospice.com
St. Dominics Residential Home Limited,1,stdominicsrh.co.uk
St. Gregory's House Limited,1,stgregoryshouse.co.uk
St. Helena Hospice Limited,1,sthelenahospice.org.uk
St. James's Lodge Healthcare Ltd,1,mayhaven.com
St. John Ambulance,1,sja.org.uk
St. John's Hospice North Lancashire and South Lakes,1,sjhospice.org.uk
St. Luke's Hospice,1,stlukeshospice.org.uk
St. Luke's Hospice Plymouth,1,stlukes-hospice.org.uk
St. Margaret's Somerset Hospice,1,st-margarets-hospice.org.uk
St. Matthews Limited,1,smhc.uk.com
St. Michael's Homes Limited,1,stmichaelshomesltd.com
St. Quentin Residential Home Limited,1,stquentin.org.uk
St. Richard's Hospice Foundation,1,strichards.org.uk
St. Thomas Complex Limited,1,stthomascomplex.com
St. Vincent Care Homes Limited,1,stvincentcare.co.uk
St.Antony's Ltd,1,stantonyscarehome.co.uk
St.Clair Care Limited,1,stclaircare.com
Stable Lives Care Ltd,1,stablelives.co.uk
Stable Steps LTD,1,stablesteps.co.uk
Staffa Health,1,staffahealth.co.uk
Staffordshire County Council,1,staffordshire.gov.uk
Staianoplasticsurgery Ltd,1,staianoplasticsurgery.co.uk
Stallcombe House,1,stallcombehouse.co.uk
Stanley House Limited,1,elysiumhealthcare.co.uk
Stanley Medical Centre,1,stanleymedicalcentre.nhs.uk
Stanmore Medical Group,1,stanmoremedicalgroup.co.uk
Stanway Green Lodge LLP,1,stanwaygreenlodge.co.uk
Stapenhill Dental Care,1,stapenhilldentalcare.co.uk
Star Angel Care Limited,1,starangelcare.com
Star Sri UK Limited,1,cumberlandcourt.co.uk
Starlight Ultrasound Limited,1,starlightultrasound.co.uk
Starry Care UK Limited,1,starrycare.com
Start-Smiling,1,start-smiling.co.uk
Start2Stop Limited,1,start2stop.co.uk
Station Drive Surgery,1,stationdrivesurgery.co.uk
Station House Dental Practice (Telford) Ltd,1,stationhousedentalpractice.co.uk
Station Road Dental Practice Partnership,1,houseofdental.co.uk
Station Road Surgery,1,srswestwickham.co.uk
Station Road Surgery Limited,1,stationsurgery.co.uk
Stedham House Ltd,1,stedhamhouse.com
Stella Maris Practice Limited,1,confidence2smile.co.uk
Stennack Homecare Limited,1,stennackhomecare.co.uk
Step One Services Limited,1,steponeservicesltd.co.uk
Stephen Geach,1,englishoakcarehomes.co.uk
Stephenson Park Health Group,1,foresthallmedicalgroup.nhs.uk
Stepping Stones Clinic Limited,1,steppingstonesclinic.uk
Stepping Stones Resettlement Unit Limited,1,steppingstonesru.co.uk
Stepping Stones to Independence,1,steppingstonestoindependence.co.uk
Steps Residential Care Limited,1,nationalcaregroup.com
Steps Together Rehab (St.Helens) LTD,1,stepstogether.co.uk
Sterling Care Solutions Group Limited,1,sterlingcaregroup.co.uk
Sterling Dental Centre,1,sterlingdentalcentre.co.uk
Sterling Dental Surgeries Limited,1,swakeleysdental.com
Sterling Standard Care Group Ltd,1,sterlingstandard.com
Stock Surgery,1,stocksurgery.co.uk
"Stockdales Of Sale, Altrincham & District Ltd",1,stockdales.org.uk
Stockport NHS Foundation Trust,1,stockport.nhs.uk
Stocks Hall Care Homes Limited,1,stockshall-care.co.uk
Stockton-on-Tees Borough Council,1,stockton.gov.uk
Stokesley Surgery,1,stokesleyhealthcentre.co.uk
Stonehaven (Healthcare) Ltd,1,stone-haven.co.uk
Stoneleigh Residential Care Home Limited,1,stoneleighcarehome.co.uk
Stones Holdings Limited,1,pferahall.co.uk
Stonesby House Ltd,1,stonesbyhouse.co.uk
Stopsley Village Practice,1,stopsleyvillagepractice.co.uk
Stour Sudbury Limited,1,caringhomes.org
Stowcare Limited,1,stowcare.co.uk
Stowhealth,1,stowhealth.nhs.uk
Straight White Teeth Limited,1,liondentalcentre.co.uk
Stratfield Care LLP,1,stratfieldlodge.co.uk
Stratford Orthodontics Limited,1,stratfordorthodontics.co.uk
Strathmore Care,1,strathmorecare.com
Strathmore Care Services Limited,1,prioryadultcare.co.uk
Stratum Clinics Limited,1,stratumclinics.com
Streatfield Surgery,1,streatfieldhealthcentre.co.uk
Streetly Smiles Dental Care,1,streetlysmiles.co.uk
Streetscene Addiction Recovery,1,streetscene.org.uk
Stretton Care Limited,1,strettonnursinghome.co.uk
Strode Park Foundation For People With Disabilities,1,strodepark.org.uk
Strong Life Care (Hesslewood House) Limited,1,stronglifecare.co.uk
Strong Life Care Limited,1,stronglifecare.co.uk
Stubby Leas Care Home LTD,1,stubbyleasnursinghome.com
Sturdee Community Limited,1,inmind.co.uk
Stuti Bhatt Ltd,1,dental-concepts.com
Style Acre,1,styleacre.org.uk
Sue Ryder,1,suerydercare.org
Sulis Hospital Bath Limited,1,circlebath.co.uk
SummerCare Limited,1,summercare.org
Summerstown Dental Centre Limited,1,together.dental
Sun Healthcare Limited,1,sunhealthcare.com
Sunbird Care Ltd,1,sunbirdcare.co.uk
Sunderland City Council,1,sunderland.gov.uk
Sundial Lodge Limited,1,sundial-lodge.co.uk
Sunnybrook Care Home Limited,1,forgetmenotburnham.co.uk
Sunnyside Private Nursing Home Limited,1,trustworth.co.uk
Sunquest Homes Limited,1,westerley.co.uk
Sunrise Care Limited,1,sunrisecare.co.uk
Sunshine Dental Limited,1,sunshinedental.co.uk
Super Healthcare Ltd,1,superhealthcare.co.uk
Superb Healthcare Limited,1,superbhealthcareltd.co.uk
Supernumerary Limited,1,horshamgentledental.co.uk
Supplican Group Ltd,1,supplican.co.uk
Support 4 Life Limited,1,bluebirdcare.co.uk
Support at Home Ltd,1,supportathome.co.uk
Supported Futures Ltd,1,supportedfutures.co.uk
Supported Independence Limited,1,supportedindependence.co.uk
Supported Living Services Ltd,1,sls.ltd
Supported Living UK Limited,1,activecaregroup.co.uk
Supportive Care (UK) Limited,1,supportive.care
Supreme Care Services Limited,1,supremecare.co.uk
Supreme Care UK Ltd,1,supremecareuk.com
Surbiton Care Centre Ltd,1,chdliving.co.uk
Surbiton Care Homes Limited,1,milvertonnursinghome.co.uk
Sure Healthcare Limited,1,surehealthcare.co.uk
Sure Healthcare and Supported Living (UK) Limited,1,sure-healthcare.co.uk
Surecare (Doncaster) Ltd,1,surecare.co.uk
Surecare Health Limited,1,surecaregroup.com
Suresh Nagappa and Partners,1,trentvalleysurgery.co.uk
Surrey Crossroads,1,crossroadscaresurrey.org.uk
Surrey Heights Dementia Care Centre Ltd,1,chdliving.co.uk
Surrey and Borders Partnership NHS Foundation Trust,1,sabp.nhs.uk
Surrey and Sussex Healthcare NHS Trust,1,surreyandsussex.nhs.uk
Sursum Limited,1,bramleycare.co.uk
Sussex Aesthetics Ltd,1,sussexaesthetics.co.uk
Sussex Grange Limited,1,sussexgrange.co.uk
Sussex Homecare Support Limited,1,goodoakshomecare.co.uk
Sussex Housing and Care,1,sussexhousing.org.uk
Sussex Medical Chambers Limited,1,sussexmedicalchambers.co.uk
Sussex Partnership NHS Foundation Trust,1,sussexpartnership.nhs.uk
Sussex Primary Care Ltd,1,chapelst.gpsurgery.net
Sutton Aesthetic Dent Ltd,1,suttoncoldfielddental.co.uk
Sutton Court Associates Limited,1,suttoncourthomes.com
Sutton Park Dental Centre,1,suttonparkdental.com
Suttons Wharf Health Centre,1,suttonswharfhealthcentre.nhs.uk
Swallowcourt Limited,1,swallowcourt.com
Swallownest Health Centre,1,swallownesthealthcentre.co.uk
Swan Care Solutions Limited,1,swancaresolutions.co.uk
Swanton Care & Community Limited,1,swantoncare.com
Swanton Community Services,1,alinahomecare.com
Swineshead Medical Group,1,swinesheadmedicalgroup.co.uk
Swivel Healthcare Ltd,1,swivelhealthcare.co.uk
Sydenham House Medical Group,1,sydenhamhouse.co.uk
Synergy Dental Clinic Swan Lane Limited,1,synergydental.org.uk
T & D Homecare Ltd,1,tdhomecare.co.uk
T Bradstock-Smith Limited,1,londonsmile.co.uk
T Lewis,1,rosedenenursinghome.co.uk
T.H.O.M.A.S. (Those On The Margins Of A Society),1,thomasonline.org.uk
TAM Carehomes Ltd,1,dalveyhousenorlington.co.uk
TIC Health Limited,1,tichealth.co.uk
TIME TO BOND 4D ULTRASOUND LIMITED,1,timetobond4d.co.uk
TKSD Care Homes & Training Ltd,1,stevenlodge.co.uk
TLC CARE HOMES BLAMSTERS RESIDENTIAL LIMITED,1,tlccarehomes.co.uk
TLC Care Homes Supported Living Limited,1,ivolvecare.co.uk
TLC Care(UK) Limited,1,briarcroftcarehome.co.uk
TNC Healthcare Limited,1,tnchealthcare.co.uk
TPC Group Limited,1,hansplace.com
TRZ Care Limited,1,trzcare.co.uk
Tailored Care and Nurture Ltd,1,tailoredcareandnurture.co.uk
Tailored Transitions Ltd,1,tailoredtransitions.co.uk
Takashi Ito,1,dritoclinic.co.uk
Taks Healthcare Ltd,1,takshealthcare.co.uk
Talbert Living Care Investments Limited,1,talbertlivingcare.co.uk
Tamar Care Services Southwest Ltd,1,tamarcareservices.co.uk
Tamar Healthcare Ltd,1,rhencullencaregroup.co.uk
Tamehaven Limited,1,foresthc.com
Tameside Metropolitan Borough Council,1,tameside.gov.uk
Tameside and Glossop Integrated Care NHS Foundation Trust,1,tamesidehospital.nhs.uk
Tamworth Home Care Limited,1,tamworth-home-care-ltd.co.uk
Tanglewood Care Services Limited,1,tanglewoodcarehomes.co.uk
Tanglewood Project Company No. 2 Limited,1,tanglewoodcarehomes.co.uk
Tap GP Limited,1,tapgp.co.uk
Taptonholme,1,taptonholme.co.uk
Taptonville House Limited,1,taptonvillehouse.com
Task B Limited,1,dental-perfectionuk.co.uk
Tate Care Limited,1,tatecare.co.uk
Taunton Endodontics Limited,1,tauntondental.co.uk
Tavistock and Portman NHS Foundation Trust,1,tavistockandportman.nhs.uk
Taymount Clinic Limited,1,taymount.com
Teasdale Healthcare Ltd,1,teasdalehealth.com
Teebollz Consulting Limited,1,teebollzconsulting.co.uk
Tees Grange Health Care Limited,1,exemplarhc.com
"Tees, Esk and Wear Valleys NHS Foundation Trust",1,tewv.nhs.uk
Tehy Care Group Ltd,1,tehycare.com
Teign Angels Ltd,1,teignangels.co.uk
Teledoctor Limited,1,problemshared.net
Temp Exchange Ltd,1,tempexchange.co.uk
Temp37 Healthcare Ltd,1,temp37.com
Temperance Care Limited,1,temperancecare.co.uk
Tenbury Dental Centre Partnership,1,tenburydentalcentre.co.uk
Tenda Hands HomeCare Ltd,1,tendahomecare.co.uk
Tendi Care Ltd,1,tendicare.co.uk
Thackeray Dental Care Ltd,1,thackeraydental.co.uk
Thames Homecare Service Ltd,1,thameshomecare.co.uk
Thames Skin Clinic Ltd,1,thamesskin.co.uk
The Acocks Green Medical Centre,1,acocksgreenmedicalcentre.org.uk
The Acorn & Gaumont House Surgery,1,acorn-gaumont.nhs.uk
The Adelaide Lodge Care Home Limited Liability Partnership,1,sunningdalehouse.co.uk
The Air Ambulance Service,1,theairambulanceservice.org.uk
The Amwell Surgery,1,amwellsurgery.co.uk
The Andover Health Centre Medical Practice,1,andoverhealthcentre.co.uk
The Anna House Partnership,1,annahousedentalclinic.com
The Arthur Medical Centre,1,arthurmedicalcentre.co.uk
The Bacon Lane Surgery,1,baconlanesurgery.co.uk
The Baldock Surgery,1,baldocksurgery.co.uk
The Barnabas Medical Centre,1,barnabasmedicalcentre.co.uk
The Beacon Health Group,1,thebeaconhealthgroup.co.uk
The Beaumont Practice,1,thebeaumontpractice.co.uk
The Beautiful Body Company (UK) Limited,1,efmedispa.com
The Bethesda Medical Centre,1,bethesdamc.co.uk
The Billesdon Surgery,1,billesdonsurgery.co.uk
The Birmingham Periodontal and Implant Centre Ltd,1,bpidental.co.uk
The Bishops Care Home Limited,1,advinia.co.uk
The Blackmore Vale Partnership,1,sturminstersurgery.co.uk
The Blackpool Fylde and Wyre Society for the Blind,1,nvision-nw.co.uk
The Blandford Group Practice,1,whitecliffpractice.co.uk
The Blue Tree Clinic Ltd,1,thebluetreeclinic.com
The Boathouse Dental Surgery,1,boathousedental.co.uk
The Boileau Road Surgery,1,boileauroadsurgery.nhs.uk
The Bounces Road Surgery Ltd,1,bouncesroadpractice.nhs.uk
The Boyne Care Home Limited,1,ruislipcarehomes.co.uk
The Brace Orthodontic Group Ltd,1,thebrace.com
The Brandon Trust,1,brandontrust.org
The Briars Residential and Care Limited,1,briarsresidential.co.uk
The Bridge Community Care Limited,1,thebridgecare.com
The Bridges Medical Practice,1,thebridgesmedicalcentre.cu.uk
The Brimington Surgery,1,brimingtonsurgery.co.uk
The British Cycling Federation,1,britishcycling.org.uk
The Broadshires Health Centre,1,broadshireshealthcentre.com
The Burnby Lane Dental Practice Partnership,1,mydentist.co.uk
The Burton Family Dental Centre Limited,1,burtonfamilydentalcentre.co.uk
The Calverton Practice,1,calvertonpractice.co.uk
The Cambridgeshire Care Home Limited,1,cambridgeshirecarehome.co.uk
The Care and Support Group Ltd,1,my-homecare-durham.co.uk
The Caxton Surgery,1,caxtonsurgery.co.uk
The Cedar Brook Practice,1,thecedarbrookpractice.co.uk
The Cedars Surgery,1,cedarssurgery.co.uk
The Central Surgery,1,thecentralsurgeryoadby.co.uk
The Chace Rest Home Limited,1,thechace.com
The Chaseley Trust,1,chaseley.org.uk
The Chesser Surgery,1,chesser.biz
The Children's Trust,1,thechildrenstrust.org.uk
The Chimneys Limited,1,elysiumhealthcare.co.uk
The Christie NHS Foundation Trust,1,christie.nhs.uk
The Clatterbridge Clinic LLP,1,clatterbridgeprivate.co.uk
The Colne Valley Care Company Limited,1,surecare.co.uk
The Cooden Medical Group,1,coodenmedicalgroup.co.uk
The Corner Surgery,1,thecornersurgery.nhs.uk
The Cottons Medical Centre,1,thecottonsmedicalcentre.co.uk
The Council of St Monica Trust,1,stmonicatrust.org.uk
The Court Care Group Limited,1,oaklandsnursinghome.com
The Courtyard Huddersfield Limited,1,courtyarddental.co.uk
The Croft Dental Practice Limited,1,croft-dental-practice.co.uk
The Croft Practice,1,thecroft-practice.co.uk
The Cube Disability Ltd,1,thecubedisability.co.uk
The Densham Surgery,1,williamsoliver.me.uk
The Dental Abode Limited,1,thedentalabode.co.uk
The Dental Health Practice Limited,1,dhpmalton.co.uk
The Dental Hub LTD,1,thedentalhub.com
The Dental Studio Limited,1,k3cds.com
The Dentist @ Tupsley Ltd,1,tupsley.com
The Dentist Salisbury Limited,1,thedentistsalisbury.co.uk
The Disabilities Trust,1,thedtgroup.org
The Door W4 Limited,1,thedoorw4.co.uk
The Dove Medical Practice,1,dovesurgery.co.uk
The Dovecot Surgery,1,thedovecotsurgery.nhs.uk
The Drive Care Homes Limited,1,drivecarehomes.co.uk
The Dudley Group NHS Foundation Trust,1,dgoh.nhs.uk
The Dunstan Partnership,1,thedunstanpartnership.co.uk
The Eaglescliffe Medical Practice,1,eaglescliffemedical.co.uk
The Ear Health Clinic Limited,1,krhealthsuites.co.uk
The Ear Wax Clinic Ltd,1,theearwaxclinic.org
The East Lancashire Hospice,1,eastlancshospice.org.uk
The Elms Medical Centre,1,elmsmedicalkent.nhs.uk
The Elms Medical Practice,1,theelmspractice.nhs.net
The Exchange Surgery,1,theexchangesurgery.com
The Exeter Dental Centre Limited,1,exeterdentalcentre.co.uk
The Fairfields Practice,1,fairfieldspractice.nhs.uk
The Firs Care Centre Ltd,1,thefirscarecentre.co.uk
The Firs Medical Centre,1,thefirs.org.uk
The Firs Residential Care Home Limited,1,thefirslowdham.co.uk
The Forest Surgery,1,theforestsurgery.co.uk
The Forget Me Not Children's Hospice Limited,1,forgetmenotchild.co.uk
The Frances Taylor Foundation,1,ftf.org.uk
The Franklyn Group Limited,1,thefranklyngroup.com
The Fremantle Trust,1,fremantletrust.org
The Gables Retirement Home Limited,1,gablesrh.co.uk
The Garden City Practice,1,gardencitypractice.nhs.uk
The George Edward Smart Homes,1,combe-hay.co.uk
The Grace Eyre Foundation,1,grace-eyre.org
"The Grainger, Stockton, Birtley & Stanley Dental Practice Partnership",1,mydentist.co.uk
The Grange (Chertsey) 2002 Ltd,1,thegrangechertsey.co.uk
The Grange Care Centre (Cheltenham) Limited,1,bondcare.co.uk
The Grange Care Centre (Eastington) Limited,1,bondcare.co.uk
The Grange Centre for People with Disabilities,1,grangecentre.org.uk
The Grange Clinic Limited,1,thegrangeclinic.co.uk
The Grange Practice,1,thegrangepracticeramsgate.nhs.uk
The Greatham Foundation Ltd,1,hospitalofgod.org.uk
The Greyswood Practice,1,greyswood.org.uk
The Groves Medical Centre,1,thegrovesmedical.org
The Hair Loss Clinic (NW) Limited,1,ukhairtransplantclinics.co.uk
The Hamptons Retirement Home Limited,1,wearehamptons.co.uk
The Handbridge Medical Centre,1,handbridgemedcentre.co.uk
The Happy Healing Hut C.I.C.,1,thehappyhealinghut.com
The Harefield Practice,1,theharefieldpractice.co.uk
The Harley Street Dermatology Clinic Ltd,1,theharleystreetdermatologyclinic.co.uk
The Haven Heights Care Home Ltd,1,havenresthome.co.uk
The Heathcote Dental & Implant Clinic,1,heathcotedentalpractice.co.uk
The Heathers Residential Care Home Limited,1,theheathers.co.uk
The Hennessy Partnership Limited,1,hennessypartnership.co.uk
The Hesley Group Limited,1,hesleygroup.co.uk
The Hillingdon Hospitals NHS Foundation Trust,1,thh.nhs.uk
The Hive Health Centre,1,thehivehealthcentre.co.uk
The Holborn Medical Centre,1,holbornmedicalcentre.com
The Hollands Care Homes Limited,1,hollandsnursinghome.co.uk
The Hospital Of St John And St Elizabeth,1,hje.org.uk
The Intrinsic Care Group Limited,1,theintrinsiccaregroup.com
The Island Surgery,1,theislandsurgery.nhs.uk
The Ivory Dental Practice,1,theivorydentalpractice.com
The James Street Family Practice,1,jamesstreet.gpsurgery.net
The Jessie May Trust,1,jessiemaytrust.org.uk
The Jubilee House Care Trust Limited,1,jubileehouse.com
The Keepings Limited,1,birkdalecarehome.co.uk
The Kent Autistic Trust,1,kentautistic.com
The Kirkbymoorside Surgery,1,thekirkbymoorsidesurgery.co.uk
The Lakes Care Centre Limited,1,lakescare.co.uk
The Lakes Medical Practice,1,thelakesmedicalcentre.co.uk
The Lakeside Practice,1,nhs.uk
The Langley Dental Group Limited,1,langleydentalpractice.com
The Langton Medical Group,1,langtonmedicalgroup.co.uk
The Lantern Community,1,lanterncommunity.org.uk
The Laurels Nursing Home (Hastings) Limited,1,thelaurelsnursinghome.com
The Lawson Practice,1,lawsonpractice.nhs.uk
The Leaders Of Worship And Preachers Homes,1,lwphomes.org.uk
The Limes Medical Centre,1,thelimesmedicalcentre.co.uk
The Limes Residential Home,1,thelimesresidentialhome.co.uk
The Loddon Dental Practice Partnership,1,idhgroup.co.uk
The Lodge Practice Ltd,1,thelodgedental.co.uk
The Lodge Rest Limited,1,brightbowlodge.com
The Lodge Thurnby Ltd,1,thelodgethurnby.co.uk
The Lodge Trust CIO,1,lodgetrust.org.uk
The London Borough of Hillingdon,1,hillingdon.org.uk
The London Borough of Tower Hamlets,1,towerhamlets.gov.uk
The London Centre for Eating Disorders and Body Image Ltd.,1,thelondoncentre.co.uk
The London Dermatology Centre Ltd,1,the-dermatology-centre.co.uk
The London Psychiatry Centre LLP,1,psychiatrycentre.co.uk
The London Road Dental Practice Partnership,1,mydentist.co.uk
The Longcroft Clinic,1,thelongcroftclinic.co.uk
The Lonsdale Medical Centre,1,lonsdalemedicalcentre.nhs.uk
The Loughton Dental Centre Limited,1,loughtondental.co.uk
The Low Fell Dental Practice Partnership,1,mydentist.co.uk
The Lytham Dental Clinic Limited,1,lythamdental.co.uk
The Mall Dental Practice Ltd,1,cliftondentalsurgery.co.uk
The Maltings Dental Practice,1,maltingsdental.co.uk
The Manor Residential Home (Arnold) Limited,1,themanorcarehome.co.uk
The Manse Care Limited,1,mansecare.co.uk
The Mayfield Residential Care Home Limited,1,farringtoncare.com
The Mayfield Trust,1,mayfield-trust.org.uk
The Meads Medical Centre,1,themeadssurgery.co.uk
The Meads Medical Practice Limited,1,meadsmedical.co.uk
The Meath Trustee Company Limited,1,meath.org.uk
The Medical Centre Group,1,themedicalcentregroup.co.uk
The Medical Chambers Kensington Limited,1,themedicalchambers.com
The Medika Clinic Ltd,1,medika.health
The Merton Medical Practice,1,mertonmedical.com
The Mill Medical Practice,1,themillmedicalpractice.co.uk
The Mockett's Wood Surgery,1,mockettswoodsurgery.nhs.uk
The Mole Clinic Limited,1,themoleclinic.co.uk
The Mortimer Society,1,easisites.co.uk
The Mount Camphill Community Limited,1,mountcamphill.org
The Mounts Medical Centre,1,themountsmedicalcentre.nhs.uk
The Muswell Hill Practice,1,themuswellhillpractice.co.uk
The Myton Hospices,1,mytonhospice.org
The New Medical Centre,1,thenewmedicalcentre.co.uk
The New Springwells Practice,1,ruralmedical.co.uk
The New Surgery,1,thenewsurgery-folkestone.nhs.uk
The Newcastle upon Tyne Hospitals NHS Foundation Trust,1,newcastle-hospitals.org.uk
The North Leeds Medical Practice,1,northleedsmedicalpractice.nhs.uk
The North Northumberland Hospice,1,hospicecare-nn.org.uk
The Oak Foundation,1,theoakfoundation.org.uk
The Oak Residential Homes Limited,1,theoaksresidential.co.uk
The Oakhaven Trust,1,oakhavenhospice.co.uk
The Oaklea Trust,1,oakleatrust.co.uk
The Oakwood Dental Centre Limited,1,cosmeticwhitesmiles.co.uk
The Old Court House Surgery,1,theoldcourthousesurgery.co.uk
The Old Garden Care Ltd,1,theoldgardencare.com
The Old Rectory Specialist Care LLP,1,bramleycare.com
The Old School Surgery,1,theoldschoolsurgery.com
The Old Vicarage Care Home Limited,1,adeptcarehomes.co.uk
The Old Vicarage Residential Care Home Limited,1,theoldvicaragech.co.uk
The Orchard Care Home Limited,1,theorchardcarehome.com
The Orchard Surgery,1,theorchardsurgery.nhs.uk
The Order of St. Augustine of The Mercy of Jesus,1,anh.org.uk
The Orders Of St. John Care Trust,1,osjct.co.uk
The Orthodontic Centre (Reading) Ltd,1,the-orthodontic.centre.co.uk
The Osmaston Surgery,1,osmastonsurgery.co.uk
The Park Medical Group,1,parkmedicalgroup.co.uk
The Partnership In Care Limited,1,thepartnershipincare.co.uk
The Pavilion Care Centre Limited,1,chdliving.co.uk
The Pemberdeen Laser Cosmetic Surgery Clinic Limited,1,pemberdeen.co.uk
The Percy Hedley Foundation,1,percyhedley.org.uk
The Pine Medical Centre,1,thepinemedicalcentre.nhs.uk
The Pines Surgery,1,thepinessurgery.co.uk
The Plane Trees Group Practice,1,planetreesgrouppractice.nhs.uk
The Poldent Group Ltd,1,poldent.co.uk
The Poplars (Thornaby) Limited,1,poplarsnursing.co.uk
The Practice Surgeries Limited,1,thepracticeplc.com
The Primrose Hospice Limited,1,primrosehospice.org
The Princess Alexandra Hospital NHS Trust,1,pah.nhs.uk
The Quarter Jack Surgery,1,quarterjacksurgery.co.uk
The Queen Elizabeth Hospital King's Lynn NHS Foundation Trust,1,qehkl.nhs.uk
The Recruitment Partnership Limited,1,totalcare-uk.com
The Richardson Mews Limited,1,richardsoncares.co.uk
The Richmond Dentist Ltd,1,therichmonddentist.co.uk
The Robert Jones and Agnes Hunt Orthopaedic Hospital NHS Foundation Trust,1,rjah.nhs.uk
The Rosewood Medical Centre,1,rosewood.gpsurgery.net
The Rotherham Hospice Trust,1,rotherhamhospice.org.uk
The Rowans Hospice,1,rowanshospice.co.uk
The Royal British Legion,1,rbl.org.uk
The Royal Masonic Benevolent Institution Care Company,1,rmbi.org.uk
The Royal Naval Benevolent Trust,1,rnbt.org.uk
The Royal Orthopaedic Hospital NHS Foundation Trust,1,roh.nhs.uk
The Royal School for the Blind,1,seeability.org
The Royal Wolverhampton NHS Trust,1,royalwolverhamptonhospitals.nhs.uk
The Ruddington Medical Centre,1,theruddingtonmedicalcentre.co.uk
The Safehouse BD Limited,1,safehousebd.org
The Saltaire & Windhill Medical Partnership,1,windhillgreen.co.uk
The Salvation Army Social Work Trust,1,salvationarmy.org.uk
The Shaftesbury Medical Centre,1,shaftesburymedicalcentre.co.uk
The Sheffield Royal Society For The Blind,1,srsb.org.uk
The Simpson Centre,1,thesimpsoncentre.com
The Skin to Love Clinic Limited,1,theskintoloveclinic.co.uk
The Smile Clinic Limited,1,thesmileclinic.uk.com
The Smile Studios Limited,1,thesmilestudios.com
The Southend-On-Sea Darby & Joan Organisation Limited,1,stmartinscare.org
The Star Nursing Home,1,trustcare.co
The Strand Medical Centre,1,strandmedicalcentre.nhs.uk
The Street Lane Practice,1,streetlanepractice.com
The Summerhill Surgery,1,summerhillsurgery.com
The Superior Healthcare Group Ltd,1,superiorhealthcare.co.uk
The Tides Craignair Care Limited,1,craignairresthome.co.uk
The Together Dental Partnership,1,together.dental
The Together Dental Partnership (Ashford),1,together.dental
The Together Dental Partnership (Braintree & Halstead),1,together.dental
The Together Dental Partnership (Canvey Island),1,together.dental
The Together Dental Partnership (Clacton & Southend),1,together.dental
The Together Dental Partnership (Colchester Queen Street),1,together.dental
The Together Trust,1,togethertrust.org.uk
The Tooth Fairy Dental Company Limited,1,greenleavesdental.co.uk
The Town Surgery Ltd,1,thetownsurgeryenfield.nhs.uk
The Turning Point Project Ltd,1,turningpointproject.co.uk
The Vale Practice,1,valepractice.com
The Village Green Surgery,1,villagegreensurgery-wallsend.nhs.uk
The Village Surgery,1,villagesurgery.com
The Villas Care Homes Ltd,1,carehome.co.uk
The Vine Residential Services (TVRS) LTD,1,tvrs-cares.com
The Waterfield Practice,1,waterfieldpractice.co.uk
The Wealden Dental Practice Limited,1,wealdendentalpractice.co.uk
The Weavers Practice,1,theweaverspractice.nhs.uk
The Wellington Practice,1,wellingtonpractice.co.uk
The Wellman Medical Centre LLP,1,wellmanclinic.org
The Weobley and Staunton-On-Wye Surgeries,1,weobleyandstauntonsurgeries.nhs.uk
The Weymouth Clinic Limited,1,bmihealthcare.co.uk
The Whiteley Clinic Limited,1,thewhiteleyclinic.co.uk
The Willow Group,1,brunemedicalcentre.co.uk
The Willows Medical Practice,1,willowspractice.co.uk
The Wilverley Association,1,wilverleyassociation.org
The Woodlands Care Home TWCH LLP,1,twch.co.uk
The Woodlarks Centre Limited,1,woodlarks-trust.org
The Yardley Great Trust Group,1,ygt.org.uk
The Yercombe (Gloucestershire) Trust,1,yercombelodge.co.uk
TheSignLife Project CIC,1,thesignlife.co.uk
Theale Medical Centre,1,thealemedicalcentre.com
Third Floor Lanark Road Medical Centre,1,lanarkmedicalcentre.nhs.uk
Third Hand Healthcare Ltd,1,thirdhandcare.co.uk
Thomas Henry Mallaband Limited,1,mmcgcarehomes.co.uk
Thomas Owen Care Limited,1,thomasowenhouse.co.uk
Thompson & Thomas LLP,1,thompsonandthomas.co.uk
Thorndene Limited,1,thorndene.com
Thorneloe Lodge Surgery,1,thorneloelodgesurgery.co.uk
Thornlea Care Home Limited,1,thornleacarehome.co.uk
Thornton Lodge Surgery,1,thorntonlodgesurgery.com
Thorpe Bay Dental Practice Partnership,1,thorpe-bay-dental.co.uk
Thorpe Dental Group Limited,1,woodthorpedentalcentre.co.uk
Thorpe-le-Soken Surgery,1,thorpe-le-sokensurgery.co.uk
Thorpewood Medical Group,1,thorpewoodmedicalgroup.nhs.uk
Three Roses Ltd,1,threeroses.co.uk
Three Shires Care Limited,1,homeinstead.co.uk
Three Shires Hospital LLP,1,circlehealthgroup.co.uk
Three Sisters Care Ltd,1,threesisterscare.co.uk
Thurlaston Meadows Care Home Limited,1,thurlastonmeadows.com
Thurleigh Road Practice,1,thurleighroadpractice.nhs.uk
Thurmaston Dental Practice Ltd,1,thurmastondental.co.uk
Thurrock Borough Council,1,thurrock.gov.uk
Tiger Lily Care Ltd,1,tigerlilycare.co.uk
Tilford Care Home Limited,1,agincare.com
Time 4 U Ltd,1,time4ulimited.co.uk
Time to Care Specialist Support Services Limited,1,time-to-care.org.uk
Titchfield Park Dental Clinic Ltd,1,titchfieldparkdental.co.uk
Titleworth Neuro Limited,1,activecaregroup.co.uk
Todays Dental Practices Limited,1,ashburydentalcare.co.uk
Together First Limited,1,togetherfirst.co.uk
Together In Care Forensic Ltd,1,togetherincare.co.uk
Together for Mental Wellbeing,1,together-uk.org
Tom Harrison House,1,tomharrisonhouse.org.uk
Tomalin & White,1,stedhamhouse.com
Tonbridge Care Ltd,1,thechestnutlodge.wix.com
Tonge Fold Health Centre,1,drlowe.co.uk
Tonisa Ltd,1,kingscareathome.com
Tooth And Mouth Limited,1,nhsdentist-earlcourt.co.uk
Tooth Fairy Limited,1,sherwooddentalpractice.com
Tooth Smiles Clinic Ltd,1,pershore-smiles.co.uk
Toothcare Limited,1,markpreston.co.uk
Top Medical Clinic LTD,1,topmedicalclinic-birmingham.com
Topaz Care and Support Company Limited,1,topaz-support.org.uk
Toqeer Aslam,1,welcomehouse.co.uk
Torcare Limited,1,torcare.com
Torrington Homes Ltd,1,acacialodgeuk.com
Torrington Park Group Practice,1,torringtonparkgrouppractice.nhs.uk
Totalwest Limited,1,totalwest.co.uk
Tottenham Health Centre,1,tottenhamhealthcentre.co.uk
Totteridge Dental Studio Limited,1,totterdigedental.co.uk
Touchheart Healthcare Ltd,1,touchhearthc.com.
Towcester Medical Centre,1,towcestermedicalcentre.co.uk
Tower Family Healthcare,1,tottingtonmp.nhs.uk
Tower Hamlets GP Care Group CIC,1,gpcaregroup.org.uk
Tower House Surgery,1,towerhousesurgeryryde.co.uk
Town Thorns Care Limited,1,ben.org.uk
Town and Country Care Services Ltd,1,townandcountrycs.co.uk
Town and Country Homecare Ltd,1,townandcountryhomecare.co.uk
Townfield and Coach House Care Limited,1,townfieldhouse.co.uk
Tradex Services Limited,1,orpingtondentalcare.co.uk
Trafalgar Care Limited,1,agincare.com
Trailmed Limited,1,trailmed.co.uk
Tralee Ltd,1,tralee.uk
Transcare Secure Services,1,transcaregroup.com
Travid Enterprises Limited,1,guyscross.com
Tre' Care Group Limited,1,trecaregroup.co.uk
Treasure Homes Limited,1,treasurehomes.co.uk
Treatment Direct Limited,1,linwoodhouse.co.uk
Tree Tops Residential Ltd,1,treetops-care.co.uk
Treehome Limited,1,prioryadultcare.co.uk
Treelands Home Limited,1,treelandshomeltd.co.uk
Treetops Nursing Home Limited,1,treetopsnursinghome.co.uk
Trendy Care Ltd,1,myhomecare.co.uk
Trent Vale Medical Practice,1,trentvalemedicalpractice.co.uk
Trevi Women Ltd,1,trevi.org.uk
Triangle Dental Limited,1,triangledental.co.uk
Triangle Group Practice,1,trianglegrouppractice.co.uk
Triband Recruitment Ltd,1,tribandhomecare.co.uk
Tricuro Ltd,1,tricuro.co.uk
Trident Reach The People Charity,1,reachthecharity.org.uk
Trimarge Care and Cleaning Limited,1,trimargecareandclean.co.uk
Trinity 365 Care Ltd,1,caremark.co.uk
Trinity Care at Home Ltd,1,trinityhomecare.co.uk
Trinity Medical Centre,1,almshouseandsandal.co.uk
Trix Medcare Ltd,1,trixmedcare.co.uk
Tru Caring Ltd,1,tru-caring.co.uk
TrueArk Healthcare Limited,1,truearkhealthcare.org
Trueblue Nurses UK Ltd,1,truebluenurses.co.uk
Trust Life Care Ltd,1,trustlifecare.co.uk
Trust We Care Limited,1,trustwecare.co.uk
Trustmark Care Limited,1,trustmarkcare.co.uk
Tudor Lodge Surgery,1,tudorlodgesurgery.nhs.uk
Tulip Mental Health and Community Care Limited,1,tulipcommunitycare.co.uk
Tulipa House Limited,1,discoverycaregroup.com
Turner Home,1,turnerhomeliverpool.care
Turning Point,1,turning-point.co.uk
Twelve Trees Limited,1,twelvetreesresidential.co.uk
Twickenham Dental Care Limited,1,twickenhamdentalcare.co.uk
Twilight Years Limited,1,twilighthomecare.co.uk
Twinglobe Care Limited,1,azaleacourt.co.uk
Two Rivers Medical Centre,1,tworiversmedicalcentre.co.uk
Tyne Grange Health Care Limited,1,exemplarhc.com
Tynefield Care Limited,1,tynefieldcare.com
UG Care Limited,1,theoldvicaragewigmore.co.uk
UK Case Management Limited,1,ukcasemanagement.co.uk
UK Dental Specialists at Chiswell Green,1,ukdentalspecialists.co.uk
UK Prime Care Services Limited,1,ukprimecare.com
UK Sports Institute,1,eis2win.co.uk
UK Star Care Ltd,1,ukstarcare.co.uk.
UK Top Care Limited,1,uktopcare.co.uk
UK Vein Clinic Ltd,1,ukveinclinic.com
UKG Lifestyle Limited,1,ukgcare.co.uk
UME Diagnostics Limited,1,umediagnostics.com
UR Care Solution Ltd,1,urcaresolution.co.uk
Ultimate Care Agency Limited,1,ultimatecareagency.com
Ultra Care Clinic Limited,1,babyultrasoundclinic.co.uk
Ultralase Eye Clinics Limited,1,ultralase.com
Ultrasound Diagnostic Services,1,uds.uk.com
Underwood Hall Limited,1,wentworthgrange.com
Unicorn Projects Care Services Limited,1,unicornprojects.co.uk
Uniq Health Care Limited,1,uniqhealthcare.co.uk
Unique Personnel (U.K.) Limited,1,uniquepersonneluk.com
Unique Quality Care Ltd,1,uniquequalitycare.co.uk
Uniquehelp Limited,1,njch.co.uk
Unite Highland Care Limited,1,unitehighlandcare.com
United Lincolnshire Teaching Hospitals NHS Trust,1,ulh.nhs.uk
United Response,1,unitedresponse.org.uk
Unity Care Specialists Ltd,1,unitycarespecialists.co.uk
Unity Healthcare UK Limited,1,heritagehealthcare.co.uk
Unity Homes Limited,1,unityhomes.co.uk
Unityone Ltd,1,oakwoodresthome.co.uk
Universal Care Agency Ltd,1,universalcareagency.co.uk
Universal Complex Care Ltd,1,universalcomplexcare.co.uk
University College London Hospitals NHS Foundation Trust,1,uclh.org
University Hospital Southampton NHS Foundation Trust,1,suht.nhs.uk
University Hospitals Birmingham NHS Foundation Trust,1,uhb.nhs.uk
University Hospitals Bristol and Weston NHS Foundation Trust,1,uhbw.nhs.uk
University Hospitals Coventry and Warwickshire NHS Trust,1,uhcw.nhs.uk
University Hospitals Plymouth NHS Trust,1,plymouthhospitals.nhs.uk
University Hospitals of Derby and Burton NHS Foundation Trust,1,derbyhospitals.nhs.uk
University Hospitals of Morecambe Bay NHS Foundation Trust,1,uhmb.nhs.uk
University Hospitals of North Midlands NHS Trust,1,uhnm.nhs.uk
University of Bristol,1,bristol.ac.uk
University of Portsmouth,1,port.ac.uk
Urban Village Medical Practice,1,uvmp.co.uk
Uriel Care2U Limited,1,urielcare.co.uk
Urowoli Alatan,1,parkgatenursing.co.uk
Uttoxeter and District Old People's Housing Society Limited,1,kirk-house.co.uk
V & L Corporation Ltd,1,scalfordcourt.co.uk
V & Y (UK) Limited,1,heachamdrivedentalpractice.co.uk
V2Ray Ltd,1,pomeroyandrust.co.uk
VERSITA CARE LTD,1,versitacare.co.uk
VHK Education Ltd,1,bromsgrovehealthcare.co.uk
VIE Aesthetics Ltd,1,vie-aesthetics.com
VPV Balajis Limited,1,lansdownecentre.co.uk
VSL Dental Limited,1,hollytreehousedentalpractice.co.uk
VSP DENTAL LIMITED,1,dalmenydental.co.uk
Valentine Medical Centre,1,valentinemedicalcentre.co.uk
Valentine Plus PMS,1,valentinehealth.org.uk
Valley Care Direct Limited,1,caresante.co.uk
Valley View Care Home Ltd,1,valleyviewcare.co.uk
Valley View Surgery,1,valleyviewsurgery.nhs.uk
Valuecare Ltd,1,lathburymanor.com
Vauxhall Primary Health Care,1,vphc.nhs.uk
Vector Care Ltd,1,vectorcare.co.uk
Veecare Ltd,1,willowtree-lodge.co.uk
Velupillai Ilankovan,1,wentworthclinic.co.uk
Venture Dental Practice Ltd,1,venturedental.co.uk
Venturi Cardiology Limited,1,venturicardiology.com
Venus Healthcare Homes Ltd,1,venushealthcare.co.uk
Veor Surgery,1,veorsurgery.co.uk
Verity Healthcare Limited,1,verityhealthcare.co.uk
Vermuyden Care Limited,1,vermuyden.co.uk
Vernon Dental Limited,1,vernondental.co.uk
Vernova Healthcare Community Interest Company,1,vernovahealthcare.org
Veronica House Limited,1,veronicahousenursinghome.co.uk
Veronica Nelson,1,myfocuslearning.org.uk
Verwood Dental Care Limited,1,verwooddental.co.uk
Vesta Care (UK) Limited,1,vestacare.co.uk
Vestra Homecare Limited,1,vestrahomecare.co.uk
Via Community Ltd,1,viaorg.uk
Via Residential Ltd,1,viaorg.uk
Viavi Limited,1,viavi.com
Vicarage Care Limited,1,lakescarehome.com
Victorguard Care Limited,1,victorguardcare.co.uk
Victoria House Dental Partnership,1,victoriahousedental.co.uk
Victoria Medical Centre,1,victoriamedicalcentre.co.uk
Victoria Square Dental Practice Limited,1,mydentist.co.uk
Victory Socialcare Enterprise,1,victorysocialcare.co.uk
Vida Court Limited,1,vidahealthcare.co.uk
Vida Healthcare,1,vidahealthcare.nhs.uk
Vila One Ltd,1,stnectans.co.uk
Vila Pvt Ltd,1,bexley.myhomecare.co.uk
Villa Maria Care Limited,1,villamaria.co.uk
Vincentian Care Plus,1,vincentiancareplus.org.uk
Vine Home Care Limited,1,vinehouseuk.com
Vine Recruitment Solutions Ltd,1,vineliving.co.uk
Vintage Social Care Ltd,1,vintagesocialcareltd.co.uk
Violets Homecare Services Ltd,1,violetshomecare.co.uk
Vir Health Limited,1,numan.com
Virtue Care Ltd,1,virtuecare.co.uk
Visa Medicals Ltd,1,visamedicals.co.uk
Visage Harpenden Limited,1,visagedentalspa.co.uk
Vishal Patel & Smita Parmar,1,dalmenydental.co.uk
Vision Care Collective Ltd,1,visioncarecollective.com
Vision Care Services (Uk) Limited,1,visioncare.co
Vision Homes Association,1,visionhomes.org.uk
Visram Limited,1,brookvalehealthcare.co.uk
Vital Healthcare Services Limited,1,vitalhealthcare.co.uk
Vitality Care Homes (Brookside) Ltd,1,brooksidecarehome.com
Vitality Care Homes Ltd,1,belgravecourt.co.uk
Vithlani Dental Limited,1,thegrovepractice.co.uk
Vivacare Limited,1,waterloohousecarehome.co.uk
Vivid Community Care Limited,1,vividcommunitycare.org
Vivre Care Ltd,1,vivre-care.com
Vogue DentalCare Limited Partnership,1,voguedentalcare.com
Voguefutureliving Limited,1,voguefutureliving.co.uk
Vopa Consulting Ltd,1,melodycare.co.uk
Voyager Family Health,1,voyagerfamilyhealth.co.uk
W.T Skin Ltd,1,drwassimtaktouk.com
WB Medical Group,1,cossingtonparksurgery.co.uk
WCG Chapel and Field Limited,1,chapelandfieldview.co.uk
WCG Clayton Ltd,1,woodcaregroup.com
WCG Riverside Care Home Limited,1,woodcaregroup.com
WCS Care Group Limited,1,wcs-care.co.uk
WDH (London) Ltd,1,canarywharfdentists.com
WEF Care Limited,1,respectfulcare.co.uk
Wadebridge and Camel Estuary Practice,1,wadebridgedoctors.co.uk
Wakefield Hospice,1,wakefieldhospice.org
Wakering Medical Centre,1,wakeringmedicalcentre.co.uk
Wall Heath Dental Practice,1,wallheathdental.co.uk
Wallington Family Practice,1,wallingtonfamilypractice.nhs.uk
Walsingham Support,1,walsingham.com
Waltham Forest Community And Family Health Services Limited,1,wfcafhs.co.uk
Wandle Healthcare Services Limited,1,wandlehealth.co.uk
Wandsworth Borough Council,1,wandsworth.gov.uk
Wargrave House Surgery,1,wargravehousesurgery.co.uk
Warley Medical Centre,1,warleymedicalcentre.co.uk
Warlingham Green Health Ltd,1,warlinghamgreen.co.uk
Warmest Welcome 3 Limited,1,hc-one.co.uk
Warriewood Ltd,1,bluebirdcare.co.uk
Warrington and Halton Teaching Hospitals NHS Foundation Trust,1,warringtonandhaltonhospitals.nhs.uk
Waterer Dental Care Limited,1,waterer-dental-care.co.uk
Waterloo Manor Limited,1,inmind.co.uk
Watermoor House RCH,1,watermoorhouse.org
Watford And District Mencap Society,1,watfordmencap.org.uk
Watford House Residential Home Ltd,1,watfordhousecarehome.co.uk
Watford Smiles Limited,1,watfordsmiles.co.uk
Watling Medical Practice,1,watlingmedicalpractice.nhs.uk
Waverley PMS,1,waverleypractice.co.uk
Way Ahead Community Services Ltd,1,wayaheadcare.co.uk
Wayside Healthcare Ltd,1,waysidedental.co.uk
We Care 4 You Services Ltd,1,wecare4uservices.co.uk
We Care Agency Ltd,1,wecareagency.co.uk
We Care Together Southampton Limited,1,wecaretogethersouthampton.co.uk
We Do Care (London) Ltd,1,wedocarelondon.com
Wealden Community Care Limited,1,wealdencare.co.uk
Welbeck Healthcare Limited,1,londonwelbeckhospital.co.uk
Welbourne Medical Practice,1,surgery.lawrencehousegroup.co.uk
Welcome Support Services Ltd,1,welcomesupport.uk
Welford Court Limited,1,welfordcourt.co.uk
Well House Care Sussex Ltd,1,wellhouserespite.co.uk
WellBN,1,wellbn.co.uk
Welland & Glen Home Care Ltd,1,wellandglenhomecareltd.com
Wellbeing Care Limited,1,wellbeingcare.co.uk
Wellbeing Care Solutions Ltd,1,wellbeingcaresolutions.com
Wellbeing Living Ltd,1,wellbeingliving.org
Wellbeing Residential Ltd,1,wellbeingresidential.co.uk
Wellburn Care Homes Limited,1,wellburncare.co.uk
Wellesley House Nursing Home Limited,1,wellesley-house.com
Wellfield Health Centre,1,wellfieldhealthcentre.co.uk
Wellhead Lane Limited,1,wellheadlane.co.uk
Welling Medical Practice,1,wellingmedicalpractice.co.uk
Wellington Healthcare (Arden) Ltd,1,bloomcare.co.uk
Wellington Way Health Centre,1,merchantstreet.nhs.uk
Wells & Grau Limited,1,highcliffedentalpractice.co.uk
Wells Orthodontics Limited,1,wellsmile.co.uk
Wemyss Lodge Limited,1,wemysslodge.co.uk
Wensum Valley Medical Practice,1,wensumvalleymedicalpractice.nhs.uk
Wentworth Care Ltd,1,garthcareservices.co.uk
Wentworth House Care Services Ltd,1,wentworthhousecare.co.uk
Wentworth Medical Practice,1,wentworthmedical.nhs.uk
Weoley Park Surgery,1,weoleyparksurgery.co.uk
Werneth Medical Practice,1,wernethmedicalpractice.nhs.uk
Werrington Village Surgery,1,werringtonsurgery.co.uk
Wessex Care Limited,1,wessexcare.com
Wessex Children's Hospice Trust,1,naomihouse.org.uk
West Bank Residential Home Limited,1,bucklandcare.co.uk
West Berkshire Council,1,westberks.gov.uk
West Country Care Limited,1,treasurehomes.co.uk
West End Medical Centre,1,westendmedicalcentre.co.uk
West Hill Care Home LTD,1,westhillcarehome.com
West House Partnership Ltd,1,westhousedental.com
West London Home Care Limited,1,walfinch.com
West London NHS Trust,1,westlondon.nhs.uk
West Midlands Ambulance Service University NHS Foundation Trust,1,wmas.nhs.uk
West Northamptonshire Council,1,westnorthants.gov.uk
West Rainton Surgery,1,westraintonsurgery.co.uk
West Sussex County Council,1,westsussex.gov.uk
West Timperley Medical Centre,1,westtimperleymedicalcentre.co.uk
Westcliff Lodge Limited,1,westclifflodge.co.uk
Westcliffe Homes Limited,1,westcliffehomes.co.uk
Westdale Private Dental Ltd,1,westdaledental.com
Westdale Quaker Housing Association Limited,1,westdalecarehome.org.uk
Western Health Care Limited,1,southdownscare.co.uk
Western Medical Services Limited,1,westernmedicalservices.com
Westfield House (Care) Ltd,1,abbeyfieldloughborough.co.uk
Westgate Healthcare (Braintree) Limited,1,westgatehealthcare.co.uk
Westgate Healthcare (Wanstead) Limited,1,westgatehealthcare.co.uk
Westlake Carers Ltd,1,westlakecarers.com
Westlands Medical Centre,1,westlandsmedicalcentre.co.uk
Westminster Homecare Limited,1,whc.uk.com
Weston-super-Mare Free Church Housing Association Limited,1,abbeycarehomes.org.uk
Westward Care Homes Limited,1,nationalcaregroup.com
Westward Care Limited,1,westwardcare.co.uk
Westwood Homecare (North West) Limited,1,westwoodhomecare.co.uk
Whalley Dental Limited,1,carholmedentalgroup.co.uk
Whingate Dental Limited,1,carholmedentalgroup.co.uk
Whipton Surgery,1,thewhiptonsurgery.co.uk
Whispers Care Solutions Limited,1,whisperscare.co.uk
Whitby Court Limited,1,fishercaregroup.co.uk
White & Sterling Residential Care Ltd,1,whiteandsterling.co.uk
White House Dental Practice Wirral Ltd,1,thewhitehousedental.co.uk
White Lodge & St Helens,1,carehome.uk.com
White Lodge Care Home Limited,1,whitelodgecare.com
White Orchid Practices Limited,1,theharrogatedentist.com
White Peak Dental Limited,1,whitepeakdentalpractice.co.uk
White Pearl Care Ltd,1,whitepearlcare.co.uk
White Rose House Care Home Limited,1,mulberycarehomes.com
Whitecross Dental Care Limited,1,mydentist.co.uk
Whitegates Care Centre Limited,1,chdliving.co.uk
Whitehaven Rest Home Limited,1,whitehavenresthome.co.uk
Whitehouse & Partners,1,whitehouseandpartners.co.uk
Whitelodge Alveley Limited,1,whitelodgecarehomes.co.uk
Whitemoor Medical Centre,1,whitemoormedicalcentre-belper.co.uk
Whitgift Dental,1,whitgiftdental.co.uk
Whittington Health NHS Trust,1,whittington.nhs.uk
Whittington Moor Surgery,1,whittingtonmoorsurgery.co.uk
Whitwell Park Care Home Limited,1,whitwellpark.com
Whytecliffe Limited,1,glentworth-house.co.uk
Wickham Dental Ltd,1,wickhamdental.com
Wight Home Care Limited,1,wighthomecare.co.uk
Wight Primary Partnerships Limited,1,westwightpractice.co.uk
Wightwick Dental Practice,1,wightwickdentalpractice.co.uk
Wigmore Medical Limited,1,wigmoremedical.com
Willerby and Swanland Surgery,1,willerbysurgery.com
Willett Lodge Care Home Ltd,1,willettlodge.co.uk
William Blake House Northants,1,williamblakehouse.org
Williams Dental Practice,1,williamsdentalpractice.com
Willinbrook Healthcare Limited,1,willinbrookhealthcare.co.uk
Willington Surgery,1,willingtonsurgery.co.uk
Willow Care North Shropshire Limited,1,willowcarenorth.co.uk
Willow House Residential Home,1,willowhouse-residential.co.uk
Willow Tree Family Doctors,1,willowtreefamilydoctors.com
Willow Wood Surgery,1,willowwoodsurgery.nhs.uk
Willowbrook Healthcare Limited,1,averyhealthcare.co.uk
Willowbrook Medical Practice,1,willowbrookmp.co.uk
Willowbrooke Residential Home Limited,1,willowbrooke.co.uk
Willows Care Centre Limited,1,excelcareholdings.com
Willows Home Care Ltd,1,willowshomecare.com
Wilson House Dental  Limited,1,wilsonhousedentalpractice.com
Wilson Street Surgery,1,wilsonstreetsurgery.co.uk
WilsonParker Limited,1,availl.co.uk
Wilton House Limited,1,wiltonhouseltd.co.uk
Wilton Rest Homes Limited,1,beaconhousecarehome.co.uk
Wiltshire Council,1,wiltshire.gov.uk
Wimbledon NeuroCare Limited,1,wimbledon-neurocare.com
Winash Limited,1,winash.co.uk
Winchmore Hill Green Limited,1,winchmorehilldental.co.uk
Winchmore Surgery,1,greenlanessurgery.nhs.uk
Windermere Dental Practice Limited,1,windermeredentalpractice.co.uk
Windmill Care (2015) Limited,1,windmillcare.com
Windsar Care QECC Ltd,1,queenelizabethcarecentre.co.uk
Windsor Court Care Limited,1,windsorcourtcare.org.uk
Wings Care (North West) LLP,1,wingscare.co.uk
Winners Trophy Limited,1,winnerstrophylimited.com
Winnie Care (Macclesfield) Limited,1,winniecare.co.uk
Winslow Court Limited,1,senadgroup.com
Winslow House Limited,1,winslowhouseltd.co.uk
Winsor Care Group Ltd,1,angelicacare.com
Winsor Care Services Limited,1,winsorcare.co.uk
Wirral Ortho Ltd,1,lakesideorthodontics.co.uk
Wirral University Teaching Hospital NHS Foundation Trust,1,whnt.nhs.uk
Wirrelderly,1,elderholme.co.uk
Wise Support Ltd,1,wisesupport.uk
Wishes Care and Support Yorkshire Ltd,1,wishescareandsupportservices.com
Wishmoor Limited,1,wishmoorresthome.com
Wisteria House Dementia Care Ltd,1,wisteriahousedementiacare.co.uk
Witard Dental Limited,1,carholmedentalgroup.co.uk
Withins (Breightmet) Limited,1,withinsresidentialhome.co.uk
Witney General Practitioners Ltd,1,thenuffieldpractice.co.uk
Woburn Care Company Ltd,1,woburncarecompany.com
Woburn Dental Partnership,1,woburnsandsdentalpractice.co.uk
Woburn Sands Dental Limited,1,woburnsandsdentalpractice.co.uk
Woke Healthcare Ltd,1,wokehealthcare.com
Wolfeton Manor Healthcare Limited,1,wolfetonmanor.co.uk
Wollaton Dental Care,1,wollatondentalcare.co.uk
Wolseley Medical Centre,1,wolseleymedical.com
Wolverhampton Dental,1,wolverhamptondentist.co.uk
Wonersh Surgery,1,wonershsurgery.nhs.uk
Wood Lane Medical Centre,1,myhealth.london.nhs.uk
Woodchurch House Limited,1,woodchurchhouse.co.uk
Woodchurch Surgery,1,woodchurchsurgery.co.uk
Woodcock Road Surgery,1,woodcockroadsurgery.nhs.uk
Woodcote Hall Limited,1,selecthealthcaregroup.com
Woodford House Healthcare Limited,1,hc-one.co.uk
Woodford Medical Limited,1,woodfordmedical.com
Woodhall Care Services Ltd,1,woodhallcareservices.co.uk
Woodham Enterprises Limited,1,woodham-carehomes.co.uk
Woodhouse Care Homes Limited,1,dmphealthcare.co.uk
Woodleigh Healthcare Limited,1,woodleighhealth.co.uk
Woodley Dental Practice Limited,1,wdental.co.uk
Woodley Hotels (Dorset) Limited,1,kelstonecourt.co.uk
Woodrow Retirement Home Limited,1,woodrow-homes.co.uk
Woodside Lodge Limited,1,woodsidelodge.co.uk
Woolstone Medical Centre,1,woolstonemedicalcentre.co.uk
Woosehill Medical Centre,1,wooosehillsurgery.co.uk
Worcestershire Acute Hospitals NHS Trust,1,worcsacute.nhs.uk
Worcestershire County Council,1,worcestershire.gov.uk
Wordsworth Health Centre,1,wordsworthhealthcentre.gpsurgery.net
Working Wires Ltd,1,straighttalkorthodontics.com
Worley Belle Limited,1,radfieldhomecare.co.uk
Wren House Limited,1,wrenhousewarminster.co.uk
Wrenbury Medical Practice,1,wrenburymedicalcentre.co.uk
"Wrightington, Wigan and Leigh Teaching Hospitals NHS Foundation Trust",1,wwl.nhs.uk
Wychbury Medical Group,1,wychburymedicalgroup.co.uk
Wychwood Surgery,1,wychwoodsurgery.co.uk
Wye Valley NHS Trust,1,wyevalley.nhs.uk
Wye Valley Surgery,1,wyevalleysurgery.co.uk
Wyke Regis and Lanehouse Medical Practice,1,wykeregishealthcentre.co.uk
Wykewood Health Care Limited,1,exemplarhc.com
Wyncourt Nursing Home Limited,1,wyncourtnursinghome.co.uk
Wyvern Health Partnership,1,hawthornmedicalcentre.co.uk
XL Care Services Limited,1,xlcareservices.co.uk
Xtra Healthcare Limited,1,xtrahealthcare.com
Y & H Sehmi Ltd,1,park-dental-care.co.uk
YDS Birmingham Ltd,1,yorkshiredentalsuite.co.uk
Yalding Surgery,1,yaldingdoctors.nhs.uk
Yardley Green Medical Centre,1,ygmc.co.uk
Yarm Medical Practice,1,yarmmedicalpractice.nhs.uk
Yas Medics Ltd,1,dermandaclinic.co.uk
Yasnad Limited,1,bluebirdcare.co.uk
Yeoman Care Limited,1,yeomancare.co.uk
Yes Care Limited,1,yescare.co.uk
Yes2Healthcare Ltd,1,yes2healthcare.co.uk
Yeshua Healthcare Ltd,1,yeshuahealthcare.co.uk
Yew Tree Lodge (Holdings) Limited,1,yewtreelodge.com
Yew Tree Medical Centre,1,yewtreecentre.nhs.uk
Yew Tree Nursing Home Limited,1,yewtreecarehome.co.uk
YoD Ltd,1,yodcareservices.com
York Dental Care,1,yorkdentalcare.co.uk
York and Scarborough Teaching Hospitals NHS Foundation Trust,1,yorkhospitals.nhs.uk
Yorkshire Property Investment Fund Limited,1,ernelesthorpcarehome.co.uk
Yorkshire Quality Homecare Ltd,1,rightathome.co.uk
You & I Care Ltd,1,youandicare.co.uk
You Before Me Care Limited,1,youbeforemecare.co.uk
You First Support Services CIC,1,youfirstsupportservices.org.uk
You-Cas Limited,1,you-cas.com
Young Hearts Homecare Ltd,1,rightathome.co.uk
Young at Heart Care Homes Ltd,1,littlecroftcarehome.co.uk
Your Health Limited,1,yourhealthgroup.co.uk
Your Healthcare Community Interest Company,1,yourhealthcare.org
Your Priority Healthcare Ltd,1,yourprioritycarers.com
Your Quality Care Services Limited,1,yourqualitycare.com
Yourgene Health UK Ltd,1,yourgene-health.com
Yourlife Management Services Limited,1,yourlife.co.uk
Zach's Care PVT Ltd,1,zachcareltd.com
Zafash Medical Services Ltd,1,doctors24hours.co.uk
Zaidi Smile Limited,1,suttondentalcentre.org.uk
Zapped Limited,1,zapped.org.uk
Zeenat Nanji & Tasneem Osman,1,southcarehomes.com
Zenithcare Resources Management Services Ltd,1,zenithcarerecruitment.co.uk
Zeno Limited,1,zenoltd.co.uk
Zental Dental Practices Ltd,1,zental.uk
Zero Three Care Homes LLP,1,zerothreecarehomes.co.uk
Zetesmed Ltd,1,butterflydentalpractice.co.uk
Zion Care (St Albans) Limited,1,stalbans-nursinghome.co.uk
Zion Care Services Limited,1,zionhealthcare.co.uk
Zoe's Place Trust,1,zoes-place.org.uk
b2: Chalfont Clinic Ltd,1,b2chalfontclinic.uk
iDental Limited,1,idental-london.com
iMap Centre Limited,1,imapcentre.co.uk
